[
    {
        "Название": "Дон-Строй Инвест",
        "Адрес": "д. Камень-на-Оби, алл. Вокзальная, д. 37 стр. 188, 435093",
        "Количество_этажей": 40,
        "Количество_квартир": 280,
        "Год_постройки": "2001",
        "Тип_материала": "железобетон",
        "Площадь_квартиры": 89,
        "Количество_жителей": 220,
        "Наличие_лифта": true,
        "Наличие_охраны": false,
        "Наличие_парковки": true,
        "Расход_энергии_на_дом": 42100,
        "Наличие_спортивного_зала": false,
        "Расстояние_до_центра": 9,
        "Расстояние_до_метро": 2,
        "Расстояние_до_школы": 4
    },
    {
        "Название": "ЗАО «Рыбаков Елисеев»",
        "Адрес": "ст. Шелехов, пр. Саратовский, д. 92 стр. 509, 435159",
        "Количество_этажей": 26,
        "Количество_квартир": 182,
        "Год_постройки": "1983",
        "Тип_материала": "кирпич",
        "Площадь_квартиры": 80,
        "Количество_жителей": 463,
        "Наличие_лифта": true,
        "Наличие_охраны": false,
        "Наличие_парковки": true,
        "Расход_энергии_на_дом": 25933,
        "Наличие_спортивного_зала": true,
        "Расстояние_до_центра": 18,
        "Расстояние_до_метро": 1,
        "Расстояние_до_школы": 3
    },
    {
        "Название": "Кулагина и партнеры",
        "Адрес": "ст. Кашхатау, ш. Мая 1, д. 5, 624437",
        "Количество_этажей": 44,
        "Количество_квартир": 308,
        "Год_постройки": "2002",
        "Тип_материала": "стекло",
        "Площадь_квартиры": 148,
        "Количество_жителей": 364,
        "Наличие_лифта": true,
        "Наличие_охраны": false,
        "Наличие_парковки": true,
        "Расход_энергии_на_дом": 42007,
        "Наличие_спортивного_зала": true,
        "Расстояние_до_центра": 11,
        "Расстояние_до_метро": 7,
        "Расстояние_до_школы": 5
    },
    {
        "Название": "Андреева Инк",
        "Адрес": "к. Новороссийск, ул. Привокзальная, д. 5/7, 267210",
        "Количество_этажей": 32,
        "Количество_квартир": 224,
        "Год_постройки": "2002",
        "Тип_материала": "кирпич",
        "Площадь_квартиры": 102,
        "Количество_жителей": 139,
        "Наличие_лифта": false,
        "Наличие_охраны": true,
        "Наличие_парковки": false,
        "Расход_энергии_на_дом": 30274,
        "Наличие_спортивного_зала": false,
        "Расстояние_до_центра": 3,
        "Расстояние_до_метро": 4,
        "Расстояние_до_школы": 2
    },
    {
        "Название": "ОАО «Семенов-Шестаков»",
        "Адрес": "ст. Каменск-Уральский, наб. Папанина, д. 194 к. 361, 073992",
        "Количество_этажей": 29,
        "Количество_квартир": 203,
        "Год_постройки": "2006",
        "Тип_материала": "стекло",
        "Площадь_квартиры": 169,
        "Количество_жителей": 451,
        "Наличие_лифта": true,
        "Наличие_охраны": true,
        "Наличие_парковки": false,
        "Расход_энергии_на_дом": 48565,
        "Наличие_спортивного_зала": true,
        "Расстояние_до_центра": 2,
        "Расстояние_до_метро": 8,
        "Расстояние_до_школы": 3
    },
    {
        "Название": "ЗАО «Степанова Васильев»",
        "Адрес": "к. Оленек, ул. Енисейская, д. 3 к. 282, 921057",
        "Количество_этажей": 29,
        "Количество_квартир": 203,
        "Год_постройки": "2003",
        "Тип_материала": "железобетон",
        "Площадь_квартиры": 54,
        "Количество_жителей": 433,
        "Наличие_лифта": true,
        "Наличие_охраны": false,
        "Наличие_парковки": false,
        "Расход_энергии_на_дом": 47544,
        "Наличие_спортивного_зала": false,
        "Расстояние_до_центра": 7,
        "Расстояние_до_метро": 10,
        "Расстояние_до_школы": 5
    },
    {
        "Название": "ИП «Максимова, Суханов и Давыдов»",
        "Адрес": "д. Киренск, наб. Элеваторная, д. 3/4 к. 54, 947208",
        "Количество_этажей": 34,
        "Количество_квартир": 238,
        "Год_постройки": "1994",
        "Тип_материала": "стекло",
        "Площадь_квартиры": 200,
        "Количество_жителей": 309,
        "Наличие_лифта": false,
        "Наличие_охраны": true,
        "Наличие_парковки": true,
        "Расход_энергии_на_дом": 35910,
        "Наличие_спортивного_зала": true,
        "Расстояние_до_центра": 20,
        "Расстояние_до_метро": 2,
        "Расстояние_до_школы": 4
    },
    {
        "Название": "ЗАО «Афанасьева-Яковлев»",
        "Адрес": "п. Кунгур, алл. Рязанская, д. 4/4 к. 7, 511798",
        "Количество_этажей": 31,
        "Количество_квартир": 217,
        "Год_постройки": "1986",
        "Тип_материала": "стекло",
        "Площадь_квартиры": 195,
        "Количество_жителей": 447,
        "Наличие_лифта": false,
        "Наличие_охраны": true,
        "Наличие_парковки": false,
        "Расход_энергии_на_дом": 32010,
        "Наличие_спортивного_зала": false,
        "Расстояние_до_центра": 13,
        "Расстояние_до_метро": 6,
        "Расстояние_до_школы": 5
    },
    {
        "Название": "Меркушев Лтд",
        "Адрес": "д. Нефтегорск (Самар.), ш. Космическое, д. 5 стр. 1/1, 369558",
        "Количество_этажей": 24,
        "Количество_квартир": 168,
        "Год_постройки": "1995",
        "Тип_материала": "стекло",
        "Площадь_квартиры": 167,
        "Количество_жителей": 205,
        "Наличие_лифта": false,
        "Наличие_охраны": true,
        "Наличие_парковки": true,
        "Расход_энергии_на_дом": 17445,
        "Наличие_спортивного_зала": false,
        "Расстояние_до_центра": 13,
        "Расстояние_до_метро": 1,
        "Расстояние_до_школы": 1
    },
    {
        "Название": "Турова Лимитед",
        "Адрес": "с. Холмогоры, ш. Брянское, д. 5 к. 4, 007968",
        "Количество_этажей": 35,
        "Количество_квартир": 245,
        "Год_постройки": "1978",
        "Тип_материала": "кирпич",
        "Площадь_квартиры": 189,
        "Количество_жителей": 285,
        "Наличие_лифта": true,
        "Наличие_охраны": true,
        "Наличие_парковки": false,
        "Расход_энергии_на_дом": 25875,
        "Наличие_спортивного_зала": false,
        "Расстояние_до_центра": 13,
        "Расстояние_до_метро": 3,
        "Расстояние_до_школы": 4
    },
    {
        "Название": "ОАО «Лыткина-Юдина»",
        "Адрес": "п. Партизанск, наб. Малая, д. 32 стр. 69, 672288",
        "Количество_этажей": 22,
        "Количество_квартир": 154,
        "Год_постройки": "2016",
        "Тип_материала": "стекло",
        "Площадь_квартиры": 161,
        "Количество_жителей": 393,
        "Наличие_лифта": true,
        "Наличие_охраны": true,
        "Наличие_парковки": true,
        "Расход_энергии_на_дом": 44114,
        "Наличие_спортивного_зала": true,
        "Расстояние_до_центра": 14,
        "Расстояние_до_метро": 3,
        "Расстояние_до_школы": 1
    },
    {
        "Название": "ООО «Давыдова Рябов»",
        "Адрес": "с. Агинское (Забайк.), ул. Садовая, д. 1/6 к. 787, 469979",
        "Количество_этажей": 29,
        "Количество_квартир": 203,
        "Год_постройки": "1984",
        "Тип_материала": "стекло",
        "Площадь_квартиры": 51,
        "Количество_жителей": 401,
        "Наличие_лифта": true,
        "Наличие_охраны": true,
        "Наличие_парковки": false,
        "Расход_энергии_на_дом": 29407,
        "Наличие_спортивного_зала": false,
        "Расстояние_до_центра": 3,
        "Расстояние_до_метро": 7,
        "Расстояние_до_школы": 2
    },
    {
        "Название": "РАО «Фомичев, Пономарева и Захарова»",
        "Адрес": "к. Солнечногорск, наб. Пригородная, д. 73 к. 985, 526158",
        "Количество_этажей": 32,
        "Количество_квартир": 224,
        "Год_постройки": "1984",
        "Тип_материала": "кирпич",
        "Площадь_квартиры": 75,
        "Количество_жителей": 219,
        "Наличие_лифта": true,
        "Наличие_охраны": true,
        "Наличие_парковки": true,
        "Расход_энергии_на_дом": 36372,
        "Наличие_спортивного_зала": false,
        "Расстояние_до_центра": 15,
        "Расстояние_до_метро": 5,
        "Расстояние_до_школы": 1
    },
    {
        "Название": "Мосгортранс",
        "Адрес": "д. Холмск, пер. Осенний, д. 46, 212325",
        "Количество_этажей": 38,
        "Количество_квартир": 266,
        "Год_постройки": "1981",
        "Тип_материала": "кирпич",
        "Площадь_квартиры": 156,
        "Количество_жителей": 89,
        "Наличие_лифта": false,
        "Наличие_охраны": false,
        "Наличие_парковки": false,
        "Расход_энергии_на_дом": 17169,
        "Наличие_спортивного_зала": false,
        "Расстояние_до_центра": 18,
        "Расстояние_до_метро": 8,
        "Расстояние_до_школы": 4
    },
    {
        "Название": "ИП «Ширяева, Некрасов и Попов»",
        "Адрес": "г. Нальчик, наб. Победа, д. 4/1, 686954",
        "Количество_этажей": 30,
        "Количество_квартир": 210,
        "Год_постройки": "1988",
        "Тип_материала": "стекло",
        "Площадь_квартиры": 197,
        "Количество_жителей": 451,
        "Наличие_лифта": true,
        "Наличие_охраны": true,
        "Наличие_парковки": true,
        "Расход_энергии_на_дом": 20322,
        "Наличие_спортивного_зала": true,
        "Расстояние_до_центра": 12,
        "Расстояние_до_метро": 6,
        "Расстояние_до_школы": 2
    }
]