[
    {
        "Название": "Лапин Лимитед",
        "Адрес": "с. Агата, пр. Хуторской, д. 25 стр. 2, 851134",
        "Количество_этажей": 21,
        "Количество_квартир": 147,
        "Год_постройки": "1979",
        "Тип_материала": "стекло",
        "Площадь_квартиры": 57,
        "Количество_жителей": 280,
        "Наличие_лифта": true,
        "Наличие_охраны": true,
        "Наличие_парковки": true,
        "Расход_энергии_на_дом": 41729,
        "Наличие_спортивного_зала": true,
        "Расстояние_до_центра": 17,
        "Расстояние_до_метро": 5,
        "Расстояние_до_школы": 5
    },
    {
        "Название": "ЗАО «Григорьева, Казаков и Лобанов»",
        "Адрес": "п. Соликамск, ш. Высоковольтное, д. 6/1 стр. 7/5, 984333",
        "Количество_этажей": 42,
        "Количество_квартир": 294,
        "Год_постройки": "2004",
        "Тип_материала": "кирпич",
        "Площадь_квартиры": 107,
        "Количество_жителей": 355,
        "Наличие_лифта": true,
        "Наличие_охраны": true,
        "Наличие_парковки": false,
        "Расход_энергии_на_дом": 23150,
        "Наличие_спортивного_зала": false,
        "Расстояние_до_центра": 12,
        "Расстояние_до_метро": 3,
        "Расстояние_до_школы": 5
    },
    {
        "Название": "ИП «Ширяев»",
        "Адрес": "клх Солнечногорск, ул. Хвойная, д. 603 к. 75, 796393",
        "Количество_этажей": 48,
        "Количество_квартир": 336,
        "Год_постройки": "1982",
        "Тип_материала": "стекло",
        "Площадь_квартиры": 85,
        "Количество_жителей": 486,
        "Наличие_лифта": false,
        "Наличие_охраны": false,
        "Наличие_парковки": false,
        "Расход_энергии_на_дом": 12918,
        "Наличие_спортивного_зала": true,
        "Расстояние_до_центра": 11,
        "Расстояние_до_метро": 1,
        "Расстояние_до_школы": 2
    },
    {
        "Название": "ИП «Орлов»",
        "Адрес": "ст. Шарья, алл. Глинки, д. 102 стр. 357, 464000",
        "Количество_этажей": 42,
        "Количество_квартир": 294,
        "Год_постройки": "2010",
        "Тип_материала": "кирпич",
        "Площадь_квартиры": 115,
        "Количество_жителей": 295,
        "Наличие_лифта": true,
        "Наличие_охраны": true,
        "Наличие_парковки": false,
        "Расход_энергии_на_дом": 34956,
        "Наличие_спортивного_зала": false,
        "Расстояние_до_центра": 11,
        "Расстояние_до_метро": 10,
        "Расстояние_до_школы": 5
    },
    {
        "Название": "АО «Маслова»",
        "Адрес": "клх Юрьев-Польский, бул. Матросова, д. 4 к. 2/7, 491295",
        "Количество_этажей": 38,
        "Количество_квартир": 266,
        "Год_постройки": "1972",
        "Тип_материала": "железобетон",
        "Площадь_квартиры": 140,
        "Количество_жителей": 320,
        "Наличие_лифта": true,
        "Наличие_охраны": true,
        "Наличие_парковки": true,
        "Расход_энергии_на_дом": 36451,
        "Наличие_спортивного_зала": false,
        "Расстояние_до_центра": 19,
        "Расстояние_до_метро": 9,
        "Расстояние_до_школы": 5
    },
    {
        "Название": "ООО «Ларионова, Смирнова и Кузьмин»",
        "Адрес": "г. Истра, ш. Транспортное, д. 2, 099882",
        "Количество_этажей": 49,
        "Количество_квартир": 343,
        "Год_постройки": "2009",
        "Тип_материала": "стекло",
        "Площадь_квартиры": 64,
        "Количество_жителей": 454,
        "Наличие_лифта": true,
        "Наличие_охраны": true,
        "Наличие_парковки": true,
        "Расход_энергии_на_дом": 33191,
        "Наличие_спортивного_зала": false,
        "Расстояние_до_центра": 14,
        "Расстояние_до_метро": 2,
        "Расстояние_до_школы": 3
    },
    {
        "Название": "Калинина Лтд",
        "Адрес": "с. Андреаполь, ш. Приморское, д. 2, 039813",
        "Количество_этажей": 47,
        "Количество_квартир": 329,
        "Год_постройки": "1974",
        "Тип_материала": "железобетон",
        "Площадь_квартиры": 146,
        "Количество_жителей": 78,
        "Наличие_лифта": true,
        "Наличие_охраны": true,
        "Наличие_парковки": true,
        "Расход_энергии_на_дом": 21957,
        "Наличие_спортивного_зала": false,
        "Расстояние_до_центра": 6,
        "Расстояние_до_метро": 4,
        "Расстояние_до_школы": 1
    },
    {
        "Название": "ОАО «Агафонов-Ларионов»",
        "Адрес": "д. Буйнакск, алл. Серафимовича, д. 8/7 стр. 8/8, 006706",
        "Количество_этажей": 38,
        "Количество_квартир": 266,
        "Год_постройки": "1989",
        "Тип_материала": "стекло",
        "Площадь_квартиры": 154,
        "Количество_жителей": 58,
        "Наличие_лифта": false,
        "Наличие_охраны": true,
        "Наличие_парковки": true,
        "Расход_энергии_на_дом": 21367,
        "Наличие_спортивного_зала": true,
        "Расстояние_до_центра": 13,
        "Расстояние_до_метро": 8,
        "Расстояние_до_школы": 3
    },
    {
        "Название": "ОАО «Рябова, Борисова и Колобов»",
        "Адрес": "д. Канск, бул. Тюленина, д. 3/2 к. 991, 824000",
        "Количество_этажей": 32,
        "Количество_квартир": 224,
        "Год_постройки": "2009",
        "Тип_материала": "кирпич",
        "Площадь_квартиры": 104,
        "Количество_жителей": 60,
        "Наличие_лифта": true,
        "Наличие_охраны": true,
        "Наличие_парковки": false,
        "Расход_энергии_на_дом": 12878,
        "Наличие_спортивного_зала": true,
        "Расстояние_до_центра": 7,
        "Расстояние_до_метро": 7,
        "Расстояние_до_школы": 1
    },
    {
        "Название": "ЗАО «Калашникова»",
        "Адрес": "клх Раменское, пр. Пушкина, д. 5, 403901",
        "Количество_этажей": 49,
        "Количество_квартир": 343,
        "Год_постройки": "1980",
        "Тип_материала": "кирпич",
        "Площадь_квартиры": 82,
        "Количество_жителей": 236,
        "Наличие_лифта": true,
        "Наличие_охраны": true,
        "Наличие_парковки": false,
        "Расход_энергии_на_дом": 43054,
        "Наличие_спортивного_зала": false,
        "Расстояние_до_центра": 1,
        "Расстояние_до_метро": 9,
        "Расстояние_до_школы": 3
    },
    {
        "Название": "ОАО «Афанасьева Блохина»",
        "Адрес": "ст. Ардон, пер. Радищева, д. 33, 957311",
        "Количество_этажей": 28,
        "Количество_квартир": 196,
        "Год_постройки": "2011",
        "Тип_материала": "кирпич",
        "Площадь_квартиры": 196,
        "Количество_жителей": 171,
        "Наличие_лифта": true,
        "Наличие_охраны": true,
        "Наличие_парковки": true,
        "Расход_энергии_на_дом": 30518,
        "Наличие_спортивного_зала": true,
        "Расстояние_до_центра": 12,
        "Расстояние_до_метро": 7,
        "Расстояние_до_школы": 2
    },
    {
        "Название": "НПО «Турова-Носов»",
        "Адрес": "д. Лысьва, ш. Лесное, д. 117 к. 3, 386820",
        "Количество_этажей": 47,
        "Количество_квартир": 329,
        "Год_постройки": "1992",
        "Тип_материала": "железобетон",
        "Площадь_квартиры": 62,
        "Количество_жителей": 472,
        "Наличие_лифта": true,
        "Наличие_охраны": true,
        "Наличие_парковки": true,
        "Расход_энергии_на_дом": 42124,
        "Наличие_спортивного_зала": true,
        "Расстояние_до_центра": 15,
        "Расстояние_до_метро": 1,
        "Расстояние_до_школы": 2
    },
    {
        "Название": "РАО «Попова-Куликова»",
        "Адрес": "п. Дмитров, ш. Кирова, д. 63 к. 677, 110194",
        "Количество_этажей": 33,
        "Количество_квартир": 231,
        "Год_постройки": "1994",
        "Тип_материала": "кирпич",
        "Площадь_квартиры": 191,
        "Количество_жителей": 471,
        "Наличие_лифта": true,
        "Наличие_охраны": true,
        "Наличие_парковки": true,
        "Расход_энергии_на_дом": 32872,
        "Наличие_спортивного_зала": true,
        "Расстояние_до_центра": 16,
        "Расстояние_до_метро": 1,
        "Расстояние_до_школы": 2
    },
    {
        "Название": "ИП «Киселева-Константинова»",
        "Адрес": "д. Магадан, наб. Шоссейная, д. 948 к. 7/4, 569163",
        "Количество_этажей": 25,
        "Количество_квартир": 175,
        "Год_постройки": "2006",
        "Тип_материала": "железобетон",
        "Площадь_квартиры": 138,
        "Количество_жителей": 236,
        "Наличие_лифта": true,
        "Наличие_охраны": true,
        "Наличие_парковки": true,
        "Расход_энергии_на_дом": 43022,
        "Наличие_спортивного_зала": false,
        "Расстояние_до_центра": 11,
        "Расстояние_до_метро": 3,
        "Расстояние_до_школы": 5
    },
    {
        "Название": "НПО «Казаков, Стрелкова и Логинов»",
        "Адрес": "д. Осташков, наб. Гоголя, д. 8/4, 625444",
        "Количество_этажей": 32,
        "Количество_квартир": 224,
        "Год_постройки": "1979",
        "Тип_материала": "железобетон",
        "Площадь_квартиры": 55,
        "Количество_жителей": 197,
        "Наличие_лифта": true,
        "Наличие_охраны": false,
        "Наличие_парковки": true,
        "Расход_энергии_на_дом": 13674,
        "Наличие_спортивного_зала": false,
        "Расстояние_до_центра": 1,
        "Расстояние_до_метро": 5,
        "Расстояние_до_школы": 5
    }
]