[
    {
        "Название": "ИП «Щербаков Фомина»",
        "Адрес": "д. Луховицы, пр. Бригадный, д. 2/4 к. 63, 404108",
        "Количество_этажей": 25,
        "Количество_квартир": 175,
        "Год_постройки": "1998",
        "Тип_материала": "железобетон",
        "Площадь_квартиры": 103,
        "Количество_жителей": 420,
        "Наличие_лифта": true,
        "Наличие_охраны": true,
        "Наличие_парковки": false,
        "Расход_энергии_на_дом": 10663,
        "Наличие_спортивного_зала": true,
        "Расстояние_до_центра": 5,
        "Расстояние_до_метро": 6,
        "Расстояние_до_школы": 2
    },
    {
        "Название": "РАО «Миронов»",
        "Адрес": "д. Нефедова, пр. Ясный, д. 23 стр. 8, 161101",
        "Количество_этажей": 28,
        "Количество_квартир": 196,
        "Год_постройки": "1987",
        "Тип_материала": "железобетон",
        "Площадь_квартиры": 139,
        "Количество_жителей": 173,
        "Наличие_лифта": true,
        "Наличие_охраны": false,
        "Наличие_парковки": true,
        "Расход_энергии_на_дом": 36734,
        "Наличие_спортивного_зала": false,
        "Расстояние_до_центра": 17,
        "Расстояние_до_метро": 10,
        "Расстояние_до_школы": 1
    },
    {
        "Название": "ООО «Егоров»",
        "Адрес": "клх Славгород, пр. Журавлева, д. 91 стр. 6, 186968",
        "Количество_этажей": 21,
        "Количество_квартир": 147,
        "Год_постройки": "2000",
        "Тип_материала": "кирпич",
        "Площадь_квартиры": 141,
        "Количество_жителей": 438,
        "Наличие_лифта": true,
        "Наличие_охраны": false,
        "Наличие_парковки": false,
        "Расход_энергии_на_дом": 10326,
        "Наличие_спортивного_зала": false,
        "Расстояние_до_центра": 20,
        "Расстояние_до_метро": 5,
        "Расстояние_до_школы": 3
    },
    {
        "Название": "Бургер Рус (Burger King)",
        "Адрес": "клх Чегем, алл. Партизанская, д. 167, 700419",
        "Количество_этажей": 49,
        "Количество_квартир": 343,
        "Год_постройки": "2019",
        "Тип_материала": "кирпич",
        "Площадь_квартиры": 188,
        "Количество_жителей": 64,
        "Наличие_лифта": true,
        "Наличие_охраны": true,
        "Наличие_парковки": false,
        "Расход_энергии_на_дом": 23832,
        "Наличие_спортивного_зала": false,
        "Расстояние_до_центра": 9,
        "Расстояние_до_метро": 2,
        "Расстояние_до_школы": 4
    },
    {
        "Название": "РАО «Шилова-Козлова»",
        "Адрес": "г. Пышма, пер. Пролетарский, д. 9, 663960",
        "Количество_этажей": 38,
        "Количество_квартир": 266,
        "Год_постройки": "2013",
        "Тип_материала": "стекло",
        "Площадь_квартиры": 71,
        "Количество_жителей": 89,
        "Наличие_лифта": true,
        "Наличие_охраны": true,
        "Наличие_парковки": false,
        "Расход_энергии_на_дом": 11977,
        "Наличие_спортивного_зала": true,
        "Расстояние_до_центра": 4,
        "Расстояние_до_метро": 4,
        "Расстояние_до_школы": 3
    },
    {
        "Название": "НПО «Никитина»",
        "Адрес": "с. Одинцово, пер. Заводской, д. 1, 497450",
        "Количество_этажей": 20,
        "Количество_квартир": 140,
        "Год_постройки": "2000",
        "Тип_материала": "железобетон",
        "Площадь_квартиры": 190,
        "Количество_жителей": 138,
        "Наличие_лифта": true,
        "Наличие_охраны": true,
        "Наличие_парковки": false,
        "Расход_энергии_на_дом": 12005,
        "Наличие_спортивного_зала": false,
        "Расстояние_до_центра": 10,
        "Расстояние_до_метро": 9,
        "Расстояние_до_школы": 1
    },
    {
        "Название": "ЗАО «Сысоева-Егоров»",
        "Адрес": "ст. Оленегорск (Якут.), пр. Горный, д. 3/7 к. 3/1, 606728",
        "Количество_этажей": 40,
        "Количество_квартир": 280,
        "Год_постройки": "1994",
        "Тип_материала": "кирпич",
        "Площадь_квартиры": 66,
        "Количество_жителей": 461,
        "Наличие_лифта": true,
        "Наличие_охраны": true,
        "Наличие_парковки": true,
        "Расход_энергии_на_дом": 24330,
        "Наличие_спортивного_зала": false,
        "Расстояние_до_центра": 13,
        "Расстояние_до_метро": 9,
        "Расстояние_до_школы": 3
    },
    {
        "Название": "РАО «Волков-Сидоров»",
        "Адрес": "п. Усть-Джегута, пр. Блюхера, д. 96, 277184",
        "Количество_этажей": 33,
        "Количество_квартир": 231,
        "Год_постройки": "2008",
        "Тип_материала": "железобетон",
        "Площадь_квартиры": 156,
        "Количество_жителей": 295,
        "Наличие_лифта": false,
        "Наличие_охраны": true,
        "Наличие_парковки": false,
        "Расход_энергии_на_дом": 10630,
        "Наличие_спортивного_зала": false,
        "Расстояние_до_центра": 10,
        "Расстояние_до_метро": 6,
        "Расстояние_до_школы": 5
    },
    {
        "Название": "ООО «Колесникова Терентьев»",
        "Адрес": "к. Туруханск, наб. Лесхозная, д. 45 стр. 167, 337441",
        "Количество_этажей": 40,
        "Количество_квартир": 280,
        "Год_постройки": "2010",
        "Тип_материала": "стекло",
        "Площадь_квартиры": 84,
        "Количество_жителей": 452,
        "Наличие_лифта": true,
        "Наличие_охраны": true,
        "Наличие_парковки": false,
        "Расход_энергии_на_дом": 14751,
        "Наличие_спортивного_зала": false,
        "Расстояние_до_центра": 17,
        "Расстояние_до_метро": 6,
        "Расстояние_до_школы": 2
    },
    {
        "Название": "ООО «Соболева-Маслов»",
        "Адрес": "ст. Теберда, ул. Сенная, д. 4/3 стр. 3, 507947",
        "Количество_этажей": 36,
        "Количество_квартир": 252,
        "Год_постройки": "1984",
        "Тип_материала": "железобетон",
        "Площадь_квартиры": 80,
        "Количество_жителей": 251,
        "Наличие_лифта": true,
        "Наличие_охраны": true,
        "Наличие_парковки": true,
        "Расход_энергии_на_дом": 14720,
        "Наличие_спортивного_зала": false,
        "Расстояние_до_центра": 2,
        "Расстояние_до_метро": 2,
        "Расстояние_до_школы": 1
    },
    {
        "Название": "ОАО «Елисеев, Захаров и Беспалов»",
        "Адрес": "клх Камышин, алл. Западная, д. 5/1 к. 8/4, 934815",
        "Количество_этажей": 38,
        "Количество_квартир": 266,
        "Год_постройки": "1973",
        "Тип_материала": "кирпич",
        "Площадь_квартиры": 119,
        "Количество_жителей": 109,
        "Наличие_лифта": true,
        "Наличие_охраны": false,
        "Наличие_парковки": false,
        "Расход_энергии_на_дом": 13462,
        "Наличие_спортивного_зала": false,
        "Расстояние_до_центра": 11,
        "Расстояние_до_метро": 3,
        "Расстояние_до_школы": 3
    },
    {
        "Название": "НПО «Ершов, Лебедев и Игнатьева»",
        "Адрес": "г. Елатьма, пер. Кольцевой, д. 3, 852156",
        "Количество_этажей": 45,
        "Количество_квартир": 315,
        "Год_постройки": "1972",
        "Тип_материала": "кирпич",
        "Площадь_квартиры": 95,
        "Количество_жителей": 448,
        "Наличие_лифта": true,
        "Наличие_охраны": false,
        "Наличие_парковки": true,
        "Расход_энергии_на_дом": 33620,
        "Наличие_спортивного_зала": false,
        "Расстояние_до_центра": 10,
        "Расстояние_до_метро": 9,
        "Расстояние_до_школы": 5
    },
    {
        "Название": "Павлов Лимитед",
        "Адрес": "клх Туруханск, бул. Покровский, д. 4/2 стр. 933, 871881",
        "Количество_этажей": 34,
        "Количество_квартир": 238,
        "Год_постройки": "2004",
        "Тип_материала": "стекло",
        "Площадь_квартиры": 158,
        "Количество_жителей": 243,
        "Наличие_лифта": true,
        "Наличие_охраны": true,
        "Наличие_парковки": true,
        "Расход_энергии_на_дом": 14369,
        "Наличие_спортивного_зала": true,
        "Расстояние_до_центра": 11,
        "Расстояние_до_метро": 8,
        "Расстояние_до_школы": 1
    },
    {
        "Название": "Наумов Инк",
        "Адрес": "п. Сосногорск, пр. Нагорный, д. 4 стр. 1, 539692",
        "Количество_этажей": 30,
        "Количество_квартир": 210,
        "Год_постройки": "1987",
        "Тип_материала": "железобетон",
        "Площадь_квартиры": 112,
        "Количество_жителей": 52,
        "Наличие_лифта": true,
        "Наличие_охраны": true,
        "Наличие_парковки": false,
        "Расход_энергии_на_дом": 14823,
        "Наличие_спортивного_зала": false,
        "Расстояние_до_центра": 8,
        "Расстояние_до_метро": 5,
        "Расстояние_до_школы": 4
    },
    {
        "Название": "ОАО «Мясникова Евдокимов»",
        "Адрес": "г. Шумиха, бул. Челюскинцев, д. 215 к. 2/7, 542130",
        "Количество_этажей": 37,
        "Количество_квартир": 259,
        "Год_постройки": "1975",
        "Тип_материала": "железобетон",
        "Площадь_квартиры": 135,
        "Количество_жителей": 144,
        "Наличие_лифта": false,
        "Наличие_охраны": true,
        "Наличие_парковки": true,
        "Расход_энергии_на_дом": 27722,
        "Наличие_спортивного_зала": false,
        "Расстояние_до_центра": 7,
        "Расстояние_до_метро": 9,
        "Расстояние_до_школы": 2
    }
]