[
    {
        "Название": "Беляева и партнеры",
        "Адрес": "г. Кедровый, алл. Тупиковая, д. 5 к. 80, 786316",
        "Количество_этажей": 26,
        "Количество_квартир": 182,
        "Год_постройки": "2008",
        "Тип_материала": "кирпич",
        "Площадь_квартиры": 103,
        "Количество_жителей": 486,
        "Наличие_лифта": true,
        "Наличие_охраны": true,
        "Наличие_парковки": true,
        "Расход_энергии_на_дом": 31503,
        "Наличие_спортивного_зала": false,
        "Расстояние_до_центра": 4,
        "Расстояние_до_метро": 10,
        "Расстояние_до_школы": 2
    },
    {
        "Название": "АО «Кириллова Костин»",
        "Адрес": "п. Озеры, пер. Карбышева, д. 4 к. 78, 415828",
        "Количество_этажей": 50,
        "Количество_квартир": 350,
        "Год_постройки": "2021",
        "Тип_материала": "кирпич",
        "Площадь_квартиры": 114,
        "Количество_жителей": 86,
        "Наличие_лифта": true,
        "Наличие_охраны": true,
        "Наличие_парковки": false,
        "Расход_энергии_на_дом": 47280,
        "Наличие_спортивного_зала": true,
        "Расстояние_до_центра": 16,
        "Расстояние_до_метро": 3,
        "Расстояние_до_школы": 5
    },
    {
        "Название": "РАО «Мясников-Бирюкова»",
        "Адрес": "д. Нязепетровск, наб. Фабричная, д. 5/3 к. 6/5, 845046",
        "Количество_этажей": 29,
        "Количество_квартир": 203,
        "Год_постройки": "2018",
        "Тип_материала": "железобетон",
        "Площадь_квартиры": 71,
        "Количество_жителей": 228,
        "Наличие_лифта": false,
        "Наличие_охраны": false,
        "Наличие_парковки": true,
        "Расход_энергии_на_дом": 34048,
        "Наличие_спортивного_зала": false,
        "Расстояние_до_центра": 15,
        "Расстояние_до_метро": 1,
        "Расстояние_до_школы": 2
    },
    {
        "Название": "НПО «Казакова-Тихонова»",
        "Адрес": "ст. Котельнич, пер. Тимирязева, д. 74, 793174",
        "Количество_этажей": 21,
        "Количество_квартир": 147,
        "Год_постройки": "2017",
        "Тип_материала": "стекло",
        "Площадь_квартиры": 172,
        "Количество_жителей": 284,
        "Наличие_лифта": true,
        "Наличие_охраны": false,
        "Наличие_парковки": false,
        "Расход_энергии_на_дом": 48912,
        "Наличие_спортивного_зала": true,
        "Расстояние_до_центра": 12,
        "Расстояние_до_метро": 6,
        "Расстояние_до_школы": 4
    },
    {
        "Название": "Уральские локомотивы",
        "Адрес": "г. Апрелевка, ш. Специалистов, д. 913 к. 4, 161715",
        "Количество_этажей": 37,
        "Количество_квартир": 259,
        "Год_постройки": "2010",
        "Тип_материала": "железобетон",
        "Площадь_квартиры": 171,
        "Количество_жителей": 54,
        "Наличие_лифта": true,
        "Наличие_охраны": true,
        "Наличие_парковки": false,
        "Расход_энергии_на_дом": 49782,
        "Наличие_спортивного_зала": true,
        "Расстояние_до_центра": 14,
        "Расстояние_до_метро": 5,
        "Расстояние_до_школы": 4
    },
    {
        "Название": "Росбанк (Societe General)",
        "Адрес": "с. Истра, ш. Шоссейное, д. 8/9, 268372",
        "Количество_этажей": 36,
        "Количество_квартир": 252,
        "Год_постройки": "1985",
        "Тип_материала": "стекло",
        "Площадь_квартиры": 86,
        "Количество_жителей": 178,
        "Наличие_лифта": true,
        "Наличие_охраны": true,
        "Наличие_парковки": false,
        "Расход_энергии_на_дом": 25733,
        "Наличие_спортивного_зала": false,
        "Расстояние_до_центра": 6,
        "Расстояние_до_метро": 10,
        "Расстояние_до_школы": 2
    },
    {
        "Название": "НПО «Миронова»",
        "Адрес": "ст. Талдом, пр. Войкова, д. 92 стр. 662, 088390",
        "Количество_этажей": 28,
        "Количество_квартир": 196,
        "Год_постройки": "1976",
        "Тип_материала": "стекло",
        "Площадь_квартиры": 129,
        "Количество_жителей": 64,
        "Наличие_лифта": true,
        "Наличие_охраны": true,
        "Наличие_парковки": true,
        "Расход_энергии_на_дом": 21081,
        "Наличие_спортивного_зала": true,
        "Расстояние_до_центра": 20,
        "Расстояние_до_метро": 8,
        "Расстояние_до_школы": 1
    },
    {
        "Название": "ОАО «Борисова Киселева»",
        "Адрес": "ст. Енисейск, наб. Лермонтова, д. 595, 305169",
        "Количество_этажей": 26,
        "Количество_квартир": 182,
        "Год_постройки": "1973",
        "Тип_материала": "кирпич",
        "Площадь_квартиры": 101,
        "Количество_жителей": 97,
        "Наличие_лифта": false,
        "Наличие_охраны": true,
        "Наличие_парковки": true,
        "Расход_энергии_на_дом": 35265,
        "Наличие_спортивного_зала": false,
        "Расстояние_до_центра": 8,
        "Расстояние_до_метро": 5,
        "Расстояние_до_школы": 2
    },
    {
        "Название": "ОАО «Брагин Хохлов»",
        "Адрес": "с. Кудымкар, пер. Пионерский, д. 12 стр. 9, 172209",
        "Количество_этажей": 22,
        "Количество_квартир": 154,
        "Год_постройки": "2008",
        "Тип_материала": "железобетон",
        "Площадь_квартиры": 166,
        "Количество_жителей": 433,
        "Наличие_лифта": true,
        "Наличие_охраны": true,
        "Наличие_парковки": true,
        "Расход_энергии_на_дом": 38875,
        "Наличие_спортивного_зала": true,
        "Расстояние_до_центра": 8,
        "Расстояние_до_метро": 2,
        "Расстояние_до_школы": 3
    },
    {
        "Название": "ООО «Мясникова»",
        "Адрес": "г. Губаха, ул. Белинского, д. 85 к. 541, 581467",
        "Количество_этажей": 26,
        "Количество_квартир": 182,
        "Год_постройки": "2007",
        "Тип_материала": "стекло",
        "Площадь_квартиры": 60,
        "Количество_жителей": 415,
        "Наличие_лифта": true,
        "Наличие_охраны": true,
        "Наличие_парковки": false,
        "Расход_энергии_на_дом": 19707,
        "Наличие_спортивного_зала": false,
        "Расстояние_до_центра": 15,
        "Расстояние_до_метро": 10,
        "Расстояние_до_школы": 2
    },
    {
        "Название": "ООО «Фадеева»",
        "Адрес": "п. Асбест, пр. Молодежный, д. 68 к. 9/9, 730488",
        "Количество_этажей": 25,
        "Количество_квартир": 175,
        "Год_постройки": "2013",
        "Тип_материала": "стекло",
        "Площадь_квартиры": 120,
        "Количество_жителей": 469,
        "Наличие_лифта": false,
        "Наличие_охраны": false,
        "Наличие_парковки": true,
        "Расход_энергии_на_дом": 12943,
        "Наличие_спортивного_зала": false,
        "Расстояние_до_центра": 19,
        "Расстояние_до_метро": 8,
        "Расстояние_до_школы": 3
    },
    {
        "Название": "ООО «Мамонтова-Потапов»",
        "Адрес": "д. Агата, ул. Грибоедова, д. 2/5 к. 956, 915723",
        "Количество_этажей": 46,
        "Количество_квартир": 322,
        "Год_постройки": "1981",
        "Тип_материала": "железобетон",
        "Площадь_квартиры": 189,
        "Количество_жителей": 125,
        "Наличие_лифта": true,
        "Наличие_охраны": true,
        "Наличие_парковки": true,
        "Расход_энергии_на_дом": 26218,
        "Наличие_спортивного_зала": false,
        "Расстояние_до_центра": 11,
        "Расстояние_до_метро": 4,
        "Расстояние_до_школы": 3
    },
    {
        "Название": "РАО «Комиссарова-Николаев»",
        "Адрес": "с. Валдай, пр. Сахалинский, д. 5 стр. 2/6, 182296",
        "Количество_этажей": 47,
        "Количество_квартир": 329,
        "Год_постройки": "2001",
        "Тип_материала": "железобетон",
        "Площадь_квартиры": 161,
        "Количество_жителей": 493,
        "Наличие_лифта": true,
        "Наличие_охраны": false,
        "Наличие_парковки": false,
        "Расход_энергии_на_дом": 22487,
        "Наличие_спортивного_зала": true,
        "Расстояние_до_центра": 16,
        "Расстояние_до_метро": 1,
        "Расстояние_до_школы": 2
    },
    {
        "Название": "ОАО «Уваров-Кошелева»",
        "Адрес": "клх Сочи, ул. Сплавная, д. 214 к. 179, 143058",
        "Количество_этажей": 49,
        "Количество_квартир": 343,
        "Год_постройки": "1977",
        "Тип_материала": "железобетон",
        "Площадь_квартиры": 131,
        "Количество_жителей": 253,
        "Наличие_лифта": true,
        "Наличие_охраны": true,
        "Наличие_парковки": true,
        "Расход_энергии_на_дом": 48069,
        "Наличие_спортивного_зала": true,
        "Расстояние_до_центра": 6,
        "Расстояние_до_метро": 8,
        "Расстояние_до_школы": 2
    },
    {
        "Название": "Сетевая компания",
        "Адрес": "с. Усмань, бул. Речной, д. 5 к. 9, 770812",
        "Количество_этажей": 23,
        "Количество_квартир": 161,
        "Год_постройки": "2022",
        "Тип_материала": "стекло",
        "Площадь_квартиры": 124,
        "Количество_жителей": 386,
        "Наличие_лифта": true,
        "Наличие_охраны": false,
        "Наличие_парковки": false,
        "Расход_энергии_на_дом": 26874,
        "Наличие_спортивного_зала": true,
        "Расстояние_до_центра": 8,
        "Расстояние_до_метро": 1,
        "Расстояние_до_школы": 5
    }
]