[
    {
        "Название": "Группа Нэфис",
        "Адрес": "ст. Карабудахкент, пр. Фабричный, д. 25, 170597",
        "Количество_этажей": 48,
        "Количество_квартир": 336,
        "Год_постройки": "2000",
        "Тип_материала": "кирпич",
        "Площадь_квартиры": 70,
        "Количество_жителей": 160,
        "Наличие_лифта": true,
        "Наличие_охраны": true,
        "Наличие_парковки": true,
        "Расход_энергии_на_дом": 38878,
        "Наличие_спортивного_зала": true,
        "Расстояние_до_центра": 18,
        "Расстояние_до_метро": 1,
        "Расстояние_до_школы": 3
    },
    {
        "Название": "ОАО «Волков Анисимова»",
        "Адрес": "к. Ярославль, бул. Южный, д. 2, 875913",
        "Количество_этажей": 37,
        "Количество_квартир": 259,
        "Год_постройки": "1972",
        "Тип_материала": "железобетон",
        "Площадь_квартиры": 150,
        "Количество_жителей": 133,
        "Наличие_лифта": true,
        "Наличие_охраны": true,
        "Наличие_парковки": true,
        "Расход_энергии_на_дом": 24937,
        "Наличие_спортивного_зала": false,
        "Расстояние_до_центра": 9,
        "Расстояние_до_метро": 10,
        "Расстояние_до_школы": 3
    },
    {
        "Название": "ИП «Дьячков, Быкова и Кудрявцева»",
        "Адрес": "д. Малая Вишера, пр. Привольный, д. 98, 148113",
        "Количество_этажей": 49,
        "Количество_квартир": 343,
        "Год_постройки": "2021",
        "Тип_материала": "стекло",
        "Площадь_квартиры": 61,
        "Количество_жителей": 431,
        "Наличие_лифта": true,
        "Наличие_охраны": true,
        "Наличие_парковки": true,
        "Расход_энергии_на_дом": 45113,
        "Наличие_спортивного_зала": false,
        "Расстояние_до_центра": 5,
        "Расстояние_до_метро": 9,
        "Расстояние_до_школы": 5
    },
    {
        "Название": "ООО «Гурьев, Третьяков и Петухова»",
        "Адрес": "клх Аргаяш, пер. Шишкина, д. 58 к. 2/3, 636367",
        "Количество_этажей": 25,
        "Количество_квартир": 175,
        "Год_постройки": "1975",
        "Тип_материала": "кирпич",
        "Площадь_квартиры": 98,
        "Количество_жителей": 87,
        "Наличие_лифта": true,
        "Наличие_охраны": true,
        "Наличие_парковки": true,
        "Расход_энергии_на_дом": 42067,
        "Наличие_спортивного_зала": false,
        "Расстояние_до_центра": 14,
        "Расстояние_до_метро": 5,
        "Расстояние_до_школы": 3
    },
    {
        "Название": "ЗАО «Брагин Королева»",
        "Адрес": "к. Кяхта, наб. Суворова, д. 7/3 стр. 259, 521463",
        "Количество_этажей": 34,
        "Количество_квартир": 238,
        "Год_постройки": "1995",
        "Тип_материала": "кирпич",
        "Площадь_квартиры": 121,
        "Количество_жителей": 150,
        "Наличие_лифта": true,
        "Наличие_охраны": false,
        "Наличие_парковки": true,
        "Расход_энергии_на_дом": 44722,
        "Наличие_спортивного_зала": false,
        "Расстояние_до_центра": 17,
        "Расстояние_до_метро": 2,
        "Расстояние_до_школы": 2
    },
    {
        "Название": "АО «Князева, Макарова и Федосеева»",
        "Адрес": "г. Озеры, наб. Жукова, д. 89 стр. 2/9, 752870",
        "Количество_этажей": 30,
        "Количество_квартир": 210,
        "Год_постройки": "1970",
        "Тип_материала": "кирпич",
        "Площадь_квартиры": 139,
        "Количество_жителей": 363,
        "Наличие_лифта": true,
        "Наличие_охраны": true,
        "Наличие_парковки": false,
        "Расход_энергии_на_дом": 45320,
        "Наличие_спортивного_зала": true,
        "Расстояние_до_центра": 5,
        "Расстояние_до_метро": 7,
        "Расстояние_до_школы": 4
    },
    {
        "Название": "Продимекс-Холдинг",
        "Адрес": "с. Миасс, бул. Маркса, д. 324, 354780",
        "Количество_этажей": 34,
        "Количество_квартир": 238,
        "Год_постройки": "2008",
        "Тип_материала": "стекло",
        "Площадь_квартиры": 183,
        "Количество_жителей": 210,
        "Наличие_лифта": false,
        "Наличие_охраны": true,
        "Наличие_парковки": true,
        "Расход_энергии_на_дом": 17830,
        "Наличие_спортивного_зала": false,
        "Расстояние_до_центра": 19,
        "Расстояние_до_метро": 8,
        "Расстояние_до_школы": 2
    },
    {
        "Название": "ИП «Марков Карпова»",
        "Адрес": "г. Лодейное Поле, пер. Стахановский, д. 330 к. 622, 279652",
        "Количество_этажей": 37,
        "Количество_квартир": 259,
        "Год_постройки": "1984",
        "Тип_материала": "кирпич",
        "Площадь_квартиры": 113,
        "Количество_жителей": 74,
        "Наличие_лифта": true,
        "Наличие_охраны": false,
        "Наличие_парковки": true,
        "Расход_энергии_на_дом": 33548,
        "Наличие_спортивного_зала": false,
        "Расстояние_до_центра": 10,
        "Расстояние_до_метро": 3,
        "Расстояние_до_школы": 3
    },
    {
        "Название": "АО «Мухина, Смирнова и Васильева»",
        "Адрес": "ст. Амурск, бул. Дарвина, д. 6 стр. 89, 946777",
        "Количество_этажей": 42,
        "Количество_квартир": 294,
        "Год_постройки": "1978",
        "Тип_материала": "железобетон",
        "Площадь_квартиры": 191,
        "Количество_жителей": 380,
        "Наличие_лифта": true,
        "Наличие_охраны": true,
        "Наличие_парковки": false,
        "Расход_энергии_на_дом": 25389,
        "Наличие_спортивного_зала": true,
        "Расстояние_до_центра": 7,
        "Расстояние_до_метро": 8,
        "Расстояние_до_школы": 1
    },
    {
        "Название": "АО «Гуляев»",
        "Адрес": "д. Териберка, ул. Балтийская, д. 9/3 к. 29, 030373",
        "Количество_этажей": 24,
        "Количество_квартир": 168,
        "Год_постройки": "2004",
        "Тип_материала": "кирпич",
        "Площадь_квартиры": 59,
        "Количество_жителей": 228,
        "Наличие_лифта": true,
        "Наличие_охраны": false,
        "Наличие_парковки": true,
        "Расход_энергии_на_дом": 31866,
        "Наличие_спортивного_зала": false,
        "Расстояние_до_центра": 13,
        "Расстояние_до_метро": 10,
        "Расстояние_до_школы": 1
    },
    {
        "Название": "РАО «Фокина Иванов»",
        "Адрес": "к. Шилка, ул. Выгонная, д. 2/6 стр. 6, 069363",
        "Количество_этажей": 31,
        "Количество_квартир": 217,
        "Год_постройки": "1991",
        "Тип_материала": "железобетон",
        "Площадь_квартиры": 106,
        "Количество_жителей": 77,
        "Наличие_лифта": false,
        "Наличие_охраны": true,
        "Наличие_парковки": true,
        "Расход_энергии_на_дом": 29424,
        "Наличие_спортивного_зала": true,
        "Расстояние_до_центра": 20,
        "Расстояние_до_метро": 6,
        "Расстояние_до_школы": 3
    },
    {
        "Название": "ОАО «Мамонтова Зайцев»",
        "Адрес": "клх Жиганск, ш. Космонавтов, д. 709, 680339",
        "Количество_этажей": 29,
        "Количество_квартир": 203,
        "Год_постройки": "1981",
        "Тип_материала": "железобетон",
        "Площадь_квартиры": 146,
        "Количество_жителей": 415,
        "Наличие_лифта": true,
        "Наличие_охраны": true,
        "Наличие_парковки": false,
        "Расход_энергии_на_дом": 22054,
        "Наличие_спортивного_зала": true,
        "Расстояние_до_центра": 5,
        "Расстояние_до_метро": 5,
        "Расстояние_до_школы": 2
    },
    {
        "Название": "Костина Лимитед",
        "Адрес": "ст. Добрянка, наб. Кооперативная, д. 9/4, 110029",
        "Количество_этажей": 33,
        "Количество_квартир": 231,
        "Год_постройки": "2008",
        "Тип_материала": "кирпич",
        "Площадь_квартиры": 147,
        "Количество_жителей": 56,
        "Наличие_лифта": true,
        "Наличие_охраны": false,
        "Наличие_парковки": false,
        "Расход_энергии_на_дом": 25758,
        "Наличие_спортивного_зала": false,
        "Расстояние_до_центра": 11,
        "Расстояние_до_метро": 10,
        "Расстояние_до_школы": 5
    },
    {
        "Название": "РАО «Филиппова»",
        "Адрес": "ст. Диксон, ш. Кузнечное, д. 517 к. 1/9, 211904",
        "Количество_этажей": 22,
        "Количество_квартир": 154,
        "Год_постройки": "2013",
        "Тип_материала": "стекло",
        "Площадь_квартиры": 76,
        "Количество_жителей": 193,
        "Наличие_лифта": true,
        "Наличие_охраны": true,
        "Наличие_парковки": true,
        "Расход_энергии_на_дом": 48764,
        "Наличие_спортивного_зала": false,
        "Расстояние_до_центра": 1,
        "Расстояние_до_метро": 8,
        "Расстояние_до_школы": 5
    },
    {
        "Название": "ИП «Павлов-Зиновьева»",
        "Адрес": "клх Верхний Уфалей, алл. Красина, д. 9 к. 7, 953418",
        "Количество_этажей": 30,
        "Количество_квартир": 210,
        "Год_постройки": "1982",
        "Тип_материала": "железобетон",
        "Площадь_квартиры": 192,
        "Количество_жителей": 60,
        "Наличие_лифта": true,
        "Наличие_охраны": false,
        "Наличие_парковки": false,
        "Расход_энергии_на_дом": 19049,
        "Наличие_спортивного_зала": false,
        "Расстояние_до_центра": 9,
        "Расстояние_до_метро": 8,
        "Расстояние_до_школы": 5
    }
]