[
    {
        "Название": "ИП «Попов, Самсонова и Никитина»",
        "Адрес": "г. Верхоянск, пр. Рыбацкий, д. 143 стр. 7, 935755",
        "Количество_этажей": 42,
        "Количество_квартир": 294,
        "Год_постройки": "2023",
        "Тип_материала": "железобетон",
        "Площадь_квартиры": 110,
        "Количество_жителей": 63,
        "Наличие_лифта": true,
        "Наличие_охраны": false,
        "Наличие_парковки": false,
        "Расход_энергии_на_дом": 21314,
        "Наличие_спортивного_зала": true,
        "Расстояние_до_центра": 6,
        "Расстояние_до_метро": 6,
        "Расстояние_до_школы": 3
    },
    {
        "Название": "АО «Богданов»",
        "Адрес": "клх Верхоянск, наб. Новосельская, д. 760, 715887",
        "Количество_этажей": 31,
        "Количество_квартир": 217,
        "Год_постройки": "1979",
        "Тип_материала": "кирпич",
        "Площадь_квартиры": 194,
        "Количество_жителей": 381,
        "Наличие_лифта": true,
        "Наличие_охраны": true,
        "Наличие_парковки": true,
        "Расход_энергии_на_дом": 18776,
        "Наличие_спортивного_зала": false,
        "Расстояние_до_центра": 3,
        "Расстояние_до_метро": 3,
        "Расстояние_до_школы": 1
    },
    {
        "Название": "АО «Иванова-Филиппова»",
        "Адрес": "г. Дагомыс, наб. Кузнецкая, д. 4 стр. 664, 942234",
        "Количество_этажей": 35,
        "Количество_квартир": 245,
        "Год_постройки": "1978",
        "Тип_материала": "железобетон",
        "Площадь_квартиры": 112,
        "Количество_жителей": 126,
        "Наличие_лифта": true,
        "Наличие_охраны": true,
        "Наличие_парковки": true,
        "Расход_энергии_на_дом": 13294,
        "Наличие_спортивного_зала": true,
        "Расстояние_до_центра": 17,
        "Расстояние_до_метро": 2,
        "Расстояние_до_школы": 2
    },
    {
        "Название": "ООО «Кузьмина»",
        "Адрес": "д. Яхрома, пер. Дачный, д. 1 к. 57, 277277",
        "Количество_этажей": 28,
        "Количество_квартир": 196,
        "Год_постройки": "1992",
        "Тип_материала": "кирпич",
        "Площадь_квартиры": 87,
        "Количество_жителей": 215,
        "Наличие_лифта": true,
        "Наличие_охраны": true,
        "Наличие_парковки": true,
        "Расход_энергии_на_дом": 24086,
        "Наличие_спортивного_зала": false,
        "Расстояние_до_центра": 4,
        "Расстояние_до_метро": 10,
        "Расстояние_до_школы": 1
    },
    {
        "Название": "ЗАО «Колобова Хохлова»",
        "Адрес": "ст. Адыгейск, наб. Гвардейская, д. 8 к. 58, 609727",
        "Количество_этажей": 40,
        "Количество_квартир": 280,
        "Год_постройки": "1975",
        "Тип_материала": "железобетон",
        "Площадь_квартиры": 106,
        "Количество_жителей": 296,
        "Наличие_лифта": true,
        "Наличие_охраны": true,
        "Наличие_парковки": false,
        "Расход_энергии_на_дом": 24655,
        "Наличие_спортивного_зала": false,
        "Расстояние_до_центра": 3,
        "Расстояние_до_метро": 8,
        "Расстояние_до_школы": 3
    },
    {
        "Название": "Тихонов и партнеры",
        "Адрес": "к. Верхний Уфалей, ул. Прохладная, д. 490 стр. 732, 639421",
        "Количество_этажей": 30,
        "Количество_квартир": 210,
        "Год_постройки": "2004",
        "Тип_материала": "стекло",
        "Площадь_квартиры": 61,
        "Количество_жителей": 368,
        "Наличие_лифта": true,
        "Наличие_охраны": false,
        "Наличие_парковки": true,
        "Расход_энергии_на_дом": 12552,
        "Наличие_спортивного_зала": false,
        "Расстояние_до_центра": 11,
        "Расстояние_до_метро": 8,
        "Расстояние_до_школы": 4
    },
    {
        "Название": "ЗАО «Громова, Комарова и Фокин»",
        "Адрес": "с. Балтийск, пер. Краснопартизанский, д. 16 к. 43, 032167",
        "Количество_этажей": 32,
        "Количество_квартир": 224,
        "Год_постройки": "1985",
        "Тип_материала": "стекло",
        "Площадь_квартиры": 172,
        "Количество_жителей": 455,
        "Наличие_лифта": true,
        "Наличие_охраны": true,
        "Наличие_парковки": false,
        "Расход_энергии_на_дом": 44957,
        "Наличие_спортивного_зала": true,
        "Расстояние_до_центра": 12,
        "Расстояние_до_метро": 6,
        "Расстояние_до_школы": 3
    },
    {
        "Название": "ОАО «Галкина»",
        "Адрес": "г. Новгород Великий, ш. Коллективное, д. 1/4 к. 8/8, 926437",
        "Количество_этажей": 47,
        "Количество_квартир": 329,
        "Год_постройки": "2011",
        "Тип_материала": "железобетон",
        "Площадь_квартиры": 99,
        "Количество_жителей": 54,
        "Наличие_лифта": true,
        "Наличие_охраны": true,
        "Наличие_парковки": true,
        "Расход_энергии_на_дом": 47094,
        "Наличие_спортивного_зала": true,
        "Расстояние_до_центра": 1,
        "Расстояние_до_метро": 8,
        "Расстояние_до_школы": 5
    },
    {
        "Название": "ООО «Карпов, Пахомова и Ефремов»",
        "Адрес": "ст. Карабудахкент, ул. Спортивная, д. 1 стр. 5, 277128",
        "Количество_этажей": 24,
        "Количество_квартир": 168,
        "Год_постройки": "1979",
        "Тип_материала": "стекло",
        "Площадь_квартиры": 121,
        "Количество_жителей": 357,
        "Наличие_лифта": true,
        "Наличие_охраны": true,
        "Наличие_парковки": true,
        "Расход_энергии_на_дом": 40531,
        "Наличие_спортивного_зала": true,
        "Расстояние_до_центра": 13,
        "Расстояние_до_метро": 10,
        "Расстояние_до_школы": 4
    },
    {
        "Название": "ОАО «Горбунова-Власова»",
        "Адрес": "с. Любань, пр. Песчаный, д. 61 стр. 9/1, 336378",
        "Количество_этажей": 50,
        "Количество_квартир": 350,
        "Год_постройки": "2014",
        "Тип_материала": "железобетон",
        "Площадь_квартиры": 85,
        "Количество_жителей": 121,
        "Наличие_лифта": true,
        "Наличие_охраны": true,
        "Наличие_парковки": true,
        "Расход_энергии_на_дом": 11054,
        "Наличие_спортивного_зала": true,
        "Расстояние_до_центра": 5,
        "Расстояние_до_метро": 10,
        "Расстояние_до_школы": 1
    },
    {
        "Название": "Свеза",
        "Адрес": "д. Холмогоры, алл. Водников, д. 74 к. 427, 602085",
        "Количество_этажей": 29,
        "Количество_квартир": 203,
        "Год_постройки": "1995",
        "Тип_материала": "кирпич",
        "Площадь_квартиры": 174,
        "Количество_жителей": 65,
        "Наличие_лифта": false,
        "Наличие_охраны": false,
        "Наличие_парковки": true,
        "Расход_энергии_на_дом": 37350,
        "Наличие_спортивного_зала": true,
        "Расстояние_до_центра": 17,
        "Расстояние_до_метро": 6,
        "Расстояние_до_школы": 4
    },
    {
        "Название": "НПО «Крюков Семенова»",
        "Адрес": "п. Люберцы, пр. Сибирский, д. 1/1, 256200",
        "Количество_этажей": 22,
        "Количество_квартир": 154,
        "Год_постройки": "1999",
        "Тип_материала": "кирпич",
        "Площадь_квартиры": 181,
        "Количество_жителей": 240,
        "Наличие_лифта": true,
        "Наличие_охраны": true,
        "Наличие_парковки": true,
        "Расход_энергии_на_дом": 41121,
        "Наличие_спортивного_зала": true,
        "Расстояние_до_центра": 17,
        "Расстояние_до_метро": 2,
        "Расстояние_до_школы": 3
    },
    {
        "Название": "Миронов Инк",
        "Адрес": "к. Оха, алл. Хуторская, д. 4/7, 159524",
        "Количество_этажей": 26,
        "Количество_квартир": 182,
        "Год_постройки": "2001",
        "Тип_материала": "кирпич",
        "Площадь_квартиры": 58,
        "Количество_жителей": 417,
        "Наличие_лифта": true,
        "Наличие_охраны": false,
        "Наличие_парковки": false,
        "Расход_энергии_на_дом": 32393,
        "Наличие_спортивного_зала": false,
        "Расстояние_до_центра": 16,
        "Расстояние_до_метро": 2,
        "Расстояние_до_школы": 3
    },
    {
        "Название": "Турова Инк",
        "Адрес": "г. Архангельск, пер. Волкова, д. 9/1, 738904",
        "Количество_этажей": 34,
        "Количество_квартир": 238,
        "Год_постройки": "1995",
        "Тип_материала": "стекло",
        "Площадь_квартиры": 145,
        "Количество_жителей": 397,
        "Наличие_лифта": true,
        "Наличие_охраны": true,
        "Наличие_парковки": false,
        "Расход_энергии_на_дом": 40079,
        "Наличие_спортивного_зала": false,
        "Расстояние_до_центра": 1,
        "Расстояние_до_метро": 4,
        "Расстояние_до_школы": 2
    },
    {
        "Название": "ИП «Хохлова Шарапов»",
        "Адрес": "к. Петухово, пр. Васильковый, д. 73, 753573",
        "Количество_этажей": 41,
        "Количество_квартир": 287,
        "Год_постройки": "1977",
        "Тип_материала": "кирпич",
        "Площадь_квартиры": 72,
        "Количество_жителей": 295,
        "Наличие_лифта": true,
        "Наличие_охраны": true,
        "Наличие_парковки": true,
        "Расход_энергии_на_дом": 33393,
        "Наличие_спортивного_зала": false,
        "Расстояние_до_центра": 1,
        "Расстояние_до_метро": 6,
        "Расстояние_до_школы": 2
    }
]