[
    {
        "Название": "ОАО «Марков, Зимин и Данилов»",
        "Адрес": "п. Онега, наб. Угольная, д. 77, 952875",
        "Количество_этажей": 50,
        "Количество_квартир": 350,
        "Год_постройки": "1979",
        "Тип_материала": "железобетон",
        "Площадь_квартиры": 111,
        "Количество_жителей": 213,
        "Наличие_лифта": true,
        "Наличие_охраны": false,
        "Наличие_парковки": false,
        "Расход_энергии_на_дом": 39301,
        "Наличие_спортивного_зала": true,
        "Расстояние_до_центра": 16,
        "Расстояние_до_метро": 4,
        "Расстояние_до_школы": 3
    },
    {
        "Название": "НПО «Семенова-Щукин»",
        "Адрес": "клх Агата, пер. Партизанский, д. 5 к. 862, 615042",
        "Количество_этажей": 33,
        "Количество_квартир": 231,
        "Год_постройки": "1990",
        "Тип_материала": "железобетон",
        "Площадь_квартиры": 175,
        "Количество_жителей": 150,
        "Наличие_лифта": true,
        "Наличие_охраны": true,
        "Наличие_парковки": true,
        "Расход_энергии_на_дом": 15416,
        "Наличие_спортивного_зала": true,
        "Расстояние_до_центра": 2,
        "Расстояние_до_метро": 6,
        "Расстояние_до_школы": 3
    },
    {
        "Название": "ОАО «Буров»",
        "Адрес": "п. Невьянск, наб. Рабочая, д. 9/1 стр. 77, 577834",
        "Количество_этажей": 22,
        "Количество_квартир": 154,
        "Год_постройки": "2006",
        "Тип_материала": "кирпич",
        "Площадь_квартиры": 59,
        "Количество_жителей": 167,
        "Наличие_лифта": false,
        "Наличие_охраны": true,
        "Наличие_парковки": true,
        "Расход_энергии_на_дом": 49892,
        "Наличие_спортивного_зала": true,
        "Расстояние_до_центра": 15,
        "Расстояние_до_метро": 8,
        "Расстояние_до_школы": 5
    },
    {
        "Название": "Мартынов Инк",
        "Адрес": "клх Бологое, пр. Советов, д. 464 стр. 25, 866691",
        "Количество_этажей": 21,
        "Количество_квартир": 147,
        "Год_постройки": "2001",
        "Тип_материала": "железобетон",
        "Площадь_квартиры": 171,
        "Количество_жителей": 490,
        "Наличие_лифта": true,
        "Наличие_охраны": true,
        "Наличие_парковки": false,
        "Расход_энергии_на_дом": 30540,
        "Наличие_спортивного_зала": false,
        "Расстояние_до_центра": 2,
        "Расстояние_до_метро": 3,
        "Расстояние_до_школы": 5
    },
    {
        "Название": "ООО «Исаков-Попов»",
        "Адрес": "ст. Белгород, бул. Торговый, д. 48 стр. 4/3, 031548",
        "Количество_этажей": 33,
        "Количество_квартир": 231,
        "Год_постройки": "2014",
        "Тип_материала": "железобетон",
        "Площадь_квартиры": 146,
        "Количество_жителей": 445,
        "Наличие_лифта": true,
        "Наличие_охраны": false,
        "Наличие_парковки": false,
        "Расход_энергии_на_дом": 29774,
        "Наличие_спортивного_зала": true,
        "Расстояние_до_центра": 8,
        "Расстояние_до_метро": 8,
        "Расстояние_до_школы": 2
    },
    {
        "Название": "АО «Миронов Фролов»",
        "Адрес": "ст. Егорьевск, пер. Октября, д. 9/7 стр. 862, 554400",
        "Количество_этажей": 46,
        "Количество_квартир": 322,
        "Год_постройки": "2023",
        "Тип_материала": "стекло",
        "Площадь_квартиры": 191,
        "Количество_жителей": 378,
        "Наличие_лифта": false,
        "Наличие_охраны": false,
        "Наличие_парковки": true,
        "Расход_энергии_на_дом": 18167,
        "Наличие_спортивного_зала": true,
        "Расстояние_до_центра": 5,
        "Расстояние_до_метро": 4,
        "Расстояние_до_школы": 5
    },
    {
        "Название": "ЗАО «Сысоев Мясников»",
        "Адрес": "к. Петропавловск-Камчатский, ш. Покровское, д. 487 стр. 3/8, 742058",
        "Количество_этажей": 49,
        "Количество_квартир": 343,
        "Год_постройки": "2000",
        "Тип_материала": "стекло",
        "Площадь_квартиры": 86,
        "Количество_жителей": 181,
        "Наличие_лифта": true,
        "Наличие_охраны": true,
        "Наличие_парковки": true,
        "Расход_энергии_на_дом": 39562,
        "Наличие_спортивного_зала": false,
        "Расстояние_до_центра": 18,
        "Расстояние_до_метро": 5,
        "Расстояние_до_школы": 1
    },
    {
        "Название": "НПО «Ильин»",
        "Адрес": "д. Мураши, пер. Шаумяна, д. 9/2, 798308",
        "Количество_этажей": 46,
        "Количество_квартир": 322,
        "Год_постройки": "2016",
        "Тип_материала": "железобетон",
        "Площадь_квартиры": 199,
        "Количество_жителей": 111,
        "Наличие_лифта": false,
        "Наличие_охраны": true,
        "Наличие_парковки": true,
        "Расход_энергии_на_дом": 36995,
        "Наличие_спортивного_зала": true,
        "Расстояние_до_центра": 18,
        "Расстояние_до_метро": 10,
        "Расстояние_до_школы": 3
    },
    {
        "Название": "НПО «Туров-Ларионова»",
        "Адрес": "ст. Курск, пр. Маркса Карла, д. 542 к. 4, 563926",
        "Количество_этажей": 42,
        "Количество_квартир": 294,
        "Год_постройки": "2012",
        "Тип_материала": "кирпич",
        "Площадь_квартиры": 63,
        "Количество_жителей": 230,
        "Наличие_лифта": true,
        "Наличие_охраны": true,
        "Наличие_парковки": false,
        "Расход_энергии_на_дом": 28677,
        "Наличие_спортивного_зала": false,
        "Расстояние_до_центра": 3,
        "Расстояние_до_метро": 9,
        "Расстояние_до_школы": 2
    },
    {
        "Название": "НПО «Трофимова-Калашников»",
        "Адрес": "г. Уфа, пр. Полевой, д. 8 к. 31, 540297",
        "Количество_этажей": 34,
        "Количество_квартир": 238,
        "Год_постройки": "1983",
        "Тип_материала": "стекло",
        "Площадь_квартиры": 186,
        "Количество_жителей": 429,
        "Наличие_лифта": false,
        "Наличие_охраны": true,
        "Наличие_парковки": false,
        "Расход_энергии_на_дом": 45217,
        "Наличие_спортивного_зала": false,
        "Расстояние_до_центра": 5,
        "Расстояние_до_метро": 7,
        "Расстояние_до_школы": 5
    },
    {
        "Название": "Алексеева Лтд",
        "Адрес": "п. Домодедово, ш. Ягодное, д. 7/1 стр. 975, 466942",
        "Количество_этажей": 42,
        "Количество_квартир": 294,
        "Год_постройки": "1974",
        "Тип_материала": "стекло",
        "Площадь_квартиры": 103,
        "Количество_жителей": 494,
        "Наличие_лифта": true,
        "Наличие_охраны": true,
        "Наличие_парковки": false,
        "Расход_энергии_на_дом": 45256,
        "Наличие_спортивного_зала": true,
        "Расстояние_до_центра": 2,
        "Расстояние_до_метро": 2,
        "Расстояние_до_школы": 1
    },
    {
        "Название": "Соболев Групп",
        "Адрес": "д. Красноуральск, ул. Кирова, д. 4/4 к. 6/5, 300949",
        "Количество_этажей": 49,
        "Количество_квартир": 343,
        "Год_постройки": "1991",
        "Тип_материала": "кирпич",
        "Площадь_квартиры": 120,
        "Количество_жителей": 384,
        "Наличие_лифта": true,
        "Наличие_охраны": false,
        "Наличие_парковки": true,
        "Расход_энергии_на_дом": 12248,
        "Наличие_спортивного_зала": false,
        "Расстояние_до_центра": 16,
        "Расстояние_до_метро": 2,
        "Расстояние_до_школы": 2
    },
    {
        "Название": "РАО «Игнатова»",
        "Адрес": "с. Муравленко, алл. Трактовая, д. 3, 727768",
        "Количество_этажей": 20,
        "Количество_квартир": 140,
        "Год_постройки": "2005",
        "Тип_материала": "стекло",
        "Площадь_квартиры": 64,
        "Количество_жителей": 181,
        "Наличие_лифта": false,
        "Наличие_охраны": true,
        "Наличие_парковки": true,
        "Расход_энергии_на_дом": 13496,
        "Наличие_спортивного_зала": false,
        "Расстояние_до_центра": 18,
        "Расстояние_до_метро": 1,
        "Расстояние_до_школы": 2
    },
    {
        "Название": "ОАО «Доронин-Марков»",
        "Адрес": "г. Енисейск, бул. Северный, д. 2 к. 3/7, 490876",
        "Количество_этажей": 35,
        "Количество_квартир": 245,
        "Год_постройки": "1980",
        "Тип_материала": "кирпич",
        "Площадь_квартиры": 150,
        "Количество_жителей": 397,
        "Наличие_лифта": true,
        "Наличие_охраны": true,
        "Наличие_парковки": false,
        "Расход_энергии_на_дом": 20310,
        "Наличие_спортивного_зала": false,
        "Расстояние_до_центра": 9,
        "Расстояние_до_метро": 6,
        "Расстояние_до_школы": 4
    },
    {
        "Название": "Транстрейдойл",
        "Адрес": "г. Геленджик, бул. Приморский, д. 81 стр. 4, 504972",
        "Количество_этажей": 25,
        "Количество_квартир": 175,
        "Год_постройки": "2010",
        "Тип_материала": "железобетон",
        "Площадь_квартиры": 60,
        "Количество_жителей": 405,
        "Наличие_лифта": true,
        "Наличие_охраны": true,
        "Наличие_парковки": false,
        "Расход_энергии_на_дом": 26153,
        "Наличие_спортивного_зала": false,
        "Расстояние_до_центра": 3,
        "Расстояние_до_метро": 1,
        "Расстояние_до_школы": 5
    }
]