[
    {
        "Название": "РАО «Мельникова, Князева и Воронцов»",
        "Адрес": "п. Шаховская, ш. Ульяновское, д. 77 стр. 5, 513917",
        "Количество_этажей": 23,
        "Количество_квартир": 161,
        "Год_постройки": "1976",
        "Тип_материала": "стекло",
        "Площадь_квартиры": 144,
        "Количество_жителей": 202,
        "Наличие_лифта": true,
        "Наличие_охраны": true,
        "Наличие_парковки": true,
        "Расход_энергии_на_дом": 35113,
        "Наличие_спортивного_зала": false,
        "Расстояние_до_центра": 3,
        "Расстояние_до_метро": 10,
        "Расстояние_до_школы": 2
    },
    {
        "Название": "АО «Кабанов»",
        "Адрес": "г. Химки, ш. Курчатова, д. 9/3 к. 48, 741266",
        "Количество_этажей": 30,
        "Количество_квартир": 210,
        "Год_постройки": "1991",
        "Тип_материала": "стекло",
        "Площадь_квартиры": 84,
        "Количество_жителей": 181,
        "Наличие_лифта": false,
        "Наличие_охраны": true,
        "Наличие_парковки": false,
        "Расход_энергии_на_дом": 31019,
        "Наличие_спортивного_зала": false,
        "Расстояние_до_центра": 16,
        "Расстояние_до_метро": 5,
        "Расстояние_до_школы": 4
    },
    {
        "Название": "ООО «Фадеева-Ковалев»",
        "Адрес": "п. Тихвин, пр. Заозерный, д. 6 к. 92, 193767",
        "Количество_этажей": 50,
        "Количество_квартир": 350,
        "Год_постройки": "1970",
        "Тип_материала": "стекло",
        "Площадь_квартиры": 84,
        "Количество_жителей": 363,
        "Наличие_лифта": true,
        "Наличие_охраны": false,
        "Наличие_парковки": false,
        "Расход_энергии_на_дом": 33990,
        "Наличие_спортивного_зала": false,
        "Расстояние_до_центра": 20,
        "Расстояние_до_метро": 6,
        "Расстояние_до_школы": 1
    },
    {
        "Название": "НПО «Миронов-Кузнецова»",
        "Адрес": "г. Рыльск, пр. Нахимова, д. 17, 209242",
        "Количество_этажей": 22,
        "Количество_квартир": 154,
        "Год_постройки": "1992",
        "Тип_материала": "стекло",
        "Площадь_квартиры": 114,
        "Количество_жителей": 94,
        "Наличие_лифта": true,
        "Наличие_охраны": true,
        "Наличие_парковки": false,
        "Расход_энергии_на_дом": 16902,
        "Наличие_спортивного_зала": false,
        "Расстояние_до_центра": 19,
        "Расстояние_до_метро": 9,
        "Расстояние_до_школы": 5
    },
    {
        "Название": "ОАО «Емельянова Власов»",
        "Адрес": "с. Батайск, пр. Карьерный, д. 328, 517583",
        "Количество_этажей": 23,
        "Количество_квартир": 161,
        "Год_постройки": "2019",
        "Тип_материала": "железобетон",
        "Площадь_квартиры": 114,
        "Количество_жителей": 200,
        "Наличие_лифта": true,
        "Наличие_охраны": false,
        "Наличие_парковки": false,
        "Расход_энергии_на_дом": 45563,
        "Наличие_спортивного_зала": false,
        "Расстояние_до_центра": 16,
        "Расстояние_до_метро": 5,
        "Расстояние_до_школы": 2
    },
    {
        "Название": "ООО «Лаврентьева, Евдокимов и Федотов»",
        "Адрес": "к. Мончегорск, пер. Осипенко, д. 9/6, 938287",
        "Количество_этажей": 47,
        "Количество_квартир": 329,
        "Год_постройки": "1998",
        "Тип_материала": "кирпич",
        "Площадь_квартиры": 114,
        "Количество_жителей": 413,
        "Наличие_лифта": true,
        "Наличие_охраны": true,
        "Наличие_парковки": false,
        "Расход_энергии_на_дом": 28555,
        "Наличие_спортивного_зала": true,
        "Расстояние_до_центра": 4,
        "Расстояние_до_метро": 1,
        "Расстояние_до_школы": 5
    },
    {
        "Название": "ООО «Максимов Кулагина»",
        "Адрес": "к. Домбай, бул. Озерный, д. 50, 959713",
        "Количество_этажей": 42,
        "Количество_квартир": 294,
        "Год_постройки": "1981",
        "Тип_материала": "кирпич",
        "Площадь_квартиры": 82,
        "Количество_жителей": 204,
        "Наличие_лифта": true,
        "Наличие_охраны": true,
        "Наличие_парковки": true,
        "Расход_энергии_на_дом": 16586,
        "Наличие_спортивного_зала": true,
        "Расстояние_до_центра": 8,
        "Расстояние_до_метро": 5,
        "Расстояние_до_школы": 1
    },
    {
        "Название": "Копылов Групп",
        "Адрес": "д. Сальск, ш. Вишневое, д. 8 к. 804, 371100",
        "Количество_этажей": 20,
        "Количество_квартир": 140,
        "Год_постройки": "1997",
        "Тип_материала": "стекло",
        "Площадь_квартиры": 64,
        "Количество_жителей": 195,
        "Наличие_лифта": true,
        "Наличие_охраны": false,
        "Наличие_парковки": true,
        "Расход_энергии_на_дом": 36905,
        "Наличие_спортивного_зала": true,
        "Расстояние_до_центра": 10,
        "Расстояние_до_метро": 10,
        "Расстояние_до_школы": 3
    },
    {
        "Название": "ГК ЕКС",
        "Адрес": "клх Вендинга, алл. Серафимовича, д. 1, 393920",
        "Количество_этажей": 40,
        "Количество_квартир": 280,
        "Год_постройки": "1993",
        "Тип_материала": "стекло",
        "Площадь_квартиры": 51,
        "Количество_жителей": 424,
        "Наличие_лифта": true,
        "Наличие_охраны": true,
        "Наличие_парковки": true,
        "Расход_энергии_на_дом": 43000,
        "Наличие_спортивного_зала": false,
        "Расстояние_до_центра": 10,
        "Расстояние_до_метро": 8,
        "Расстояние_до_школы": 2
    },
    {
        "Название": "Блинова Инк",
        "Адрес": "д. Раменское, бул. Некрасова, д. 8, 066299",
        "Количество_этажей": 28,
        "Количество_квартир": 196,
        "Год_постройки": "2015",
        "Тип_материала": "кирпич",
        "Площадь_квартиры": 126,
        "Количество_жителей": 405,
        "Наличие_лифта": true,
        "Наличие_охраны": false,
        "Наличие_парковки": false,
        "Расход_энергии_на_дом": 32741,
        "Наличие_спортивного_зала": false,
        "Расстояние_до_центра": 1,
        "Расстояние_до_метро": 10,
        "Расстояние_до_школы": 5
    },
    {
        "Название": "ОАО «Стрелков»",
        "Адрес": "д. Печора, пр. Ульянова, д. 9/7 стр. 8/5, 235205",
        "Количество_этажей": 33,
        "Количество_квартир": 231,
        "Год_постройки": "1997",
        "Тип_материала": "стекло",
        "Площадь_квартиры": 137,
        "Количество_жителей": 174,
        "Наличие_лифта": true,
        "Наличие_охраны": false,
        "Наличие_парковки": true,
        "Расход_энергии_на_дом": 22092,
        "Наличие_спортивного_зала": false,
        "Расстояние_до_центра": 19,
        "Расстояние_до_метро": 10,
        "Расстояние_до_школы": 5
    },
    {
        "Название": "АО «Антонова-Юдин»",
        "Адрес": "г. Колпашево, пер. Крайний, д. 573, 229980",
        "Количество_этажей": 26,
        "Количество_квартир": 182,
        "Год_постройки": "1984",
        "Тип_материала": "кирпич",
        "Площадь_квартиры": 117,
        "Количество_жителей": 75,
        "Наличие_лифта": true,
        "Наличие_охраны": true,
        "Наличие_парковки": true,
        "Расход_энергии_на_дом": 43268,
        "Наличие_спортивного_зала": false,
        "Расстояние_до_центра": 11,
        "Расстояние_до_метро": 9,
        "Расстояние_до_школы": 1
    },
    {
        "Название": "ЗАО «Гаврилова Рожков»",
        "Адрес": "п. Тамбей, ул. Большевистская, д. 71 стр. 2, 973378",
        "Количество_этажей": 41,
        "Количество_квартир": 287,
        "Год_постройки": "1990",
        "Тип_материала": "стекло",
        "Площадь_квартиры": 117,
        "Количество_жителей": 217,
        "Наличие_лифта": true,
        "Наличие_охраны": true,
        "Наличие_парковки": false,
        "Расход_энергии_на_дом": 24326,
        "Наличие_спортивного_зала": true,
        "Расстояние_до_центра": 20,
        "Расстояние_до_метро": 3,
        "Расстояние_до_школы": 3
    },
    {
        "Название": "Носкова Групп",
        "Адрес": "ст. Ханты-Мансийск, ул. Алтайская, д. 7/2, 178649",
        "Количество_этажей": 43,
        "Количество_квартир": 301,
        "Год_постройки": "2002",
        "Тип_материала": "железобетон",
        "Площадь_квартиры": 187,
        "Количество_жителей": 349,
        "Наличие_лифта": true,
        "Наличие_охраны": false,
        "Наличие_парковки": false,
        "Расход_энергии_на_дом": 40991,
        "Наличие_спортивного_зала": false,
        "Расстояние_до_центра": 15,
        "Расстояние_до_метро": 1,
        "Расстояние_до_школы": 5
    },
    {
        "Название": "НПО «Гущина, Исакова и Рябов»",
        "Адрес": "п. Тырныауз, алл. Энгельса, д. 784, 814902",
        "Количество_этажей": 27,
        "Количество_квартир": 189,
        "Год_постройки": "2010",
        "Тип_материала": "железобетон",
        "Площадь_квартиры": 132,
        "Количество_жителей": 297,
        "Наличие_лифта": true,
        "Наличие_охраны": false,
        "Наличие_парковки": false,
        "Расход_энергии_на_дом": 18766,
        "Наличие_спортивного_зала": true,
        "Расстояние_до_центра": 14,
        "Расстояние_до_метро": 7,
        "Расстояние_до_школы": 1
    }
]