[
    {
        "Название": "ООО «Кононов»",
        "Адрес": "с. Шуя, ул. Физкультурная, д. 301 к. 1, 765101",
        "Количество_этажей": 23,
        "Количество_квартир": 161,
        "Год_постройки": "2004",
        "Тип_материала": "стекло",
        "Площадь_квартиры": 197,
        "Количество_жителей": 352,
        "Наличие_лифта": true,
        "Наличие_охраны": true,
        "Наличие_парковки": false,
        "Расход_энергии_на_дом": 14190,
        "Наличие_спортивного_зала": false,
        "Расстояние_до_центра": 13,
        "Расстояние_до_метро": 8,
        "Расстояние_до_школы": 4
    },
    {
        "Название": "АО «Логинов, Белова и Моисеев»",
        "Адрес": "с. Озеры, пер. Покровский, д. 8/5, 395204",
        "Количество_этажей": 32,
        "Количество_квартир": 224,
        "Год_постройки": "2012",
        "Тип_материала": "кирпич",
        "Площадь_квартиры": 67,
        "Количество_жителей": 113,
        "Наличие_лифта": true,
        "Наличие_охраны": false,
        "Наличие_парковки": true,
        "Расход_энергии_на_дом": 21737,
        "Наличие_спортивного_зала": false,
        "Расстояние_до_центра": 20,
        "Расстояние_до_метро": 7,
        "Расстояние_до_школы": 5
    },
    {
        "Название": "РАО «Мельников-Устинова»",
        "Адрес": "ст. Элиста, ул. Энтузиастов, д. 3 к. 52, 077706",
        "Количество_этажей": 23,
        "Количество_квартир": 161,
        "Год_постройки": "1978",
        "Тип_материала": "стекло",
        "Площадь_квартиры": 126,
        "Количество_жителей": 410,
        "Наличие_лифта": true,
        "Наличие_охраны": true,
        "Наличие_парковки": false,
        "Расход_энергии_на_дом": 22174,
        "Наличие_спортивного_зала": false,
        "Расстояние_до_центра": 2,
        "Расстояние_до_метро": 8,
        "Расстояние_до_школы": 3
    },
    {
        "Название": "Группа Эссен",
        "Адрес": "д. Лысьва, бул. Октября, д. 2/6, 420502",
        "Количество_этажей": 31,
        "Количество_квартир": 217,
        "Год_постройки": "1991",
        "Тип_материала": "кирпич",
        "Площадь_квартиры": 171,
        "Количество_жителей": 486,
        "Наличие_лифта": true,
        "Наличие_охраны": true,
        "Наличие_парковки": false,
        "Расход_энергии_на_дом": 21278,
        "Наличие_спортивного_зала": false,
        "Расстояние_до_центра": 17,
        "Расстояние_до_метро": 8,
        "Расстояние_до_школы": 4
    },
    {
        "Название": "Муравьева и партнеры",
        "Адрес": "г. Печора, ш. Достоевского, д. 2/1 к. 5, 990483",
        "Количество_этажей": 46,
        "Количество_квартир": 322,
        "Год_постройки": "2022",
        "Тип_материала": "кирпич",
        "Площадь_квартиры": 98,
        "Количество_жителей": 128,
        "Наличие_лифта": false,
        "Наличие_охраны": true,
        "Наличие_парковки": true,
        "Расход_энергии_на_дом": 49155,
        "Наличие_спортивного_зала": true,
        "Расстояние_до_центра": 1,
        "Расстояние_до_метро": 9,
        "Расстояние_до_школы": 1
    },
    {
        "Название": "ИП «Мартынова»",
        "Адрес": "д. Гремячинск (Бурят.), ул. Докучаева, д. 17 к. 5, 920575",
        "Количество_этажей": 37,
        "Количество_квартир": 259,
        "Год_постройки": "2001",
        "Тип_материала": "стекло",
        "Площадь_квартиры": 56,
        "Количество_жителей": 421,
        "Наличие_лифта": true,
        "Наличие_охраны": true,
        "Наличие_парковки": true,
        "Расход_энергии_на_дом": 12762,
        "Наличие_спортивного_зала": false,
        "Расстояние_до_центра": 14,
        "Расстояние_до_метро": 3,
        "Расстояние_до_школы": 4
    },
    {
        "Название": "АО «Захаров, Осипов и Рогов»",
        "Адрес": "к. Яшалта, наб. Ударная, д. 548 к. 68, 999971",
        "Количество_этажей": 50,
        "Количество_квартир": 350,
        "Год_постройки": "1982",
        "Тип_материала": "стекло",
        "Площадь_квартиры": 81,
        "Количество_жителей": 420,
        "Наличие_лифта": true,
        "Наличие_охраны": true,
        "Наличие_парковки": true,
        "Расход_энергии_на_дом": 28078,
        "Наличие_спортивного_зала": true,
        "Расстояние_до_центра": 13,
        "Расстояние_до_метро": 2,
        "Расстояние_до_школы": 1
    },
    {
        "Название": "НПО «Савина Николаева»",
        "Адрес": "к. Глазов, наб. Детская, д. 11, 817972",
        "Количество_этажей": 38,
        "Количество_квартир": 266,
        "Год_постройки": "1983",
        "Тип_материала": "железобетон",
        "Площадь_квартиры": 134,
        "Количество_жителей": 433,
        "Наличие_лифта": true,
        "Наличие_охраны": true,
        "Наличие_парковки": false,
        "Расход_энергии_на_дом": 17781,
        "Наличие_спортивного_зала": false,
        "Расстояние_до_центра": 1,
        "Расстояние_до_метро": 3,
        "Расстояние_до_школы": 1
    },
    {
        "Название": "ИП «Турова-Ермаков»",
        "Адрес": "с. Гагарин, ул. Маркса, д. 793, 043053",
        "Количество_этажей": 20,
        "Количество_квартир": 140,
        "Год_постройки": "1987",
        "Тип_материала": "стекло",
        "Площадь_квартиры": 60,
        "Количество_жителей": 307,
        "Наличие_лифта": true,
        "Наличие_охраны": true,
        "Наличие_парковки": true,
        "Расход_энергии_на_дом": 12463,
        "Наличие_спортивного_зала": false,
        "Расстояние_до_центра": 10,
        "Расстояние_до_метро": 1,
        "Расстояние_до_школы": 5
    },
    {
        "Название": "ИП «Степанова Веселова»",
        "Адрес": "п. Кировск (Ленин.), ш. Широкое, д. 153 стр. 48, 033366",
        "Количество_этажей": 38,
        "Количество_квартир": 266,
        "Год_постройки": "1973",
        "Тип_материала": "кирпич",
        "Площадь_квартиры": 56,
        "Количество_жителей": 321,
        "Наличие_лифта": true,
        "Наличие_охраны": true,
        "Наличие_парковки": true,
        "Расход_энергии_на_дом": 25550,
        "Наличие_спортивного_зала": false,
        "Расстояние_до_центра": 13,
        "Расстояние_до_метро": 8,
        "Расстояние_до_школы": 3
    },
    {
        "Название": "РАО «Дроздов Мясников»",
        "Адрес": "г. Новочеркасск, пер. Российский, д. 468 к. 74, 715577",
        "Количество_этажей": 29,
        "Количество_квартир": 203,
        "Год_постройки": "2020",
        "Тип_материала": "стекло",
        "Площадь_квартиры": 158,
        "Количество_жителей": 408,
        "Наличие_лифта": false,
        "Наличие_охраны": false,
        "Наличие_парковки": true,
        "Расход_энергии_на_дом": 10827,
        "Наличие_спортивного_зала": true,
        "Расстояние_до_центра": 13,
        "Расстояние_до_метро": 10,
        "Расстояние_до_школы": 3
    },
    {
        "Название": "ООО «Кабанов»",
        "Адрес": "п. Сургут (Хант.), бул. Карьерный, д. 64 к. 2, 540117",
        "Количество_этажей": 42,
        "Количество_квартир": 294,
        "Год_постройки": "2018",
        "Тип_материала": "стекло",
        "Площадь_квартиры": 186,
        "Количество_жителей": 359,
        "Наличие_лифта": true,
        "Наличие_охраны": true,
        "Наличие_парковки": true,
        "Расход_энергии_на_дом": 18390,
        "Наличие_спортивного_зала": false,
        "Расстояние_до_центра": 8,
        "Расстояние_до_метро": 9,
        "Расстояние_до_школы": 5
    },
    {
        "Название": "АО «Борисова Петухова»",
        "Адрес": "к. Омск, алл. Первомайская, д. 65, 389986",
        "Количество_этажей": 36,
        "Количество_квартир": 252,
        "Год_постройки": "1991",
        "Тип_материала": "кирпич",
        "Площадь_квартиры": 138,
        "Количество_жителей": 287,
        "Наличие_лифта": true,
        "Наличие_охраны": true,
        "Наличие_парковки": true,
        "Расход_энергии_на_дом": 16397,
        "Наличие_спортивного_зала": false,
        "Расстояние_до_центра": 2,
        "Расстояние_до_метро": 5,
        "Расстояние_до_школы": 3
    },
    {
        "Название": "Кошелев Лтд",
        "Адрес": "п. Краснотурьинск, алл. Спортивная, д. 709, 279826",
        "Количество_этажей": 39,
        "Количество_квартир": 273,
        "Год_постройки": "1970",
        "Тип_материала": "железобетон",
        "Площадь_квартиры": 119,
        "Количество_жителей": 347,
        "Наличие_лифта": true,
        "Наличие_охраны": true,
        "Наличие_парковки": false,
        "Расход_энергии_на_дом": 35245,
        "Наличие_спортивного_зала": false,
        "Расстояние_до_центра": 1,
        "Расстояние_до_метро": 3,
        "Расстояние_до_школы": 5
    },
    {
        "Название": "НПО «Игнатьев»",
        "Адрес": "к. Усть-Джегута, пр. Тюленина, д. 55 стр. 420, 550331",
        "Количество_этажей": 23,
        "Количество_квартир": 161,
        "Год_постройки": "2009",
        "Тип_материала": "стекло",
        "Площадь_квартиры": 131,
        "Количество_жителей": 278,
        "Наличие_лифта": true,
        "Наличие_охраны": true,
        "Наличие_парковки": true,
        "Расход_энергии_на_дом": 48431,
        "Наличие_спортивного_зала": false,
        "Расстояние_до_центра": 4,
        "Расстояние_до_метро": 7,
        "Расстояние_до_школы": 2
    }
]