[
    {
        "Название": "РАО «Прохоров-Поляков»",
        "Адрес": "клх Вытегра, алл. Павлова, д. 8 стр. 387, 649074",
        "Количество_этажей": 48,
        "Количество_квартир": 336,
        "Год_постройки": "1970",
        "Тип_материала": "стекло",
        "Площадь_квартиры": 182,
        "Количество_жителей": 143,
        "Наличие_лифта": true,
        "Наличие_охраны": false,
        "Наличие_парковки": false,
        "Расход_энергии_на_дом": 47832,
        "Наличие_спортивного_зала": true,
        "Расстояние_до_центра": 20,
        "Расстояние_до_метро": 2,
        "Расстояние_до_школы": 3
    },
    {
        "Название": "ОАО «Суханов Лебедев»",
        "Адрес": "к. Кингисепп, наб. Маркса Карла, д. 11 к. 18, 335532",
        "Количество_этажей": 21,
        "Количество_квартир": 147,
        "Год_постройки": "1970",
        "Тип_материала": "железобетон",
        "Площадь_квартиры": 120,
        "Количество_жителей": 371,
        "Наличие_лифта": true,
        "Наличие_охраны": true,
        "Наличие_парковки": false,
        "Расход_энергии_на_дом": 22945,
        "Наличие_спортивного_зала": false,
        "Расстояние_до_центра": 6,
        "Расстояние_до_метро": 4,
        "Расстояние_до_школы": 4
    },
    {
        "Название": "ООО «Волков, Быкова и Гусев»",
        "Адрес": "д. Йошкар-Ола, бул. Шаумяна, д. 2 к. 74, 872848",
        "Количество_этажей": 40,
        "Количество_квартир": 280,
        "Год_постройки": "1999",
        "Тип_материала": "стекло",
        "Площадь_квартиры": 102,
        "Количество_жителей": 292,
        "Наличие_лифта": true,
        "Наличие_охраны": true,
        "Наличие_парковки": true,
        "Расход_энергии_на_дом": 46227,
        "Наличие_спортивного_зала": false,
        "Расстояние_до_центра": 18,
        "Расстояние_до_метро": 5,
        "Расстояние_до_школы": 5
    },
    {
        "Название": "АО «Яковлева, Шашкова и Фомичев»",
        "Адрес": "клх Старый Оскол, пер. Куйбышева, д. 4/6 к. 1/1, 152783",
        "Количество_этажей": 35,
        "Количество_квартир": 245,
        "Год_постройки": "1982",
        "Тип_материала": "кирпич",
        "Площадь_квартиры": 95,
        "Количество_жителей": 385,
        "Наличие_лифта": false,
        "Наличие_охраны": false,
        "Наличие_парковки": true,
        "Расход_энергии_на_дом": 17800,
        "Наличие_спортивного_зала": true,
        "Расстояние_до_центра": 12,
        "Расстояние_до_метро": 2,
        "Расстояние_до_школы": 3
    },
    {
        "Название": "ОАО «Беляков-Логинова»",
        "Адрес": "клх Ишим, ул. Свердлова, д. 8/2 к. 3/3, 963072",
        "Количество_этажей": 47,
        "Количество_квартир": 329,
        "Год_постройки": "2020",
        "Тип_материала": "железобетон",
        "Площадь_квартиры": 117,
        "Количество_жителей": 195,
        "Наличие_лифта": false,
        "Наличие_охраны": false,
        "Наличие_парковки": false,
        "Расход_энергии_на_дом": 27224,
        "Наличие_спортивного_зала": false,
        "Расстояние_до_центра": 2,
        "Расстояние_до_метро": 4,
        "Расстояние_до_школы": 4
    },
    {
        "Название": "НПО «Ларионов-Миронова»",
        "Адрес": "п. Горячий Ключ, ш. Ольховое, д. 31 к. 3, 892774",
        "Количество_этажей": 36,
        "Количество_квартир": 252,
        "Год_постройки": "2014",
        "Тип_материала": "кирпич",
        "Площадь_квартиры": 189,
        "Количество_жителей": 51,
        "Наличие_лифта": true,
        "Наличие_охраны": true,
        "Наличие_парковки": true,
        "Расход_энергии_на_дом": 42653,
        "Наличие_спортивного_зала": false,
        "Расстояние_до_центра": 20,
        "Расстояние_до_метро": 10,
        "Расстояние_до_школы": 4
    },
    {
        "Название": "Мазда Соллерс Мануфэкчуринг Рус",
        "Адрес": "г. Тихорецк, ул. Гайдара, д. 4/4 к. 821, 466083",
        "Количество_этажей": 41,
        "Количество_квартир": 287,
        "Год_постройки": "2008",
        "Тип_материала": "стекло",
        "Площадь_квартиры": 160,
        "Количество_жителей": 427,
        "Наличие_лифта": true,
        "Наличие_охраны": true,
        "Наличие_парковки": false,
        "Расход_энергии_на_дом": 47937,
        "Наличие_спортивного_зала": true,
        "Расстояние_до_центра": 14,
        "Расстояние_до_метро": 3,
        "Расстояние_до_школы": 1
    },
    {
        "Название": "ЗАО «Панфилов, Горшкова и Петухова»",
        "Адрес": "г. Шелагонцы, ул. Северная, д. 3/7, 309405",
        "Количество_этажей": 36,
        "Количество_квартир": 252,
        "Год_постройки": "2006",
        "Тип_материала": "железобетон",
        "Площадь_квартиры": 125,
        "Количество_жителей": 377,
        "Наличие_лифта": true,
        "Наличие_охраны": false,
        "Наличие_парковки": false,
        "Расход_энергии_на_дом": 44177,
        "Наличие_спортивного_зала": true,
        "Расстояние_до_центра": 9,
        "Расстояние_до_метро": 6,
        "Расстояние_до_школы": 4
    },
    {
        "Название": "Антонов и партнеры",
        "Адрес": "к. Уссурийск, пер. Омский, д. 253 к. 3/3, 670283",
        "Количество_этажей": 28,
        "Количество_квартир": 196,
        "Год_постройки": "2006",
        "Тип_материала": "стекло",
        "Площадь_квартиры": 74,
        "Количество_жителей": 334,
        "Наличие_лифта": true,
        "Наличие_охраны": false,
        "Наличие_парковки": true,
        "Расход_энергии_на_дом": 33721,
        "Наличие_спортивного_зала": false,
        "Расстояние_до_центра": 5,
        "Расстояние_до_метро": 2,
        "Расстояние_до_школы": 4
    },
    {
        "Название": "ИП «Колесников Васильев»",
        "Адрес": "клх Кызыл, ш. Р.Люксембург, д. 67 стр. 18, 316246",
        "Количество_этажей": 44,
        "Количество_квартир": 308,
        "Год_постройки": "1986",
        "Тип_материала": "кирпич",
        "Площадь_квартиры": 59,
        "Количество_жителей": 244,
        "Наличие_лифта": true,
        "Наличие_охраны": true,
        "Наличие_парковки": false,
        "Расход_энергии_на_дом": 12747,
        "Наличие_спортивного_зала": true,
        "Расстояние_до_центра": 14,
        "Расстояние_до_метро": 10,
        "Расстояние_до_школы": 5
    },
    {
        "Название": "Морозова Групп",
        "Адрес": "к. Теберда, ул. Прудовая, д. 333, 195820",
        "Количество_этажей": 45,
        "Количество_квартир": 315,
        "Год_постройки": "2015",
        "Тип_материала": "кирпич",
        "Площадь_квартиры": 120,
        "Количество_жителей": 334,
        "Наличие_лифта": true,
        "Наличие_охраны": false,
        "Наличие_парковки": true,
        "Расход_энергии_на_дом": 46600,
        "Наличие_спортивного_зала": false,
        "Расстояние_до_центра": 18,
        "Расстояние_до_метро": 9,
        "Расстояние_до_школы": 3
    },
    {
        "Название": "АО «Федосеев, Павлов и Ширяева»",
        "Адрес": "к. Кижи, наб. Коллективная, д. 1/6, 453947",
        "Количество_этажей": 38,
        "Количество_квартир": 266,
        "Год_постройки": "2019",
        "Тип_материала": "железобетон",
        "Площадь_квартиры": 186,
        "Количество_жителей": 398,
        "Наличие_лифта": true,
        "Наличие_охраны": true,
        "Наличие_парковки": false,
        "Расход_энергии_на_дом": 41208,
        "Наличие_спортивного_зала": false,
        "Расстояние_до_центра": 12,
        "Расстояние_до_метро": 5,
        "Расстояние_до_школы": 3
    },
    {
        "Название": "Панфилов Лимитед",
        "Адрес": "г. Лотошино, наб. Одесская, д. 90 стр. 55, 510433",
        "Количество_этажей": 34,
        "Количество_квартир": 238,
        "Год_постройки": "1997",
        "Тип_материала": "стекло",
        "Площадь_квартиры": 163,
        "Количество_жителей": 153,
        "Наличие_лифта": true,
        "Наличие_охраны": true,
        "Наличие_парковки": true,
        "Расход_энергии_на_дом": 10072,
        "Наличие_спортивного_зала": false,
        "Расстояние_до_центра": 19,
        "Расстояние_до_метро": 9,
        "Расстояние_до_школы": 5
    },
    {
        "Название": "ГСЛ",
        "Адрес": "клх Дзержинск, пер. Волочаевский, д. 4 стр. 827, 751338",
        "Количество_этажей": 30,
        "Количество_квартир": 210,
        "Год_постройки": "1979",
        "Тип_материала": "железобетон",
        "Площадь_квартиры": 110,
        "Количество_жителей": 488,
        "Наличие_лифта": true,
        "Наличие_охраны": true,
        "Наличие_парковки": false,
        "Расход_энергии_на_дом": 34927,
        "Наличие_спортивного_зала": false,
        "Расстояние_до_центра": 9,
        "Расстояние_до_метро": 10,
        "Расстояние_до_школы": 2
    },
    {
        "Название": "НПО «Андреева, Киселев и Лобанова»",
        "Адрес": "к. Ростов-на-Дону, ул. Кедровая, д. 1 к. 45, 899321",
        "Количество_этажей": 48,
        "Количество_квартир": 336,
        "Год_постройки": "2019",
        "Тип_материала": "железобетон",
        "Площадь_квартиры": 178,
        "Количество_жителей": 443,
        "Наличие_лифта": false,
        "Наличие_охраны": true,
        "Наличие_парковки": false,
        "Расход_энергии_на_дом": 26421,
        "Наличие_спортивного_зала": false,
        "Расстояние_до_центра": 15,
        "Расстояние_до_метро": 9,
        "Расстояние_до_школы": 1
    }
]