[
    {
        "Название": "ОАО «Савина»",
        "Адрес": "клх Тымовское, пер. Транспортный, д. 7/6 стр. 90, 050113",
        "Количество_этажей": 39,
        "Количество_квартир": 273,
        "Год_постройки": "2013",
        "Тип_материала": "стекло",
        "Площадь_квартиры": 51,
        "Количество_жителей": 362,
        "Наличие_лифта": true,
        "Наличие_охраны": false,
        "Наличие_парковки": true,
        "Расход_энергии_на_дом": 40554,
        "Наличие_спортивного_зала": true,
        "Расстояние_до_центра": 1,
        "Расстояние_до_метро": 7,
        "Расстояние_до_школы": 4
    },
    {
        "Название": "РАО «Степанов-Орехова»",
        "Адрес": "с. Раменское, ул. Надежды, д. 5/2 стр. 3, 799293",
        "Количество_этажей": 47,
        "Количество_квартир": 329,
        "Год_постройки": "2001",
        "Тип_материала": "кирпич",
        "Площадь_квартиры": 163,
        "Количество_жителей": 136,
        "Наличие_лифта": true,
        "Наличие_охраны": true,
        "Наличие_парковки": true,
        "Расход_энергии_на_дом": 13037,
        "Наличие_спортивного_зала": true,
        "Расстояние_до_центра": 2,
        "Расстояние_до_метро": 2,
        "Расстояние_до_школы": 4
    },
    {
        "Название": "ООО «Афанасьева»",
        "Адрес": "к. Муром, бул. 50 лет Октября, д. 83, 803687",
        "Количество_этажей": 46,
        "Количество_квартир": 322,
        "Год_постройки": "2009",
        "Тип_материала": "кирпич",
        "Площадь_квартиры": 99,
        "Количество_жителей": 202,
        "Наличие_лифта": true,
        "Наличие_охраны": true,
        "Наличие_парковки": false,
        "Расход_энергии_на_дом": 24082,
        "Наличие_спортивного_зала": false,
        "Расстояние_до_центра": 17,
        "Расстояние_до_метро": 2,
        "Расстояние_до_школы": 4
    },
    {
        "Название": "ОАО «Ефимова, Шубин и Ефимова»",
        "Адрес": "ст. Катав-Ивановск, пер. Мостовой, д. 6 к. 2, 324404",
        "Количество_этажей": 24,
        "Количество_квартир": 168,
        "Год_постройки": "1980",
        "Тип_материала": "кирпич",
        "Площадь_квартиры": 156,
        "Количество_жителей": 289,
        "Наличие_лифта": true,
        "Наличие_охраны": false,
        "Наличие_парковки": true,
        "Расход_энергии_на_дом": 14405,
        "Наличие_спортивного_зала": true,
        "Расстояние_до_центра": 2,
        "Расстояние_до_метро": 8,
        "Расстояние_до_школы": 1
    },
    {
        "Название": "РАО «Ковалев, Морозов и Романов»",
        "Адрес": "г. Краснотурьинск, ш. Трактовое, д. 57 стр. 471, 277388",
        "Количество_этажей": 25,
        "Количество_квартир": 175,
        "Год_постройки": "1970",
        "Тип_материала": "стекло",
        "Площадь_квартиры": 136,
        "Количество_жителей": 422,
        "Наличие_лифта": true,
        "Наличие_охраны": true,
        "Наличие_парковки": false,
        "Расход_энергии_на_дом": 28027,
        "Наличие_спортивного_зала": true,
        "Расстояние_до_центра": 18,
        "Расстояние_до_метро": 10,
        "Расстояние_до_школы": 2
    },
    {
        "Название": "ОАО «Ильин»",
        "Адрес": "г. Токма, пер. Монтажников, д. 350 стр. 8/7, 867664",
        "Количество_этажей": 24,
        "Количество_квартир": 168,
        "Год_постройки": "1997",
        "Тип_материала": "кирпич",
        "Площадь_квартиры": 175,
        "Количество_жителей": 403,
        "Наличие_лифта": true,
        "Наличие_охраны": true,
        "Наличие_парковки": true,
        "Расход_энергии_на_дом": 48454,
        "Наличие_спортивного_зала": false,
        "Расстояние_до_центра": 13,
        "Расстояние_до_метро": 4,
        "Расстояние_до_школы": 5
    },
    {
        "Название": "РАО «Шаров, Копылов и Аксенов»",
        "Адрес": "д. Морозовск, алл. Сибирская, д. 8/5 к. 82, 007992",
        "Количество_этажей": 25,
        "Количество_квартир": 175,
        "Год_постройки": "2009",
        "Тип_материала": "стекло",
        "Площадь_квартиры": 138,
        "Количество_жителей": 421,
        "Наличие_лифта": true,
        "Наличие_охраны": true,
        "Наличие_парковки": false,
        "Расход_энергии_на_дом": 33956,
        "Наличие_спортивного_зала": true,
        "Расстояние_до_центра": 13,
        "Расстояние_до_метро": 7,
        "Расстояние_до_школы": 4
    },
    {
        "Название": "Нестле Россия (Nestle)",
        "Адрес": "д. Медногорск, алл. Амурская, д. 69 стр. 9, 738837",
        "Количество_этажей": 31,
        "Количество_квартир": 217,
        "Год_постройки": "2002",
        "Тип_материала": "кирпич",
        "Площадь_квартиры": 51,
        "Количество_жителей": 62,
        "Наличие_лифта": true,
        "Наличие_охраны": true,
        "Наличие_парковки": false,
        "Расход_энергии_на_дом": 47108,
        "Наличие_спортивного_зала": true,
        "Расстояние_до_центра": 9,
        "Расстояние_до_метро": 10,
        "Расстояние_до_школы": 3
    },
    {
        "Название": "Новикомбанк",
        "Адрес": "д. Новосибирск, пр. Поселковый, д. 43, 220444",
        "Количество_этажей": 26,
        "Количество_квартир": 182,
        "Год_постройки": "1986",
        "Тип_материала": "кирпич",
        "Площадь_квартиры": 195,
        "Количество_жителей": 77,
        "Наличие_лифта": true,
        "Наличие_охраны": true,
        "Наличие_парковки": false,
        "Расход_энергии_на_дом": 34129,
        "Наличие_спортивного_зала": false,
        "Расстояние_до_центра": 18,
        "Расстояние_до_метро": 4,
        "Расстояние_до_школы": 2
    },
    {
        "Название": "Федоров Групп",
        "Адрес": "к. Барнаул, пер. Морской, д. 9 стр. 101, 145247",
        "Количество_этажей": 45,
        "Количество_квартир": 315,
        "Год_постройки": "2000",
        "Тип_материала": "железобетон",
        "Площадь_квартиры": 152,
        "Количество_жителей": 103,
        "Наличие_лифта": true,
        "Наличие_охраны": true,
        "Наличие_парковки": false,
        "Расход_энергии_на_дом": 35191,
        "Наличие_спортивного_зала": false,
        "Расстояние_до_центра": 18,
        "Расстояние_до_метро": 5,
        "Расстояние_до_школы": 2
    },
    {
        "Название": "НПО «Большакова Орехова»",
        "Адрес": "ст. Арзамас, пер. Горького, д. 9/5, 997182",
        "Количество_этажей": 29,
        "Количество_квартир": 203,
        "Год_постройки": "1976",
        "Тип_материала": "стекло",
        "Площадь_квартиры": 82,
        "Количество_жителей": 236,
        "Наличие_лифта": true,
        "Наличие_охраны": true,
        "Наличие_парковки": false,
        "Расход_энергии_на_дом": 26228,
        "Наличие_спортивного_зала": true,
        "Расстояние_до_центра": 3,
        "Расстояние_до_метро": 5,
        "Расстояние_до_школы": 3
    },
    {
        "Название": "Лыткина Групп",
        "Адрес": "п. Новгород Великий, пр. Бабушкина, д. 44 к. 2/6, 574207",
        "Количество_этажей": 22,
        "Количество_квартир": 154,
        "Год_постройки": "1990",
        "Тип_материала": "кирпич",
        "Площадь_квартиры": 192,
        "Количество_жителей": 159,
        "Наличие_лифта": true,
        "Наличие_охраны": true,
        "Наличие_парковки": false,
        "Расход_энергии_на_дом": 42569,
        "Наличие_спортивного_зала": true,
        "Расстояние_до_центра": 10,
        "Расстояние_до_метро": 7,
        "Расстояние_до_школы": 3
    },
    {
        "Название": "ООО «Ситников»",
        "Адрес": "г. Ижевск, алл. Выгонная, д. 2/7 к. 9, 774346",
        "Количество_этажей": 23,
        "Количество_квартир": 161,
        "Год_постройки": "1977",
        "Тип_материала": "стекло",
        "Площадь_квартиры": 98,
        "Количество_жителей": 445,
        "Наличие_лифта": true,
        "Наличие_охраны": true,
        "Наличие_парковки": true,
        "Расход_энергии_на_дом": 27751,
        "Наличие_спортивного_зала": false,
        "Расстояние_до_центра": 6,
        "Расстояние_до_метро": 2,
        "Расстояние_до_школы": 4
    },
    {
        "Название": "Волгоградэнергосбыт",
        "Адрес": "ст. Бреды, ул. Путейская, д. 3/4 к. 55, 288057",
        "Количество_этажей": 39,
        "Количество_квартир": 273,
        "Год_постройки": "2012",
        "Тип_материала": "стекло",
        "Площадь_квартиры": 88,
        "Количество_жителей": 81,
        "Наличие_лифта": true,
        "Наличие_охраны": true,
        "Наличие_парковки": true,
        "Расход_энергии_на_дом": 45789,
        "Наличие_спортивного_зала": false,
        "Расстояние_до_центра": 11,
        "Расстояние_до_метро": 7,
        "Расстояние_до_школы": 2
    },
    {
        "Название": "РАО «Соколова»",
        "Адрес": "п. Нефтегорск (Самар.), пер. Транспортный, д. 4, 487282",
        "Количество_этажей": 22,
        "Количество_квартир": 154,
        "Год_постройки": "1978",
        "Тип_материала": "кирпич",
        "Площадь_квартиры": 171,
        "Количество_жителей": 75,
        "Наличие_лифта": true,
        "Наличие_охраны": true,
        "Наличие_парковки": false,
        "Расход_энергии_на_дом": 13283,
        "Наличие_спортивного_зала": false,
        "Расстояние_до_центра": 6,
        "Расстояние_до_метро": 10,
        "Расстояние_до_школы": 2
    }
]