[
    {
        "Название": "РАО «Попов-Пестов»",
        "Адрес": "д. Санкт-Петербург, алл. Песчаная, д. 4/1, 688694",
        "Количество_этажей": 31,
        "Количество_квартир": 217,
        "Год_постройки": "1997",
        "Тип_материала": "стекло",
        "Площадь_квартиры": 151,
        "Количество_жителей": 189,
        "Наличие_лифта": true,
        "Наличие_охраны": true,
        "Наличие_парковки": false,
        "Расход_энергии_на_дом": 26370,
        "Наличие_спортивного_зала": false,
        "Расстояние_до_центра": 8,
        "Расстояние_до_метро": 5,
        "Расстояние_до_школы": 2
    },
    {
        "Название": "НПО «Константинов, Воробьев и Терентьев»",
        "Адрес": "клх Октябрьское (Хант.), бул. Заливный, д. 215 к. 6, 025992",
        "Количество_этажей": 47,
        "Количество_квартир": 329,
        "Год_постройки": "1991",
        "Тип_материала": "стекло",
        "Площадь_квартиры": 193,
        "Количество_жителей": 229,
        "Наличие_лифта": true,
        "Наличие_охраны": true,
        "Наличие_парковки": true,
        "Расход_энергии_на_дом": 22991,
        "Наличие_спортивного_зала": false,
        "Расстояние_до_центра": 11,
        "Расстояние_до_метро": 7,
        "Расстояние_до_школы": 3
    },
    {
        "Название": "ПКФ ДиПОС",
        "Адрес": "ст. Сарапул, пр. 70 лет Октября, д. 7, 766805",
        "Количество_этажей": 45,
        "Количество_квартир": 315,
        "Год_постройки": "1975",
        "Тип_материала": "стекло",
        "Площадь_квартиры": 78,
        "Количество_жителей": 233,
        "Наличие_лифта": true,
        "Наличие_охраны": true,
        "Наличие_парковки": false,
        "Расход_энергии_на_дом": 41585,
        "Наличие_спортивного_зала": false,
        "Расстояние_до_центра": 16,
        "Расстояние_до_метро": 10,
        "Расстояние_до_школы": 2
    },
    {
        "Название": "ООО «Суворов-Антонова»",
        "Адрес": "к. Калачинск, алл. Войкова, д. 6/6, 981402",
        "Количество_этажей": 44,
        "Количество_квартир": 308,
        "Год_постройки": "1990",
        "Тип_материала": "кирпич",
        "Площадь_квартиры": 57,
        "Количество_жителей": 103,
        "Наличие_лифта": true,
        "Наличие_охраны": true,
        "Наличие_парковки": true,
        "Расход_энергии_на_дом": 38558,
        "Наличие_спортивного_зала": false,
        "Расстояние_до_центра": 14,
        "Расстояние_до_метро": 8,
        "Расстояние_до_школы": 5
    },
    {
        "Название": "ЗАО «Сорокин, Колобова и Соловьева»",
        "Адрес": "д. Каменск-Уральский, ул. Краснодарская, д. 22 стр. 8/6, 569039",
        "Количество_этажей": 28,
        "Количество_квартир": 196,
        "Год_постройки": "2009",
        "Тип_материала": "кирпич",
        "Площадь_квартиры": 155,
        "Количество_жителей": 282,
        "Наличие_лифта": true,
        "Наличие_охраны": true,
        "Наличие_парковки": false,
        "Расход_энергии_на_дом": 17773,
        "Наличие_спортивного_зала": false,
        "Расстояние_до_центра": 20,
        "Расстояние_до_метро": 4,
        "Расстояние_до_школы": 1
    },
    {
        "Название": "Горшков Лтд",
        "Адрес": "клх Балтийск, пр. Микрорайон, д. 12 к. 9/1, 534926",
        "Количество_этажей": 44,
        "Количество_квартир": 308,
        "Год_постройки": "1995",
        "Тип_материала": "стекло",
        "Площадь_квартиры": 60,
        "Количество_жителей": 63,
        "Наличие_лифта": true,
        "Наличие_охраны": true,
        "Наличие_парковки": false,
        "Расход_энергии_на_дом": 19372,
        "Наличие_спортивного_зала": false,
        "Расстояние_до_центра": 20,
        "Расстояние_до_метро": 1,
        "Расстояние_до_школы": 1
    },
    {
        "Название": "ИП «Шилов»",
        "Адрес": "г. Тихвин, ш. Клары Цеткин, д. 566, 254696",
        "Количество_этажей": 33,
        "Количество_квартир": 231,
        "Год_постройки": "2013",
        "Тип_материала": "стекло",
        "Площадь_квартиры": 129,
        "Количество_жителей": 410,
        "Наличие_лифта": true,
        "Наличие_охраны": true,
        "Наличие_парковки": true,
        "Расход_энергии_на_дом": 17587,
        "Наличие_спортивного_зала": false,
        "Расстояние_до_центра": 8,
        "Расстояние_до_метро": 2,
        "Расстояние_до_школы": 5
    },
    {
        "Название": "РАО «Дроздов»",
        "Адрес": "с. Сортавала, бул. Кузнечный, д. 965 к. 7/2, 626164",
        "Количество_этажей": 40,
        "Количество_квартир": 280,
        "Год_постройки": "2013",
        "Тип_материала": "железобетон",
        "Площадь_квартиры": 109,
        "Количество_жителей": 392,
        "Наличие_лифта": true,
        "Наличие_охраны": false,
        "Наличие_парковки": true,
        "Расход_энергии_на_дом": 49694,
        "Наличие_спортивного_зала": false,
        "Расстояние_до_центра": 7,
        "Расстояние_до_метро": 8,
        "Расстояние_до_школы": 1
    },
    {
        "Название": "НПО «Суханов»",
        "Адрес": "к. Дмитров, ул. Владимирская, д. 958 к. 650, 979120",
        "Количество_этажей": 42,
        "Количество_квартир": 294,
        "Год_постройки": "2014",
        "Тип_материала": "стекло",
        "Площадь_квартиры": 96,
        "Количество_жителей": 390,
        "Наличие_лифта": true,
        "Наличие_охраны": true,
        "Наличие_парковки": false,
        "Расход_энергии_на_дом": 19848,
        "Наличие_спортивного_зала": false,
        "Расстояние_до_центра": 9,
        "Расстояние_до_метро": 9,
        "Расстояние_до_школы": 5
    },
    {
        "Название": "РАО «Селезнева-Жданова»",
        "Адрес": "с. Андреаполь, пр. Осенний, д. 8 к. 38, 087443",
        "Количество_этажей": 45,
        "Количество_квартир": 315,
        "Год_постройки": "2006",
        "Тип_материала": "стекло",
        "Площадь_квартиры": 62,
        "Количество_жителей": 262,
        "Наличие_лифта": false,
        "Наличие_охраны": true,
        "Наличие_парковки": true,
        "Расход_энергии_на_дом": 47016,
        "Наличие_спортивного_зала": false,
        "Расстояние_до_центра": 9,
        "Расстояние_до_метро": 4,
        "Расстояние_до_школы": 3
    },
    {
        "Название": "Метро Кэш энд Керри (Metro Cash & Carry)",
        "Адрес": "г. Красногорск (Моск.), пер. Маркса, д. 2/1 к. 22, 060015",
        "Количество_этажей": 42,
        "Количество_квартир": 294,
        "Год_постройки": "2008",
        "Тип_материала": "стекло",
        "Площадь_квартиры": 143,
        "Количество_жителей": 121,
        "Наличие_лифта": true,
        "Наличие_охраны": true,
        "Наличие_парковки": false,
        "Расход_энергии_на_дом": 42279,
        "Наличие_спортивного_зала": false,
        "Расстояние_до_центра": 8,
        "Расстояние_до_метро": 5,
        "Расстояние_до_школы": 3
    },
    {
        "Название": "РАО «Красильников, Виноградова и Виноградов»",
        "Адрес": "к. Кашира, наб. Линейная, д. 8/9 стр. 42, 809519",
        "Количество_этажей": 25,
        "Количество_квартир": 175,
        "Год_постройки": "2015",
        "Тип_материала": "железобетон",
        "Площадь_квартиры": 85,
        "Количество_жителей": 365,
        "Наличие_лифта": true,
        "Наличие_охраны": false,
        "Наличие_парковки": true,
        "Расход_энергии_на_дом": 25574,
        "Наличие_спортивного_зала": true,
        "Расстояние_до_центра": 19,
        "Расстояние_до_метро": 2,
        "Расстояние_до_школы": 2
    },
    {
        "Название": "Арконик СМЗ",
        "Адрес": "п. Королев, бул. Дарвина, д. 5/1 стр. 70, 331842",
        "Количество_этажей": 46,
        "Количество_квартир": 322,
        "Год_постройки": "1987",
        "Тип_материала": "железобетон",
        "Площадь_квартиры": 168,
        "Количество_жителей": 301,
        "Наличие_лифта": true,
        "Наличие_охраны": true,
        "Наличие_парковки": true,
        "Расход_энергии_на_дом": 19068,
        "Наличие_спортивного_зала": true,
        "Расстояние_до_центра": 18,
        "Расстояние_до_метро": 1,
        "Расстояние_до_школы": 1
    },
    {
        "Название": "Кириллова Групп",
        "Адрес": "г. Кедровый, алл. Линейная, д. 5, 678692",
        "Количество_этажей": 42,
        "Количество_квартир": 294,
        "Год_постройки": "1991",
        "Тип_материала": "железобетон",
        "Площадь_квартиры": 185,
        "Количество_жителей": 435,
        "Наличие_лифта": true,
        "Наличие_охраны": false,
        "Наличие_парковки": true,
        "Расход_энергии_на_дом": 27906,
        "Наличие_спортивного_зала": true,
        "Расстояние_до_центра": 9,
        "Расстояние_до_метро": 2,
        "Расстояние_до_школы": 4
    },
    {
        "Название": "ГКНПЦ им. М.В.Хруничева",
        "Адрес": "ст. Хоста, пр. Братский, д. 48, 029378",
        "Количество_этажей": 21,
        "Количество_квартир": 147,
        "Год_постройки": "2014",
        "Тип_материала": "железобетон",
        "Площадь_квартиры": 109,
        "Количество_жителей": 466,
        "Наличие_лифта": false,
        "Наличие_охраны": true,
        "Наличие_парковки": false,
        "Расход_энергии_на_дом": 31357,
        "Наличие_спортивного_зала": true,
        "Расстояние_до_центра": 6,
        "Расстояние_до_метро": 3,
        "Расстояние_до_школы": 4
    }
]