[
    {
        "Название": "Омега Групп",
        "Адрес": "ст. Сальск, наб. Амурская, д. 3 стр. 24, 168955",
        "Количество_этажей": 22,
        "Количество_квартир": 154,
        "Год_постройки": "2005",
        "Тип_материала": "железобетон",
        "Площадь_квартиры": 60,
        "Количество_жителей": 183,
        "Наличие_лифта": true,
        "Наличие_охраны": false,
        "Наличие_парковки": false,
        "Расход_энергии_на_дом": 42559,
        "Наличие_спортивного_зала": false,
        "Расстояние_до_центра": 3,
        "Расстояние_до_метро": 2,
        "Расстояние_до_школы": 5
    },
    {
        "Название": "ОАО «Сорокин Доронин»",
        "Адрес": "д. Моршанск, бул. Строителей, д. 147 к. 398, 793239",
        "Количество_этажей": 44,
        "Количество_квартир": 308,
        "Год_постройки": "1987",
        "Тип_материала": "кирпич",
        "Площадь_квартиры": 51,
        "Количество_жителей": 270,
        "Наличие_лифта": false,
        "Наличие_охраны": true,
        "Наличие_парковки": false,
        "Расход_энергии_на_дом": 49765,
        "Наличие_спортивного_зала": true,
        "Расстояние_до_центра": 19,
        "Расстояние_до_метро": 2,
        "Расстояние_до_школы": 2
    },
    {
        "Название": "НПО «Лаврентьев, Шилова и Субботин»",
        "Адрес": "п. Онега, наб. Революционная, д. 976, 828983",
        "Количество_этажей": 46,
        "Количество_квартир": 322,
        "Год_постройки": "1980",
        "Тип_материала": "кирпич",
        "Площадь_квартиры": 128,
        "Количество_жителей": 113,
        "Наличие_лифта": false,
        "Наличие_охраны": true,
        "Наличие_парковки": true,
        "Расход_энергии_на_дом": 45827,
        "Наличие_спортивного_зала": false,
        "Расстояние_до_центра": 13,
        "Расстояние_до_метро": 3,
        "Расстояние_до_школы": 3
    },
    {
        "Название": "АО «Кононова, Селезнева и Маркова»",
        "Адрес": "с. Дербент, наб. Авиационная, д. 4, 333551",
        "Количество_этажей": 37,
        "Количество_квартир": 259,
        "Год_постройки": "2005",
        "Тип_материала": "железобетон",
        "Площадь_квартиры": 68,
        "Количество_жителей": 258,
        "Наличие_лифта": true,
        "Наличие_охраны": true,
        "Наличие_парковки": false,
        "Расход_энергии_на_дом": 47241,
        "Наличие_спортивного_зала": false,
        "Расстояние_до_центра": 8,
        "Расстояние_до_метро": 4,
        "Расстояние_до_школы": 1
    },
    {
        "Название": "РАО «Абрамова Гордеев»",
        "Адрес": "ст. Вуктыл, алл. Воронежская, д. 453 стр. 453, 443306",
        "Количество_этажей": 32,
        "Количество_квартир": 224,
        "Год_постройки": "1983",
        "Тип_материала": "стекло",
        "Площадь_квартиры": 97,
        "Количество_жителей": 84,
        "Наличие_лифта": true,
        "Наличие_охраны": false,
        "Наличие_парковки": false,
        "Расход_энергии_на_дом": 10154,
        "Наличие_спортивного_зала": false,
        "Расстояние_до_центра": 5,
        "Расстояние_до_метро": 5,
        "Расстояние_до_школы": 4
    },
    {
        "Название": "Кока-Кола Эйчбиси Евразия (Coca-Cola)",
        "Адрес": "ст. Калач, наб. Алтайская, д. 5 к. 257, 079094",
        "Количество_этажей": 39,
        "Количество_квартир": 273,
        "Год_постройки": "1979",
        "Тип_материала": "кирпич",
        "Площадь_квартиры": 120,
        "Количество_жителей": 145,
        "Наличие_лифта": false,
        "Наличие_охраны": false,
        "Наличие_парковки": true,
        "Расход_энергии_на_дом": 25492,
        "Наличие_спортивного_зала": false,
        "Расстояние_до_центра": 17,
        "Расстояние_до_метро": 6,
        "Расстояние_до_школы": 4
    },
    {
        "Название": "ЗАО «Лаврентьева»",
        "Адрес": "с. Тольятти, алл. Ставропольская, д. 8 к. 60, 218527",
        "Количество_этажей": 40,
        "Количество_квартир": 280,
        "Год_постройки": "2016",
        "Тип_материала": "кирпич",
        "Площадь_квартиры": 97,
        "Количество_жителей": 142,
        "Наличие_лифта": true,
        "Наличие_охраны": true,
        "Наличие_парковки": false,
        "Расход_энергии_на_дом": 11416,
        "Наличие_спортивного_зала": true,
        "Расстояние_до_центра": 6,
        "Расстояние_до_метро": 2,
        "Расстояние_до_школы": 5
    },
    {
        "Название": "Дикси Групп",
        "Адрес": "г. Воронеж, ул. 8-е Марта, д. 42 к. 98, 426205",
        "Количество_этажей": 43,
        "Количество_квартир": 301,
        "Год_постройки": "1988",
        "Тип_материала": "железобетон",
        "Площадь_квартиры": 116,
        "Количество_жителей": 374,
        "Наличие_лифта": true,
        "Наличие_охраны": true,
        "Наличие_парковки": true,
        "Расход_энергии_на_дом": 10182,
        "Наличие_спортивного_зала": true,
        "Расстояние_до_центра": 2,
        "Расстояние_до_метро": 6,
        "Расстояние_до_школы": 4
    },
    {
        "Название": "ООО «Лобанова-Семенова»",
        "Адрес": "к. Слюдянка, пр. Приозерный, д. 98, 671331",
        "Количество_этажей": 27,
        "Количество_квартир": 189,
        "Год_постройки": "1970",
        "Тип_материала": "кирпич",
        "Площадь_квартиры": 107,
        "Количество_жителей": 400,
        "Наличие_лифта": true,
        "Наличие_охраны": true,
        "Наличие_парковки": true,
        "Расход_энергии_на_дом": 24519,
        "Наличие_спортивного_зала": false,
        "Расстояние_до_центра": 4,
        "Расстояние_до_метро": 3,
        "Расстояние_до_школы": 4
    },
    {
        "Название": "ОАО «Алексеева Бобров»",
        "Адрес": "ст. Пушкин, пр. Восточный, д. 666 к. 67, 992920",
        "Количество_этажей": 30,
        "Количество_квартир": 210,
        "Год_постройки": "2012",
        "Тип_материала": "железобетон",
        "Площадь_квартиры": 195,
        "Количество_жителей": 360,
        "Наличие_лифта": true,
        "Наличие_охраны": false,
        "Наличие_парковки": true,
        "Расход_энергии_на_дом": 40598,
        "Наличие_спортивного_зала": false,
        "Расстояние_до_центра": 4,
        "Расстояние_до_метро": 4,
        "Расстояние_до_школы": 2
    },
    {
        "Название": "Суханов Инк",
        "Адрес": "д. Кировск (Ленин.), пр. Широкий, д. 2 к. 7, 028285",
        "Количество_этажей": 24,
        "Количество_квартир": 168,
        "Год_постройки": "2009",
        "Тип_материала": "кирпич",
        "Площадь_квартиры": 70,
        "Количество_жителей": 315,
        "Наличие_лифта": false,
        "Наличие_охраны": true,
        "Наличие_парковки": true,
        "Расход_энергии_на_дом": 27796,
        "Наличие_спортивного_зала": false,
        "Расстояние_до_центра": 19,
        "Расстояние_до_метро": 1,
        "Расстояние_до_школы": 4
    },
    {
        "Название": "ОАО «Ермакова Рогов»",
        "Адрес": "ст. Дубна, пр. Достоевского, д. 31 к. 38, 696655",
        "Количество_этажей": 41,
        "Количество_квартир": 287,
        "Год_постройки": "2016",
        "Тип_материала": "железобетон",
        "Площадь_квартиры": 135,
        "Количество_жителей": 223,
        "Наличие_лифта": false,
        "Наличие_охраны": true,
        "Наличие_парковки": true,
        "Расход_энергии_на_дом": 43325,
        "Наличие_спортивного_зала": true,
        "Расстояние_до_центра": 3,
        "Расстояние_до_метро": 9,
        "Расстояние_до_школы": 3
    },
    {
        "Название": "НЛМК",
        "Адрес": "п. Чебоксары, ул. Герцена, д. 110, 040614",
        "Количество_этажей": 50,
        "Количество_квартир": 350,
        "Год_постройки": "1979",
        "Тип_материала": "кирпич",
        "Площадь_квартиры": 166,
        "Количество_жителей": 495,
        "Наличие_лифта": true,
        "Наличие_охраны": false,
        "Наличие_парковки": false,
        "Расход_энергии_на_дом": 49915,
        "Наличие_спортивного_зала": false,
        "Расстояние_до_центра": 11,
        "Расстояние_до_метро": 6,
        "Расстояние_до_школы": 3
    },
    {
        "Название": "Ашинский металлургический завод",
        "Адрес": "п. Алдан, бул. Заозерный, д. 116, 868309",
        "Количество_этажей": 48,
        "Количество_квартир": 336,
        "Год_постройки": "1994",
        "Тип_материала": "стекло",
        "Площадь_квартиры": 153,
        "Количество_жителей": 292,
        "Наличие_лифта": true,
        "Наличие_охраны": false,
        "Наличие_парковки": false,
        "Расход_энергии_на_дом": 43099,
        "Наличие_спортивного_зала": false,
        "Расстояние_до_центра": 12,
        "Расстояние_до_метро": 5,
        "Расстояние_до_школы": 3
    },
    {
        "Название": "РАО «Федотов»",
        "Адрес": "ст. Верхний Уфалей, наб. Баумана, д. 5, 441006",
        "Количество_этажей": 26,
        "Количество_квартир": 182,
        "Год_постройки": "1995",
        "Тип_материала": "железобетон",
        "Площадь_квартиры": 130,
        "Количество_жителей": 187,
        "Наличие_лифта": false,
        "Наличие_охраны": true,
        "Наличие_парковки": true,
        "Расход_энергии_на_дом": 39026,
        "Наличие_спортивного_зала": false,
        "Расстояние_до_центра": 16,
        "Расстояние_до_метро": 8,
        "Расстояние_до_школы": 1
    }
]