[
    {
        "Название": "Алексеева Инкорпорэйтед",
        "Адрес": "к. Андреаполь, ш. Молодежное, д. 9/1 стр. 5, 145179",
        "Количество_этажей": 36,
        "Количество_квартир": 252,
        "Год_постройки": "1987",
        "Тип_материала": "стекло",
        "Площадь_квартиры": 99,
        "Количество_жителей": 351,
        "Наличие_лифта": true,
        "Наличие_охраны": true,
        "Наличие_парковки": false,
        "Расход_энергии_на_дом": 40326,
        "Наличие_спортивного_зала": false,
        "Расстояние_до_центра": 14,
        "Расстояние_до_метро": 6,
        "Расстояние_до_школы": 1
    },
    {
        "Название": "Артис-Агро Экспорт",
        "Адрес": "клх Троицко-Печорск, ш. Мусы Джалиля, д. 8 стр. 48, 893646",
        "Количество_этажей": 33,
        "Количество_квартир": 231,
        "Год_постройки": "2019",
        "Тип_материала": "кирпич",
        "Площадь_квартиры": 105,
        "Количество_жителей": 384,
        "Наличие_лифта": false,
        "Наличие_охраны": true,
        "Наличие_парковки": false,
        "Расход_энергии_на_дом": 31301,
        "Наличие_спортивного_зала": false,
        "Расстояние_до_центра": 9,
        "Расстояние_до_метро": 10,
        "Расстояние_до_школы": 2
    },
    {
        "Название": "ИП «Попов-Евдокимова»",
        "Адрес": "клх Кандалакша, пр. Автомобилистов, д. 6/6, 963343",
        "Количество_этажей": 24,
        "Количество_квартир": 168,
        "Год_постройки": "2002",
        "Тип_материала": "кирпич",
        "Площадь_квартиры": 114,
        "Количество_жителей": 219,
        "Наличие_лифта": true,
        "Наличие_охраны": false,
        "Наличие_парковки": true,
        "Расход_энергии_на_дом": 12727,
        "Наличие_спортивного_зала": true,
        "Расстояние_до_центра": 17,
        "Расстояние_до_метро": 3,
        "Расстояние_до_школы": 1
    },
    {
        "Название": "ООО «Большаков»",
        "Адрес": "к. Витим, пер. Строительный, д. 42, 260361",
        "Количество_этажей": 39,
        "Количество_квартир": 273,
        "Год_постройки": "1983",
        "Тип_материала": "стекло",
        "Площадь_квартиры": 103,
        "Количество_жителей": 344,
        "Наличие_лифта": true,
        "Наличие_охраны": true,
        "Наличие_парковки": true,
        "Расход_энергии_на_дом": 32835,
        "Наличие_спортивного_зала": true,
        "Расстояние_до_центра": 9,
        "Расстояние_до_метро": 6,
        "Расстояние_до_школы": 5
    },
    {
        "Название": "НПО «Волков»",
        "Адрес": "г. Тулпан, ул. Смоленская, д. 2/7, 420900",
        "Количество_этажей": 49,
        "Количество_квартир": 343,
        "Год_постройки": "1977",
        "Тип_материала": "стекло",
        "Площадь_квартиры": 123,
        "Количество_жителей": 443,
        "Наличие_лифта": false,
        "Наличие_охраны": true,
        "Наличие_парковки": true,
        "Расход_энергии_на_дом": 29903,
        "Наличие_спортивного_зала": false,
        "Расстояние_до_центра": 1,
        "Расстояние_до_метро": 4,
        "Расстояние_до_школы": 1
    },
    {
        "Название": "ООО «Зыков Тетерин»",
        "Адрес": "с. Пятигорск, наб. Привокзальная, д. 633 стр. 80, 807733",
        "Количество_этажей": 29,
        "Количество_квартир": 203,
        "Год_постройки": "1988",
        "Тип_материала": "стекло",
        "Площадь_квартиры": 141,
        "Количество_жителей": 293,
        "Наличие_лифта": true,
        "Наличие_охраны": true,
        "Наличие_парковки": true,
        "Расход_энергии_на_дом": 35191,
        "Наличие_спортивного_зала": false,
        "Расстояние_до_центра": 14,
        "Расстояние_до_метро": 2,
        "Расстояние_до_школы": 3
    },
    {
        "Название": "Куликова Лимитед",
        "Адрес": "с. Кемерово, ул. Челюскинцев, д. 286 стр. 62, 481689",
        "Количество_этажей": 34,
        "Количество_квартир": 238,
        "Год_постройки": "1993",
        "Тип_материала": "железобетон",
        "Площадь_квартиры": 118,
        "Количество_жителей": 109,
        "Наличие_лифта": true,
        "Наличие_охраны": true,
        "Наличие_парковки": true,
        "Расход_энергии_на_дом": 15234,
        "Наличие_спортивного_зала": true,
        "Расстояние_до_центра": 12,
        "Расстояние_до_метро": 1,
        "Расстояние_до_школы": 1
    },
    {
        "Название": "НПО «Федоров-Мясникова»",
        "Адрес": "клх Волгодонск, наб. Космодемьянской, д. 6/5 стр. 5, 089380",
        "Количество_этажей": 42,
        "Количество_квартир": 294,
        "Год_постройки": "1981",
        "Тип_материала": "стекло",
        "Площадь_квартиры": 121,
        "Количество_жителей": 365,
        "Наличие_лифта": true,
        "Наличие_охраны": true,
        "Наличие_парковки": true,
        "Расход_энергии_на_дом": 24770,
        "Наличие_спортивного_зала": false,
        "Расстояние_до_центра": 19,
        "Расстояние_до_метро": 2,
        "Расстояние_до_школы": 2
    },
    {
        "Название": "НПО «Гуляева Павлов»",
        "Адрес": "ст. Асбест, наб. Песчаная, д. 214, 553875",
        "Количество_этажей": 30,
        "Количество_квартир": 210,
        "Год_постройки": "2003",
        "Тип_материала": "стекло",
        "Площадь_квартиры": 122,
        "Количество_жителей": 116,
        "Наличие_лифта": true,
        "Наличие_охраны": true,
        "Наличие_парковки": false,
        "Расход_энергии_на_дом": 41264,
        "Наличие_спортивного_зала": false,
        "Расстояние_до_центра": 12,
        "Расстояние_до_метро": 6,
        "Расстояние_до_школы": 3
    },
    {
        "Название": "Прохоров Групп",
        "Адрес": "к. Оренбург, пер. ДОС, д. 8 к. 8/6, 270035",
        "Количество_этажей": 28,
        "Количество_квартир": 196,
        "Год_постройки": "2005",
        "Тип_материала": "стекло",
        "Площадь_квартиры": 93,
        "Количество_жителей": 164,
        "Наличие_лифта": true,
        "Наличие_охраны": true,
        "Наличие_парковки": false,
        "Расход_энергии_на_дом": 30412,
        "Наличие_спортивного_зала": false,
        "Расстояние_до_центра": 17,
        "Расстояние_до_метро": 8,
        "Расстояние_до_школы": 2
    },
    {
        "Название": "РАО «Мишин-Голубева»",
        "Адрес": "г. Мичуринск, наб. Герцена, д. 3/9 стр. 3/5, 496835",
        "Количество_этажей": 33,
        "Количество_квартир": 231,
        "Год_постройки": "2000",
        "Тип_материала": "стекло",
        "Площадь_квартиры": 131,
        "Количество_жителей": 410,
        "Наличие_лифта": true,
        "Наличие_охраны": true,
        "Наличие_парковки": false,
        "Расход_энергии_на_дом": 32466,
        "Наличие_спортивного_зала": true,
        "Расстояние_до_центра": 3,
        "Расстояние_до_метро": 6,
        "Расстояние_до_школы": 1
    },
    {
        "Название": "РАО «Корнилова, Карпова и Пономарева»",
        "Адрес": "к. Цимлянск, алл. Овражная, д. 7, 874402",
        "Количество_этажей": 23,
        "Количество_квартир": 161,
        "Год_постройки": "1979",
        "Тип_материала": "стекло",
        "Площадь_квартиры": 140,
        "Количество_жителей": 449,
        "Наличие_лифта": true,
        "Наличие_охраны": true,
        "Наличие_парковки": true,
        "Расход_энергии_на_дом": 28841,
        "Наличие_спортивного_зала": false,
        "Расстояние_до_центра": 15,
        "Расстояние_до_метро": 3,
        "Расстояние_до_школы": 1
    },
    {
        "Название": "Владимиров Групп",
        "Адрес": "с. Барнаул, ул. Тихая, д. 35 стр. 78, 539174",
        "Количество_этажей": 33,
        "Количество_квартир": 231,
        "Год_постройки": "2007",
        "Тип_материала": "железобетон",
        "Площадь_квартиры": 175,
        "Количество_жителей": 129,
        "Наличие_лифта": true,
        "Наличие_охраны": true,
        "Наличие_парковки": true,
        "Расход_энергии_на_дом": 16053,
        "Наличие_спортивного_зала": false,
        "Расстояние_до_центра": 3,
        "Расстояние_до_метро": 6,
        "Расстояние_до_школы": 2
    },
    {
        "Название": "ИП «Мартынова-Самойлов»",
        "Адрес": "п. Усинск, бул. Отрадный, д. 3/8 стр. 34, 837692",
        "Количество_этажей": 24,
        "Количество_квартир": 168,
        "Год_постройки": "1985",
        "Тип_материала": "кирпич",
        "Площадь_квартиры": 127,
        "Количество_жителей": 356,
        "Наличие_лифта": true,
        "Наличие_охраны": false,
        "Наличие_парковки": false,
        "Расход_энергии_на_дом": 38214,
        "Наличие_спортивного_зала": false,
        "Расстояние_до_центра": 2,
        "Расстояние_до_метро": 10,
        "Расстояние_до_школы": 4
    },
    {
        "Название": "ООО «Веселов Шестакова»",
        "Адрес": "с. Северодвинск, ш. Привольное, д. 788, 588772",
        "Количество_этажей": 50,
        "Количество_квартир": 350,
        "Год_постройки": "2017",
        "Тип_материала": "железобетон",
        "Площадь_квартиры": 114,
        "Количество_жителей": 279,
        "Наличие_лифта": true,
        "Наличие_охраны": true,
        "Наличие_парковки": false,
        "Расход_энергии_на_дом": 35385,
        "Наличие_спортивного_зала": false,
        "Расстояние_до_центра": 10,
        "Расстояние_до_метро": 6,
        "Расстояние_до_школы": 3
    }
]