[
    {
        "Название": "РАО «Субботина-Дроздова»",
        "Адрес": "п. Плесецк, наб. Калужская, д. 14 стр. 41, 281187",
        "Количество_этажей": 42,
        "Количество_квартир": 294,
        "Год_постройки": "2014",
        "Тип_материала": "кирпич",
        "Площадь_квартиры": 133,
        "Количество_жителей": 194,
        "Наличие_лифта": true,
        "Наличие_охраны": true,
        "Наличие_парковки": false,
        "Расход_энергии_на_дом": 21182,
        "Наличие_спортивного_зала": false,
        "Расстояние_до_центра": 9,
        "Расстояние_до_метро": 5,
        "Расстояние_до_школы": 3
    },
    {
        "Название": "Шарова и партнеры",
        "Адрес": "клх Сковородино, наб. Целинная, д. 72 к. 9/2, 483874",
        "Количество_этажей": 42,
        "Количество_квартир": 294,
        "Год_постройки": "1993",
        "Тип_материала": "железобетон",
        "Площадь_квартиры": 182,
        "Количество_жителей": 343,
        "Наличие_лифта": false,
        "Наличие_охраны": true,
        "Наличие_парковки": false,
        "Расход_энергии_на_дом": 49064,
        "Наличие_спортивного_зала": true,
        "Расстояние_до_центра": 1,
        "Расстояние_до_метро": 5,
        "Расстояние_до_школы": 5
    },
    {
        "Название": "Некрасов Групп",
        "Адрес": "г. Южно-Сахалинск, пр. Пригородный, д. 6/5, 064967",
        "Количество_этажей": 28,
        "Количество_квартир": 196,
        "Год_постройки": "1988",
        "Тип_материала": "стекло",
        "Площадь_квартиры": 156,
        "Количество_жителей": 170,
        "Наличие_лифта": true,
        "Наличие_охраны": true,
        "Наличие_парковки": false,
        "Расход_энергии_на_дом": 32547,
        "Наличие_спортивного_зала": true,
        "Расстояние_до_центра": 5,
        "Расстояние_до_метро": 7,
        "Расстояние_до_школы": 1
    },
    {
        "Название": "ОАО «Романова-Филиппова»",
        "Адрес": "с. Кировск (Мурм.), пр. Просвещения, д. 6/9 стр. 440, 860125",
        "Количество_этажей": 20,
        "Количество_квартир": 140,
        "Год_постройки": "1991",
        "Тип_материала": "стекло",
        "Площадь_квартиры": 197,
        "Количество_жителей": 490,
        "Наличие_лифта": false,
        "Наличие_охраны": true,
        "Наличие_парковки": true,
        "Расход_энергии_на_дом": 41166,
        "Наличие_спортивного_зала": true,
        "Расстояние_до_центра": 18,
        "Расстояние_до_метро": 1,
        "Расстояние_до_школы": 5
    },
    {
        "Название": "ИП «Силин-Цветкова»",
        "Адрес": "д. Карабулак, пер. Песчаный, д. 16, 323151",
        "Количество_этажей": 46,
        "Количество_квартир": 322,
        "Год_постройки": "2003",
        "Тип_материала": "железобетон",
        "Площадь_квартиры": 89,
        "Количество_жителей": 482,
        "Наличие_лифта": false,
        "Наличие_охраны": true,
        "Наличие_парковки": true,
        "Расход_энергии_на_дом": 28371,
        "Наличие_спортивного_зала": false,
        "Расстояние_до_центра": 7,
        "Расстояние_до_метро": 5,
        "Расстояние_до_школы": 3
    },
    {
        "Название": "Носкова Инкорпорэйтед",
        "Адрес": "г. Ишим, ш. Мелиораторов, д. 8/1 к. 587, 275347",
        "Количество_этажей": 33,
        "Количество_квартир": 231,
        "Год_постройки": "1996",
        "Тип_материала": "железобетон",
        "Площадь_квартиры": 185,
        "Количество_жителей": 450,
        "Наличие_лифта": true,
        "Наличие_охраны": true,
        "Наличие_парковки": true,
        "Расход_энергии_на_дом": 29522,
        "Наличие_спортивного_зала": false,
        "Расстояние_до_центра": 3,
        "Расстояние_до_метро": 8,
        "Расстояние_до_школы": 1
    },
    {
        "Название": "ИП «Бирюков»",
        "Адрес": "клх Оренбург, наб. Владимирская, д. 482, 377030",
        "Количество_этажей": 28,
        "Количество_квартир": 196,
        "Год_постройки": "1993",
        "Тип_материала": "стекло",
        "Площадь_квартиры": 123,
        "Количество_жителей": 266,
        "Наличие_лифта": true,
        "Наличие_охраны": false,
        "Наличие_парковки": true,
        "Расход_энергии_на_дом": 25607,
        "Наличие_спортивного_зала": false,
        "Расстояние_до_центра": 16,
        "Расстояние_до_метро": 2,
        "Расстояние_до_школы": 1
    },
    {
        "Название": "ООО «Соболев-Баранова»",
        "Адрес": "д. Усолье Сибирское, бул. Краснодарский, д. 5 стр. 9/5, 929186",
        "Количество_этажей": 22,
        "Количество_квартир": 154,
        "Год_постройки": "2007",
        "Тип_материала": "железобетон",
        "Площадь_квартиры": 165,
        "Количество_жителей": 249,
        "Наличие_лифта": true,
        "Наличие_охраны": true,
        "Наличие_парковки": false,
        "Расход_энергии_на_дом": 39858,
        "Наличие_спортивного_зала": false,
        "Расстояние_до_центра": 3,
        "Расстояние_до_метро": 2,
        "Расстояние_до_школы": 1
    },
    {
        "Название": "ИП «Маслова, Мельникова и Самойлова»",
        "Адрес": "с. Ребриха, ул. Свердлова, д. 357, 851364",
        "Количество_этажей": 47,
        "Количество_квартир": 329,
        "Год_постройки": "2002",
        "Тип_материала": "стекло",
        "Площадь_квартиры": 165,
        "Количество_жителей": 500,
        "Наличие_лифта": false,
        "Наличие_охраны": false,
        "Наличие_парковки": false,
        "Расход_энергии_на_дом": 42049,
        "Наличие_спортивного_зала": true,
        "Расстояние_до_центра": 16,
        "Расстояние_до_метро": 4,
        "Расстояние_до_школы": 3
    },
    {
        "Название": "СДС-Уголь",
        "Адрес": "п. Дзержинск, наб. Физкультурная, д. 929, 167796",
        "Количество_этажей": 26,
        "Количество_квартир": 182,
        "Год_постройки": "2001",
        "Тип_материала": "железобетон",
        "Площадь_квартиры": 80,
        "Количество_жителей": 408,
        "Наличие_лифта": true,
        "Наличие_охраны": true,
        "Наличие_парковки": false,
        "Расход_энергии_на_дом": 27417,
        "Наличие_спортивного_зала": false,
        "Расстояние_до_центра": 10,
        "Расстояние_до_метро": 10,
        "Расстояние_до_школы": 3
    },
    {
        "Название": "ОАО «Нестеров»",
        "Адрес": "с. Миллерово, ш. Жданова, д. 9/8 стр. 3, 881294",
        "Количество_этажей": 47,
        "Количество_квартир": 329,
        "Год_постройки": "2012",
        "Тип_материала": "стекло",
        "Площадь_квартиры": 101,
        "Количество_жителей": 124,
        "Наличие_лифта": true,
        "Наличие_охраны": false,
        "Наличие_парковки": false,
        "Расход_энергии_на_дом": 18253,
        "Наличие_спортивного_зала": false,
        "Расстояние_до_центра": 3,
        "Расстояние_до_метро": 6,
        "Расстояние_до_школы": 3
    },
    {
        "Название": "Восточный экспресс банк",
        "Адрес": "ст. Калуга, пер. Новый, д. 57, 495486",
        "Количество_этажей": 27,
        "Количество_квартир": 189,
        "Год_постройки": "2003",
        "Тип_материала": "стекло",
        "Площадь_квартиры": 98,
        "Количество_жителей": 158,
        "Наличие_лифта": true,
        "Наличие_охраны": true,
        "Наличие_парковки": false,
        "Расход_энергии_на_дом": 47584,
        "Наличие_спортивного_зала": false,
        "Расстояние_до_центра": 9,
        "Расстояние_до_метро": 8,
        "Расстояние_до_школы": 4
    },
    {
        "Название": "Михайлова Групп",
        "Адрес": "г. Жуковский, наб. Специалистов, д. 304, 810121",
        "Количество_этажей": 47,
        "Количество_квартир": 329,
        "Год_постройки": "1998",
        "Тип_материала": "железобетон",
        "Площадь_квартиры": 102,
        "Количество_жителей": 126,
        "Наличие_лифта": true,
        "Наличие_охраны": false,
        "Наличие_парковки": true,
        "Расход_энергии_на_дом": 35174,
        "Наличие_спортивного_зала": true,
        "Расстояние_до_центра": 2,
        "Расстояние_до_метро": 9,
        "Расстояние_до_школы": 3
    },
    {
        "Название": "НПО «Овчинников Комарова»",
        "Адрес": "к. Павловский Посад, бул. Ручейный, д. 3/8 стр. 5, 295639",
        "Количество_этажей": 43,
        "Количество_квартир": 301,
        "Год_постройки": "1975",
        "Тип_материала": "стекло",
        "Площадь_квартиры": 114,
        "Количество_жителей": 169,
        "Наличие_лифта": true,
        "Наличие_охраны": true,
        "Наличие_парковки": true,
        "Расход_энергии_на_дом": 35660,
        "Наличие_спортивного_зала": true,
        "Расстояние_до_центра": 12,
        "Расстояние_до_метро": 7,
        "Расстояние_до_школы": 3
    },
    {
        "Название": "СК Согласие",
        "Адрес": "к. Томпа, бул. Дорожников, д. 3/3, 927785",
        "Количество_этажей": 26,
        "Количество_квартир": 182,
        "Год_постройки": "2018",
        "Тип_материала": "кирпич",
        "Площадь_квартиры": 155,
        "Количество_жителей": 333,
        "Наличие_лифта": true,
        "Наличие_охраны": false,
        "Наличие_парковки": false,
        "Расход_энергии_на_дом": 19667,
        "Наличие_спортивного_зала": false,
        "Расстояние_до_центра": 3,
        "Расстояние_до_метро": 6,
        "Расстояние_до_школы": 2
    }
]