[
    {
        "Название": "РАО «Лихачев»",
        "Адрес": "д. Златоуст, ш. Звездное, д. 61 к. 9/1, 018012",
        "Количество_этажей": 47,
        "Количество_квартир": 329,
        "Год_постройки": "2009",
        "Тип_материала": "стекло",
        "Площадь_квартиры": 111,
        "Количество_жителей": 296,
        "Наличие_лифта": true,
        "Наличие_охраны": true,
        "Наличие_парковки": true,
        "Расход_энергии_на_дом": 20261,
        "Наличие_спортивного_зала": true,
        "Расстояние_до_центра": 15,
        "Расстояние_до_метро": 8,
        "Расстояние_до_школы": 2
    },
    {
        "Название": "НПО «Панова Воронов»",
        "Адрес": "г. Шадринск, бул. Космодемьянской, д. 859 к. 728, 332837",
        "Количество_этажей": 48,
        "Количество_квартир": 336,
        "Год_постройки": "1973",
        "Тип_материала": "железобетон",
        "Площадь_квартиры": 61,
        "Количество_жителей": 123,
        "Наличие_лифта": true,
        "Наличие_охраны": true,
        "Наличие_парковки": false,
        "Расход_энергии_на_дом": 23074,
        "Наличие_спортивного_зала": true,
        "Расстояние_до_центра": 15,
        "Расстояние_до_метро": 8,
        "Расстояние_до_школы": 3
    },
    {
        "Название": "АО «Самсонова, Дьячкова и Дроздов»",
        "Адрес": "с. Троицк (Моск.), бул. Смирнова, д. 219 стр. 2/9, 908457",
        "Количество_этажей": 22,
        "Количество_квартир": 154,
        "Год_постройки": "1975",
        "Тип_материала": "железобетон",
        "Площадь_квартиры": 165,
        "Количество_жителей": 192,
        "Наличие_лифта": true,
        "Наличие_охраны": true,
        "Наличие_парковки": true,
        "Расход_энергии_на_дом": 26960,
        "Наличие_спортивного_зала": false,
        "Расстояние_до_центра": 12,
        "Расстояние_до_метро": 10,
        "Расстояние_до_школы": 3
    },
    {
        "Название": "ЗАО «Боброва Некрасова»",
        "Адрес": "п. Лагань, бул. Киевский, д. 3/9 к. 7, 594014",
        "Количество_этажей": 40,
        "Количество_квартир": 280,
        "Год_постройки": "2009",
        "Тип_материала": "кирпич",
        "Площадь_квартиры": 167,
        "Количество_жителей": 295,
        "Наличие_лифта": false,
        "Наличие_охраны": true,
        "Наличие_парковки": true,
        "Расход_энергии_на_дом": 16614,
        "Наличие_спортивного_зала": true,
        "Расстояние_до_центра": 12,
        "Расстояние_до_метро": 5,
        "Расстояние_до_школы": 2
    },
    {
        "Название": "РАО «Исакова-Воробьев»",
        "Адрес": "с. Губкинский, наб. Шахтерская, д. 5, 532166",
        "Количество_этажей": 39,
        "Количество_квартир": 273,
        "Год_постройки": "1982",
        "Тип_материала": "железобетон",
        "Площадь_квартиры": 199,
        "Количество_жителей": 242,
        "Наличие_лифта": false,
        "Наличие_охраны": false,
        "Наличие_парковки": false,
        "Расход_энергии_на_дом": 11063,
        "Наличие_спортивного_зала": false,
        "Расстояние_до_центра": 2,
        "Расстояние_до_метро": 10,
        "Расстояние_до_школы": 2
    },
    {
        "Название": "РАО «Кузнецов»",
        "Адрес": "ст. Хужир, бул. Кольцевой, д. 3 стр. 95, 042746",
        "Количество_этажей": 31,
        "Количество_квартир": 217,
        "Год_постройки": "1984",
        "Тип_материала": "стекло",
        "Площадь_квартиры": 89,
        "Количество_жителей": 355,
        "Наличие_лифта": false,
        "Наличие_охраны": true,
        "Наличие_парковки": false,
        "Расход_энергии_на_дом": 31912,
        "Наличие_спортивного_зала": true,
        "Расстояние_до_центра": 12,
        "Расстояние_до_метро": 1,
        "Расстояние_до_школы": 2
    },
    {
        "Название": "ОАО «Семенов»",
        "Адрес": "г. Салехард, бул. Октября, д. 93, 644681",
        "Количество_этажей": 22,
        "Количество_квартир": 154,
        "Год_постройки": "1977",
        "Тип_материала": "кирпич",
        "Площадь_квартиры": 169,
        "Количество_жителей": 118,
        "Наличие_лифта": true,
        "Наличие_охраны": true,
        "Наличие_парковки": false,
        "Расход_энергии_на_дом": 36280,
        "Наличие_спортивного_зала": false,
        "Расстояние_до_центра": 7,
        "Расстояние_до_метро": 2,
        "Расстояние_до_школы": 2
    },
    {
        "Название": "НПО «Кошелева»",
        "Адрес": "клх Глазов, пр. Черемушки, д. 3/2, 830349",
        "Количество_этажей": 28,
        "Количество_квартир": 196,
        "Год_постройки": "2023",
        "Тип_материала": "кирпич",
        "Площадь_квартиры": 143,
        "Количество_жителей": 365,
        "Наличие_лифта": true,
        "Наличие_охраны": false,
        "Наличие_парковки": false,
        "Расход_энергии_на_дом": 34290,
        "Наличие_спортивного_зала": false,
        "Расстояние_до_центра": 9,
        "Расстояние_до_метро": 10,
        "Расстояние_до_школы": 5
    },
    {
        "Название": "Новосталь",
        "Адрес": "к. Новороссийка, алл. Азина, д. 468, 215056",
        "Количество_этажей": 27,
        "Количество_квартир": 189,
        "Год_постройки": "2000",
        "Тип_материала": "стекло",
        "Площадь_квартиры": 134,
        "Количество_жителей": 347,
        "Наличие_лифта": false,
        "Наличие_охраны": true,
        "Наличие_парковки": false,
        "Расход_энергии_на_дом": 15571,
        "Наличие_спортивного_зала": false,
        "Расстояние_до_центра": 9,
        "Расстояние_до_метро": 10,
        "Расстояние_до_школы": 2
    },
    {
        "Название": "Григорьева Лтд",
        "Адрес": "ст. Аша, пер. Большевистский, д. 367 к. 1, 408569",
        "Количество_этажей": 41,
        "Количество_квартир": 287,
        "Год_постройки": "1995",
        "Тип_материала": "кирпич",
        "Площадь_квартиры": 119,
        "Количество_жителей": 119,
        "Наличие_лифта": true,
        "Наличие_охраны": true,
        "Наличие_парковки": true,
        "Расход_энергии_на_дом": 32860,
        "Наличие_спортивного_зала": true,
        "Расстояние_до_центра": 19,
        "Расстояние_до_метро": 5,
        "Расстояние_до_школы": 2
    },
    {
        "Название": "НПО «Захаров-Лаврентьева»",
        "Адрес": "клх Касимов, бул. Пирогова, д. 314, 914024",
        "Количество_этажей": 31,
        "Количество_квартир": 217,
        "Год_постройки": "2018",
        "Тип_материала": "железобетон",
        "Площадь_квартиры": 194,
        "Количество_жителей": 452,
        "Наличие_лифта": true,
        "Наличие_охраны": true,
        "Наличие_парковки": true,
        "Расход_энергии_на_дом": 21151,
        "Наличие_спортивного_зала": true,
        "Расстояние_до_центра": 14,
        "Расстояние_до_метро": 7,
        "Расстояние_до_школы": 2
    },
    {
        "Название": "ЗАО «Комиссарова Макарова»",
        "Адрес": "с. Шахты, алл. Горького, д. 29, 883942",
        "Количество_этажей": 35,
        "Количество_квартир": 245,
        "Год_постройки": "2016",
        "Тип_материала": "кирпич",
        "Площадь_квартиры": 197,
        "Количество_жителей": 399,
        "Наличие_лифта": false,
        "Наличие_охраны": true,
        "Наличие_парковки": true,
        "Расход_энергии_на_дом": 26298,
        "Наличие_спортивного_зала": false,
        "Расстояние_до_центра": 11,
        "Расстояние_до_метро": 3,
        "Расстояние_до_школы": 3
    },
    {
        "Название": "Восточный экспресс банк",
        "Адрес": "ст. Апшеронск, ул. Курортная, д. 1 стр. 3/6, 199587",
        "Количество_этажей": 50,
        "Количество_квартир": 350,
        "Год_постройки": "2020",
        "Тип_материала": "стекло",
        "Площадь_квартиры": 95,
        "Количество_жителей": 203,
        "Наличие_лифта": true,
        "Наличие_охраны": false,
        "Наличие_парковки": false,
        "Расход_энергии_на_дом": 26782,
        "Наличие_спортивного_зала": true,
        "Расстояние_до_центра": 9,
        "Расстояние_до_метро": 4,
        "Расстояние_до_школы": 4
    },
    {
        "Название": "РАО «Мамонтова, Гордеева и Антонов»",
        "Адрес": "к. Старая Русса, наб. Карла Маркса, д. 1/5, 764682",
        "Количество_этажей": 45,
        "Количество_квартир": 315,
        "Год_постройки": "2018",
        "Тип_материала": "железобетон",
        "Площадь_квартиры": 170,
        "Количество_жителей": 330,
        "Наличие_лифта": true,
        "Наличие_охраны": true,
        "Наличие_парковки": false,
        "Расход_энергии_на_дом": 34613,
        "Наличие_спортивного_зала": true,
        "Расстояние_до_центра": 8,
        "Расстояние_до_метро": 3,
        "Расстояние_до_школы": 3
    },
    {
        "Название": "РАО «Бирюкова Орехова»",
        "Адрес": "к. Мостовской, пр. Коминтерна, д. 580 стр. 2, 259983",
        "Количество_этажей": 46,
        "Количество_квартир": 322,
        "Год_постройки": "2000",
        "Тип_материала": "кирпич",
        "Площадь_квартиры": 199,
        "Количество_жителей": 371,
        "Наличие_лифта": false,
        "Наличие_охраны": true,
        "Наличие_парковки": true,
        "Расход_энергии_на_дом": 25670,
        "Наличие_спортивного_зала": false,
        "Расстояние_до_центра": 3,
        "Расстояние_до_метро": 1,
        "Расстояние_до_школы": 3
    }
]