[
    {
        "Название": "Банк Ак Барс",
        "Адрес": "г. Северо-Курильск, пр. Выгонный, д. 841 стр. 20, 803556",
        "Количество_этажей": 47,
        "Количество_квартир": 329,
        "Год_постройки": "2013",
        "Тип_материала": "железобетон",
        "Площадь_квартиры": 169,
        "Количество_жителей": 153,
        "Наличие_лифта": true,
        "Наличие_охраны": true,
        "Наличие_парковки": true,
        "Расход_энергии_на_дом": 42977,
        "Наличие_спортивного_зала": false,
        "Расстояние_до_центра": 12,
        "Расстояние_до_метро": 8,
        "Расстояние_до_школы": 3
    },
    {
        "Название": "ЗАО «Артемьева Шубина»",
        "Адрес": "с. Кисловодск, пр. Прудный, д. 99 к. 554, 747369",
        "Количество_этажей": 20,
        "Количество_квартир": 140,
        "Год_постройки": "2003",
        "Тип_материала": "кирпич",
        "Площадь_квартиры": 142,
        "Количество_жителей": 157,
        "Наличие_лифта": true,
        "Наличие_охраны": false,
        "Наличие_парковки": false,
        "Расход_энергии_на_дом": 20250,
        "Наличие_спортивного_зала": true,
        "Расстояние_до_центра": 20,
        "Расстояние_до_метро": 10,
        "Расстояние_до_школы": 1
    },
    {
        "Название": "Сидоров Групп",
        "Адрес": "к. Зеленоград, алл. Советской Армии, д. 15 стр. 619, 137542",
        "Количество_этажей": 37,
        "Количество_квартир": 259,
        "Год_постройки": "2011",
        "Тип_материала": "стекло",
        "Площадь_квартиры": 50,
        "Количество_жителей": 237,
        "Наличие_лифта": true,
        "Наличие_охраны": true,
        "Наличие_парковки": false,
        "Расход_энергии_на_дом": 15409,
        "Наличие_спортивного_зала": false,
        "Расстояние_до_центра": 1,
        "Расстояние_до_метро": 5,
        "Расстояние_до_школы": 3
    },
    {
        "Название": "НПО «Блохин, Бирюкова и Игнатьев»",
        "Адрес": "п. Сладково, бул. Шаумяна, д. 18 к. 4, 295698",
        "Количество_этажей": 33,
        "Количество_квартир": 231,
        "Год_постройки": "1994",
        "Тип_материала": "стекло",
        "Площадь_квартиры": 117,
        "Количество_жителей": 299,
        "Наличие_лифта": false,
        "Наличие_охраны": false,
        "Наличие_парковки": true,
        "Расход_энергии_на_дом": 46135,
        "Наличие_спортивного_зала": false,
        "Расстояние_до_центра": 14,
        "Расстояние_до_метро": 6,
        "Расстояние_до_школы": 5
    },
    {
        "Название": "НПО «Кондратьев Тихонов»",
        "Адрес": "с. Радужный, наб. Металлургов, д. 65 к. 2/4, 943735",
        "Количество_этажей": 27,
        "Количество_квартир": 189,
        "Год_постройки": "2010",
        "Тип_материала": "кирпич",
        "Площадь_квартиры": 66,
        "Количество_жителей": 474,
        "Наличие_лифта": false,
        "Наличие_охраны": true,
        "Наличие_парковки": true,
        "Расход_энергии_на_дом": 27272,
        "Наличие_спортивного_зала": true,
        "Расстояние_до_центра": 15,
        "Расстояние_до_метро": 4,
        "Расстояние_до_школы": 5
    },
    {
        "Название": "Константинов Инкорпорэйтед",
        "Адрес": "с. Орел, алл. Выгонная, д. 480 к. 640, 896724",
        "Количество_этажей": 46,
        "Количество_квартир": 322,
        "Год_постройки": "2002",
        "Тип_материала": "кирпич",
        "Площадь_квартиры": 164,
        "Количество_жителей": 176,
        "Наличие_лифта": true,
        "Наличие_охраны": true,
        "Наличие_парковки": true,
        "Расход_энергии_на_дом": 23818,
        "Наличие_спортивного_зала": false,
        "Расстояние_до_центра": 1,
        "Расстояние_до_метро": 1,
        "Расстояние_до_школы": 3
    },
    {
        "Название": "Сидорова Инкорпорэйтед",
        "Адрес": "с. Домодедово, бул. Лесхозный, д. 272 стр. 313, 506298",
        "Количество_этажей": 28,
        "Количество_квартир": 196,
        "Год_постройки": "1989",
        "Тип_материала": "кирпич",
        "Площадь_квартиры": 161,
        "Количество_жителей": 85,
        "Наличие_лифта": true,
        "Наличие_охраны": true,
        "Наличие_парковки": true,
        "Расход_энергии_на_дом": 11050,
        "Наличие_спортивного_зала": true,
        "Расстояние_до_центра": 11,
        "Расстояние_до_метро": 3,
        "Расстояние_до_школы": 4
    },
    {
        "Название": "Удмуртнефть",
        "Адрес": "д. Луга, наб. Гаражная, д. 74 стр. 18, 650771",
        "Количество_этажей": 35,
        "Количество_квартир": 245,
        "Год_постройки": "1977",
        "Тип_материала": "стекло",
        "Площадь_квартиры": 193,
        "Количество_жителей": 475,
        "Наличие_лифта": false,
        "Наличие_охраны": false,
        "Наличие_парковки": false,
        "Расход_энергии_на_дом": 13701,
        "Наличие_спортивного_зала": true,
        "Расстояние_до_центра": 4,
        "Расстояние_до_метро": 4,
        "Расстояние_до_школы": 4
    },
    {
        "Название": "НПО «Петухов»",
        "Адрес": "п. Кижи, ул. Пугачева, д. 509 стр. 8, 779889",
        "Количество_этажей": 22,
        "Количество_квартир": 154,
        "Год_постройки": "2004",
        "Тип_материала": "стекло",
        "Площадь_квартиры": 106,
        "Количество_жителей": 471,
        "Наличие_лифта": true,
        "Наличие_охраны": true,
        "Наличие_парковки": true,
        "Расход_энергии_на_дом": 15015,
        "Наличие_спортивного_зала": true,
        "Расстояние_до_центра": 5,
        "Расстояние_до_метро": 4,
        "Расстояние_до_школы": 5
    },
    {
        "Название": "ОАО «Ковалев-Вишнякова»",
        "Адрес": "ст. Адыгейск, ул. Моховая, д. 5/1 к. 4/5, 394338",
        "Количество_этажей": 36,
        "Количество_квартир": 252,
        "Год_постройки": "1982",
        "Тип_материала": "кирпич",
        "Площадь_квартиры": 138,
        "Количество_жителей": 158,
        "Наличие_лифта": true,
        "Наличие_охраны": true,
        "Наличие_парковки": false,
        "Расход_энергии_на_дом": 49759,
        "Наличие_спортивного_зала": true,
        "Расстояние_до_центра": 14,
        "Расстояние_до_метро": 2,
        "Расстояние_до_школы": 1
    },
    {
        "Название": "РАО «Филиппова»",
        "Адрес": "ст. Кош-Агач, алл. Революционная, д. 2/6 стр. 8/1, 227650",
        "Количество_этажей": 46,
        "Количество_квартир": 322,
        "Год_постройки": "1990",
        "Тип_материала": "стекло",
        "Площадь_квартиры": 76,
        "Количество_жителей": 404,
        "Наличие_лифта": true,
        "Наличие_охраны": true,
        "Наличие_парковки": false,
        "Расход_энергии_на_дом": 20856,
        "Наличие_спортивного_зала": false,
        "Расстояние_до_центра": 7,
        "Расстояние_до_метро": 4,
        "Расстояние_до_школы": 3
    },
    {
        "Название": "Колобова Инк",
        "Адрес": "д. Александровск-Сахалинский, ул. Авиационная, д. 5 к. 86, 363760",
        "Количество_этажей": 31,
        "Количество_квартир": 217,
        "Год_постройки": "1975",
        "Тип_материала": "стекло",
        "Площадь_квартиры": 59,
        "Количество_жителей": 333,
        "Наличие_лифта": true,
        "Наличие_охраны": true,
        "Наличие_парковки": false,
        "Расход_энергии_на_дом": 26137,
        "Наличие_спортивного_зала": false,
        "Расстояние_до_центра": 20,
        "Расстояние_до_метро": 1,
        "Расстояние_до_школы": 5
    },
    {
        "Название": "ООО «Фомин, Кузьмин и Мартынова»",
        "Адрес": "ст. Ачинск, пер. Победы, д. 69, 860298",
        "Количество_этажей": 50,
        "Количество_квартир": 350,
        "Год_постройки": "1982",
        "Тип_материала": "кирпич",
        "Площадь_квартиры": 183,
        "Количество_жителей": 154,
        "Наличие_лифта": true,
        "Наличие_охраны": true,
        "Наличие_парковки": false,
        "Расход_энергии_на_дом": 49249,
        "Наличие_спортивного_зала": true,
        "Расстояние_до_центра": 6,
        "Расстояние_до_метро": 8,
        "Расстояние_до_школы": 2
    },
    {
        "Название": "ООО «Крюков Колесников»",
        "Адрес": "д. Рыльск, бул. Серова, д. 89, 975709",
        "Количество_этажей": 22,
        "Количество_квартир": 154,
        "Год_постройки": "1979",
        "Тип_материала": "железобетон",
        "Площадь_квартиры": 175,
        "Количество_жителей": 232,
        "Наличие_лифта": true,
        "Наличие_охраны": true,
        "Наличие_парковки": false,
        "Расход_энергии_на_дом": 22937,
        "Наличие_спортивного_зала": false,
        "Расстояние_до_центра": 1,
        "Расстояние_до_метро": 5,
        "Расстояние_до_школы": 2
    },
    {
        "Название": "ООО «Рогова»",
        "Адрес": "ст. Аша, алл. Чапаева, д. 72 к. 6, 849946",
        "Количество_этажей": 42,
        "Количество_квартир": 294,
        "Год_постройки": "1987",
        "Тип_материала": "стекло",
        "Площадь_квартиры": 189,
        "Количество_жителей": 325,
        "Наличие_лифта": true,
        "Наличие_охраны": true,
        "Наличие_парковки": false,
        "Расход_энергии_на_дом": 17673,
        "Наличие_спортивного_зала": false,
        "Расстояние_до_центра": 14,
        "Расстояние_до_метро": 4,
        "Расстояние_до_школы": 4
    }
]