[
    {
        "Название": "ОАО «Филатов, Николаева и Шубин»",
        "Адрес": "с. Каргополь, алл. Тюленина, д. 712, 283656",
        "Количество_этажей": 23,
        "Количество_квартир": 161,
        "Год_постройки": "1991",
        "Тип_материала": "железобетон",
        "Площадь_квартиры": 160,
        "Количество_жителей": 65,
        "Наличие_лифта": true,
        "Наличие_охраны": true,
        "Наличие_парковки": true,
        "Расход_энергии_на_дом": 36494,
        "Наличие_спортивного_зала": true,
        "Расстояние_до_центра": 17,
        "Расстояние_до_метро": 9,
        "Расстояние_до_школы": 2
    },
    {
        "Название": "Петролеум Трейдинг",
        "Адрес": "ст. Новая Игирма, алл. Фестивальная, д. 9/5 стр. 4, 263573",
        "Количество_этажей": 26,
        "Количество_квартир": 182,
        "Год_постройки": "1986",
        "Тип_материала": "кирпич",
        "Площадь_квартиры": 95,
        "Количество_жителей": 118,
        "Наличие_лифта": true,
        "Наличие_охраны": true,
        "Наличие_парковки": true,
        "Расход_энергии_на_дом": 39538,
        "Наличие_спортивного_зала": true,
        "Расстояние_до_центра": 15,
        "Расстояние_до_метро": 9,
        "Расстояние_до_школы": 3
    },
    {
        "Название": "ООО «Кондратьева, Егоров и Ларионов»",
        "Адрес": "п. Нарткала, пр. Черемушки, д. 99 к. 71, 447467",
        "Количество_этажей": 30,
        "Количество_квартир": 210,
        "Год_постройки": "2001",
        "Тип_материала": "стекло",
        "Площадь_квартиры": 55,
        "Количество_жителей": 478,
        "Наличие_лифта": true,
        "Наличие_охраны": false,
        "Наличие_парковки": true,
        "Расход_энергии_на_дом": 41195,
        "Наличие_спортивного_зала": true,
        "Расстояние_до_центра": 7,
        "Расстояние_до_метро": 7,
        "Расстояние_до_школы": 4
    },
    {
        "Название": "АО «Евсеева-Дмитриев»",
        "Адрес": "п. Кинешма, пр. Чкалова, д. 826 стр. 7/8, 689803",
        "Количество_этажей": 21,
        "Количество_квартир": 147,
        "Год_постройки": "1977",
        "Тип_материала": "стекло",
        "Площадь_квартиры": 116,
        "Количество_жителей": 370,
        "Наличие_лифта": true,
        "Наличие_охраны": false,
        "Наличие_парковки": true,
        "Расход_энергии_на_дом": 44569,
        "Наличие_спортивного_зала": false,
        "Расстояние_до_центра": 4,
        "Расстояние_до_метро": 5,
        "Расстояние_до_школы": 2
    },
    {
        "Название": "НПО «Данилов, Королев и Сафонова»",
        "Адрес": "ст. Владимир, бул. Ясный, д. 5/6 стр. 71, 504146",
        "Количество_этажей": 22,
        "Количество_квартир": 154,
        "Год_постройки": "2003",
        "Тип_материала": "стекло",
        "Площадь_квартиры": 64,
        "Количество_жителей": 161,
        "Наличие_лифта": false,
        "Наличие_охраны": false,
        "Наличие_парковки": false,
        "Расход_энергии_на_дом": 27922,
        "Наличие_спортивного_зала": false,
        "Расстояние_до_центра": 16,
        "Расстояние_до_метро": 2,
        "Расстояние_до_школы": 3
    },
    {
        "Название": "ГК Великан",
        "Адрес": "клх Кемерово, ш. Набережное, д. 9 к. 188, 616498",
        "Количество_этажей": 29,
        "Количество_квартир": 203,
        "Год_постройки": "2021",
        "Тип_материала": "кирпич",
        "Площадь_квартиры": 152,
        "Количество_жителей": 157,
        "Наличие_лифта": true,
        "Наличие_охраны": false,
        "Наличие_парковки": false,
        "Расход_энергии_на_дом": 33346,
        "Наличие_спортивного_зала": true,
        "Расстояние_до_центра": 9,
        "Расстояние_до_метро": 8,
        "Расстояние_до_школы": 3
    },
    {
        "Название": "Ланит",
        "Адрес": "клх Сургут (Хант.), алл. Кузнечная, д. 9/7 стр. 1/5, 833368",
        "Количество_этажей": 32,
        "Количество_квартир": 224,
        "Год_постройки": "2013",
        "Тип_материала": "кирпич",
        "Площадь_квартиры": 138,
        "Количество_жителей": 129,
        "Наличие_лифта": true,
        "Наличие_охраны": false,
        "Наличие_парковки": true,
        "Расход_энергии_на_дом": 35294,
        "Наличие_спортивного_зала": false,
        "Расстояние_до_центра": 9,
        "Расстояние_до_метро": 8,
        "Расстояние_до_школы": 4
    },
    {
        "Название": "Филатова и партнеры",
        "Адрес": "к. Владивосток, алл. Брянская, д. 666, 981227",
        "Количество_этажей": 43,
        "Количество_квартир": 301,
        "Год_постройки": "2004",
        "Тип_материала": "стекло",
        "Площадь_квартиры": 81,
        "Количество_жителей": 244,
        "Наличие_лифта": true,
        "Наличие_охраны": false,
        "Наличие_парковки": true,
        "Расход_энергии_на_дом": 47202,
        "Наличие_спортивного_зала": false,
        "Расстояние_до_центра": 8,
        "Расстояние_до_метро": 9,
        "Расстояние_до_школы": 1
    },
    {
        "Название": "РАО «Владимиров»",
        "Адрес": "г. Абакан, пр. Рабочий, д. 496 к. 3, 192426",
        "Количество_этажей": 31,
        "Количество_квартир": 217,
        "Год_постройки": "1980",
        "Тип_материала": "кирпич",
        "Площадь_квартиры": 176,
        "Количество_жителей": 382,
        "Наличие_лифта": true,
        "Наличие_охраны": true,
        "Наличие_парковки": false,
        "Расход_энергии_на_дом": 38092,
        "Наличие_спортивного_зала": false,
        "Расстояние_до_центра": 20,
        "Расстояние_до_метро": 1,
        "Расстояние_до_школы": 4
    },
    {
        "Название": "Комус",
        "Адрес": "г. Оса, ш. Циолковского, д. 270, 221933",
        "Количество_этажей": 40,
        "Количество_квартир": 280,
        "Год_постройки": "1980",
        "Тип_материала": "железобетон",
        "Площадь_квартиры": 53,
        "Количество_жителей": 450,
        "Наличие_лифта": true,
        "Наличие_охраны": true,
        "Наличие_парковки": false,
        "Расход_энергии_на_дом": 36059,
        "Наличие_спортивного_зала": false,
        "Расстояние_до_центра": 9,
        "Расстояние_до_метро": 9,
        "Расстояние_до_школы": 2
    },
    {
        "Название": "НПО «Филатов»",
        "Адрес": "с. Верхний Тагил, бул. Трудовой, д. 6/7, 664552",
        "Количество_этажей": 45,
        "Количество_квартир": 315,
        "Год_постройки": "1977",
        "Тип_материала": "железобетон",
        "Площадь_квартиры": 163,
        "Количество_жителей": 295,
        "Наличие_лифта": true,
        "Наличие_охраны": false,
        "Наличие_парковки": true,
        "Расход_энергии_на_дом": 10370,
        "Наличие_спортивного_зала": false,
        "Расстояние_до_центра": 16,
        "Расстояние_до_метро": 5,
        "Расстояние_до_школы": 2
    },
    {
        "Название": "АО «Васильева, Калашникова и Беспалов»",
        "Адрес": "с. Котлас, наб. Тимирязева, д. 6 к. 726, 073986",
        "Количество_этажей": 44,
        "Количество_квартир": 308,
        "Год_постройки": "2015",
        "Тип_материала": "железобетон",
        "Площадь_квартиры": 182,
        "Количество_жителей": 142,
        "Наличие_лифта": true,
        "Наличие_охраны": false,
        "Наличие_парковки": true,
        "Расход_энергии_на_дом": 28433,
        "Наличие_спортивного_зала": false,
        "Расстояние_до_центра": 14,
        "Расстояние_до_метро": 6,
        "Расстояние_до_школы": 5
    },
    {
        "Название": "Герасимова и партнеры",
        "Адрес": "д. Великий Устюг, алл. М.Горького, д. 10 к. 733, 353112",
        "Количество_этажей": 32,
        "Количество_квартир": 224,
        "Год_постройки": "1988",
        "Тип_материала": "железобетон",
        "Площадь_квартиры": 151,
        "Количество_жителей": 228,
        "Наличие_лифта": false,
        "Наличие_охраны": false,
        "Наличие_парковки": false,
        "Расход_энергии_на_дом": 41826,
        "Наличие_спортивного_зала": true,
        "Расстояние_до_центра": 14,
        "Расстояние_до_метро": 8,
        "Расстояние_до_школы": 1
    },
    {
        "Название": "ЗАО «Корнилов»",
        "Адрес": "к. Красноуфимск, пер. Просвещения, д. 677 к. 110, 929643",
        "Количество_этажей": 27,
        "Количество_квартир": 189,
        "Год_постройки": "1974",
        "Тип_материала": "стекло",
        "Площадь_квартиры": 98,
        "Количество_жителей": 267,
        "Наличие_лифта": true,
        "Наличие_охраны": true,
        "Наличие_парковки": true,
        "Расход_энергии_на_дом": 48686,
        "Наличие_спортивного_зала": false,
        "Расстояние_до_центра": 1,
        "Расстояние_до_метро": 6,
        "Расстояние_до_школы": 4
    },
    {
        "Название": "НПО «Николаев-Кузнецова»",
        "Адрес": "клх Внуково (метеост.), пр. Западный, д. 6 к. 66, 593355",
        "Количество_этажей": 28,
        "Количество_квартир": 196,
        "Год_постройки": "2012",
        "Тип_материала": "железобетон",
        "Площадь_квартиры": 124,
        "Количество_жителей": 62,
        "Наличие_лифта": true,
        "Наличие_охраны": false,
        "Наличие_парковки": true,
        "Расход_энергии_на_дом": 40497,
        "Наличие_спортивного_зала": true,
        "Расстояние_до_центра": 17,
        "Расстояние_до_метро": 8,
        "Расстояние_до_школы": 4
    }
]