[
    {
        "Название": "Автодом",
        "Адрес": "г. Бийск, алл. Энгельса, д. 822, 314229",
        "Количество_этажей": 42,
        "Количество_квартир": 294,
        "Год_постройки": "1992",
        "Тип_материала": "железобетон",
        "Площадь_квартиры": 190,
        "Количество_жителей": 199,
        "Наличие_лифта": true,
        "Наличие_охраны": true,
        "Наличие_парковки": false,
        "Расход_энергии_на_дом": 14740,
        "Наличие_спортивного_зала": true,
        "Расстояние_до_центра": 10,
        "Расстояние_до_метро": 4,
        "Расстояние_до_школы": 5
    },
    {
        "Название": "Стройгазмонтаж",
        "Адрес": "п. Россошь, наб. Томская, д. 82, 351831",
        "Количество_этажей": 49,
        "Количество_квартир": 343,
        "Год_постройки": "2007",
        "Тип_материала": "железобетон",
        "Площадь_квартиры": 187,
        "Количество_жителей": 244,
        "Наличие_лифта": true,
        "Наличие_охраны": false,
        "Наличие_парковки": true,
        "Расход_энергии_на_дом": 20922,
        "Наличие_спортивного_зала": false,
        "Расстояние_до_центра": 3,
        "Расстояние_до_метро": 4,
        "Расстояние_до_школы": 3
    },
    {
        "Название": "Самараэнерго",
        "Адрес": "ст. Черняховск, пр. 9 мая, д. 432 к. 15, 854248",
        "Количество_этажей": 49,
        "Количество_квартир": 343,
        "Год_постройки": "2000",
        "Тип_материала": "железобетон",
        "Площадь_квартиры": 74,
        "Количество_жителей": 339,
        "Наличие_лифта": false,
        "Наличие_охраны": true,
        "Наличие_парковки": true,
        "Расход_энергии_на_дом": 43250,
        "Наличие_спортивного_зала": false,
        "Расстояние_до_центра": 20,
        "Расстояние_до_метро": 5,
        "Расстояние_до_школы": 4
    },
    {
        "Название": "Белгранкорм-холдинг",
        "Адрес": "г. Плесецк, пр. Смирнова, д. 7 к. 7/1, 692817",
        "Количество_этажей": 26,
        "Количество_квартир": 182,
        "Год_постройки": "1983",
        "Тип_материала": "стекло",
        "Площадь_квартиры": 96,
        "Количество_жителей": 462,
        "Наличие_лифта": true,
        "Наличие_охраны": true,
        "Наличие_парковки": true,
        "Расход_энергии_на_дом": 14716,
        "Наличие_спортивного_зала": false,
        "Расстояние_до_центра": 13,
        "Расстояние_до_метро": 8,
        "Расстояние_до_школы": 5
    },
    {
        "Название": "Фадеева Инк",
        "Адрес": "г. Ханты-Мансийск, бул. Кленовый, д. 828 к. 1/5, 548212",
        "Количество_этажей": 20,
        "Количество_квартир": 140,
        "Год_постройки": "1992",
        "Тип_материала": "стекло",
        "Площадь_квартиры": 84,
        "Количество_жителей": 80,
        "Наличие_лифта": true,
        "Наличие_охраны": false,
        "Наличие_парковки": true,
        "Расход_энергии_на_дом": 42356,
        "Наличие_спортивного_зала": true,
        "Расстояние_до_центра": 8,
        "Расстояние_до_метро": 5,
        "Расстояние_до_школы": 4
    },
    {
        "Название": "Антонова Лимитед",
        "Адрес": "г. Курск, наб. Автомобилистов, д. 16 стр. 23, 509344",
        "Количество_этажей": 23,
        "Количество_квартир": 161,
        "Год_постройки": "1988",
        "Тип_материала": "железобетон",
        "Площадь_квартиры": 85,
        "Количество_жителей": 139,
        "Наличие_лифта": false,
        "Наличие_охраны": true,
        "Наличие_парковки": false,
        "Расход_энергии_на_дом": 32951,
        "Наличие_спортивного_зала": false,
        "Расстояние_до_центра": 19,
        "Расстояние_до_метро": 7,
        "Расстояние_до_школы": 4
    },
    {
        "Название": "ООО «Третьяков, Куликова и Тарасов»",
        "Адрес": "г. Шамары, бул. Элеваторный, д. 6/4, 165677",
        "Количество_этажей": 29,
        "Количество_квартир": 203,
        "Год_постройки": "1975",
        "Тип_материала": "железобетон",
        "Площадь_квартиры": 113,
        "Количество_жителей": 116,
        "Наличие_лифта": true,
        "Наличие_охраны": false,
        "Наличие_парковки": true,
        "Расход_энергии_на_дом": 19452,
        "Наличие_спортивного_зала": false,
        "Расстояние_до_центра": 10,
        "Расстояние_до_метро": 3,
        "Расстояние_до_школы": 4
    },
    {
        "Название": "НПО «Поляков, Кудрявцев и Павлова»",
        "Адрес": "г. Новгород Великий, алл. Дарвина, д. 1/9 стр. 615, 889903",
        "Количество_этажей": 30,
        "Количество_квартир": 210,
        "Год_постройки": "2006",
        "Тип_материала": "железобетон",
        "Площадь_квартиры": 187,
        "Количество_жителей": 200,
        "Наличие_лифта": true,
        "Наличие_охраны": false,
        "Наличие_парковки": false,
        "Расход_энергии_на_дом": 21491,
        "Наличие_спортивного_зала": false,
        "Расстояние_до_центра": 1,
        "Расстояние_до_метро": 1,
        "Расстояние_до_школы": 4
    },
    {
        "Название": "РАО «Уваров Андреев»",
        "Адрес": "г. Нижневартовск, пр. 50 лет ВЛКСМ, д. 91 стр. 26, 496570",
        "Количество_этажей": 24,
        "Количество_квартир": 168,
        "Год_постройки": "2011",
        "Тип_материала": "кирпич",
        "Площадь_квартиры": 62,
        "Количество_жителей": 409,
        "Наличие_лифта": true,
        "Наличие_охраны": true,
        "Наличие_парковки": false,
        "Расход_энергии_на_дом": 31456,
        "Наличие_спортивного_зала": true,
        "Расстояние_до_центра": 18,
        "Расстояние_до_метро": 9,
        "Расстояние_до_школы": 1
    },
    {
        "Название": "Трофимова Инкорпорэйтед",
        "Адрес": "п. Юровск, пр. Чайкиной, д. 279, 912346",
        "Количество_этажей": 20,
        "Количество_квартир": 140,
        "Год_постройки": "1986",
        "Тип_материала": "кирпич",
        "Площадь_квартиры": 165,
        "Количество_жителей": 214,
        "Наличие_лифта": true,
        "Наличие_охраны": true,
        "Наличие_парковки": true,
        "Расход_энергии_на_дом": 13755,
        "Наличие_спортивного_зала": true,
        "Расстояние_до_центра": 11,
        "Расстояние_до_метро": 5,
        "Расстояние_до_школы": 1
    },
    {
        "Название": "АО «Белозеров-Меркушева»",
        "Адрес": "ст. Рязань, ш. Овражное, д. 715 стр. 2/3, 514261",
        "Количество_этажей": 48,
        "Количество_квартир": 336,
        "Год_постройки": "1999",
        "Тип_материала": "кирпич",
        "Площадь_квартиры": 57,
        "Количество_жителей": 174,
        "Наличие_лифта": true,
        "Наличие_охраны": true,
        "Наличие_парковки": false,
        "Расход_энергии_на_дом": 30244,
        "Наличие_спортивного_зала": true,
        "Расстояние_до_центра": 13,
        "Расстояние_до_метро": 10,
        "Расстояние_до_школы": 5
    },
    {
        "Название": "Softline",
        "Адрес": "г. Красноярск, пер. Серафимовича, д. 745 стр. 773, 677412",
        "Количество_этажей": 50,
        "Количество_квартир": 350,
        "Год_постройки": "2010",
        "Тип_материала": "кирпич",
        "Площадь_квартиры": 68,
        "Количество_жителей": 246,
        "Наличие_лифта": true,
        "Наличие_охраны": true,
        "Наличие_парковки": false,
        "Расход_энергии_на_дом": 46969,
        "Наличие_спортивного_зала": true,
        "Расстояние_до_центра": 5,
        "Расстояние_до_метро": 4,
        "Расстояние_до_школы": 4
    },
    {
        "Название": "РАО «Горбунова Белякова»",
        "Адрес": "п. Петрозаводск, алл. 70 лет Октября, д. 3/4, 449771",
        "Количество_этажей": 43,
        "Количество_квартир": 301,
        "Год_постройки": "1970",
        "Тип_материала": "стекло",
        "Площадь_квартиры": 127,
        "Количество_жителей": 298,
        "Наличие_лифта": true,
        "Наличие_охраны": true,
        "Наличие_парковки": false,
        "Расход_энергии_на_дом": 23823,
        "Наличие_спортивного_зала": true,
        "Расстояние_до_центра": 6,
        "Расстояние_до_метро": 6,
        "Расстояние_до_школы": 1
    },
    {
        "Название": "АО «Петухова, Фомина и Артемьева»",
        "Адрес": "д. Горячий Ключ, бул. Нефтяников, д. 38 стр. 8, 382158",
        "Количество_этажей": 28,
        "Количество_квартир": 196,
        "Год_постройки": "1997",
        "Тип_материала": "железобетон",
        "Площадь_квартиры": 198,
        "Количество_жителей": 130,
        "Наличие_лифта": true,
        "Наличие_охраны": false,
        "Наличие_парковки": true,
        "Расход_энергии_на_дом": 33033,
        "Наличие_спортивного_зала": false,
        "Расстояние_до_центра": 1,
        "Расстояние_до_метро": 9,
        "Расстояние_до_школы": 4
    },
    {
        "Название": "НПО «Гусев»",
        "Адрес": "п. Горно-Алтайск, наб. Глинки, д. 9/4, 995763",
        "Количество_этажей": 37,
        "Количество_квартир": 259,
        "Год_постройки": "2020",
        "Тип_материала": "кирпич",
        "Площадь_квартиры": 147,
        "Количество_жителей": 204,
        "Наличие_лифта": true,
        "Наличие_охраны": true,
        "Наличие_парковки": false,
        "Расход_энергии_на_дом": 15203,
        "Наличие_спортивного_зала": false,
        "Расстояние_до_центра": 5,
        "Расстояние_до_метро": 10,
        "Расстояние_до_школы": 1
    }
]