[
    {
        "Название": "Кари",
        "Адрес": "г. Белоярский, пер. Циолковского, д. 1, 101379",
        "Количество_этажей": 37,
        "Количество_квартир": 259,
        "Год_постройки": "2020",
        "Тип_материала": "кирпич",
        "Площадь_квартиры": 81,
        "Количество_жителей": 488,
        "Наличие_лифта": true,
        "Наличие_охраны": true,
        "Наличие_парковки": true,
        "Расход_энергии_на_дом": 37616,
        "Наличие_спортивного_зала": true,
        "Расстояние_до_центра": 2,
        "Расстояние_до_метро": 10,
        "Расстояние_до_школы": 2
    },
    {
        "Название": "ИП «Пахомова»",
        "Адрес": "ст. Химки, пр. Запрудный, д. 247, 348874",
        "Количество_этажей": 40,
        "Количество_квартир": 280,
        "Год_постройки": "1972",
        "Тип_материала": "железобетон",
        "Площадь_квартиры": 134,
        "Количество_жителей": 184,
        "Наличие_лифта": true,
        "Наличие_охраны": true,
        "Наличие_парковки": false,
        "Расход_энергии_на_дом": 30120,
        "Наличие_спортивного_зала": true,
        "Расстояние_до_центра": 8,
        "Расстояние_до_метро": 9,
        "Расстояние_до_школы": 3
    },
    {
        "Название": "АО «Александрова Павлова»",
        "Адрес": "д. Можга, пер. Механический, д. 4/9 стр. 73, 384392",
        "Количество_этажей": 28,
        "Количество_квартир": 196,
        "Год_постройки": "1993",
        "Тип_материала": "железобетон",
        "Площадь_квартиры": 163,
        "Количество_жителей": 171,
        "Наличие_лифта": false,
        "Наличие_охраны": true,
        "Наличие_парковки": true,
        "Расход_энергии_на_дом": 10117,
        "Наличие_спортивного_зала": true,
        "Расстояние_до_центра": 8,
        "Расстояние_до_метро": 3,
        "Расстояние_до_школы": 4
    },
    {
        "Название": "ОАО «Бурова, Колобова и Наумов»",
        "Адрес": "к. Мыс Шмидта, ш. Азина, д. 21 к. 21, 961016",
        "Количество_этажей": 25,
        "Количество_квартир": 175,
        "Год_постройки": "1981",
        "Тип_материала": "кирпич",
        "Площадь_квартиры": 151,
        "Количество_жителей": 219,
        "Наличие_лифта": true,
        "Наличие_охраны": true,
        "Наличие_парковки": false,
        "Расход_энергии_на_дом": 44286,
        "Наличие_спортивного_зала": false,
        "Расстояние_до_центра": 9,
        "Расстояние_до_метро": 7,
        "Расстояние_до_школы": 3
    },
    {
        "Название": "Белов Инк",
        "Адрес": "п. Сарапул, ш. Горное, д. 464 стр. 1, 528600",
        "Количество_этажей": 23,
        "Количество_квартир": 161,
        "Год_постройки": "2000",
        "Тип_материала": "кирпич",
        "Площадь_квартиры": 104,
        "Количество_жителей": 120,
        "Наличие_лифта": true,
        "Наличие_охраны": true,
        "Наличие_парковки": false,
        "Расход_энергии_на_дом": 15365,
        "Наличие_спортивного_зала": true,
        "Расстояние_до_центра": 13,
        "Расстояние_до_метро": 3,
        "Расстояние_до_школы": 2
    },
    {
        "Название": "РАО «Тихонов Романова»",
        "Адрес": "с. Ступино, наб. Безымянная, д. 835 стр. 4, 179704",
        "Количество_этажей": 42,
        "Количество_квартир": 294,
        "Год_постройки": "1971",
        "Тип_материала": "стекло",
        "Площадь_квартиры": 113,
        "Количество_жителей": 424,
        "Наличие_лифта": true,
        "Наличие_охраны": true,
        "Наличие_парковки": true,
        "Расход_энергии_на_дом": 31379,
        "Наличие_спортивного_зала": false,
        "Расстояние_до_центра": 7,
        "Расстояние_до_метро": 9,
        "Расстояние_до_школы": 1
    },
    {
        "Название": "НПО «Миронов-Гаврилов»",
        "Адрес": "клх Плес, алл. Степная, д. 5 стр. 9, 712594",
        "Количество_этажей": 25,
        "Количество_квартир": 175,
        "Год_постройки": "1973",
        "Тип_материала": "железобетон",
        "Площадь_квартиры": 147,
        "Количество_жителей": 98,
        "Наличие_лифта": true,
        "Наличие_охраны": false,
        "Наличие_парковки": true,
        "Расход_энергии_на_дом": 35388,
        "Наличие_спортивного_зала": false,
        "Расстояние_до_центра": 12,
        "Расстояние_до_метро": 9,
        "Расстояние_до_школы": 5
    },
    {
        "Название": "ЗАО «Пестова-Тихонов»",
        "Адрес": "ст. Набережные Челны, бул. Шмидта, д. 651, 382460",
        "Количество_этажей": 49,
        "Количество_квартир": 343,
        "Год_постройки": "2013",
        "Тип_материала": "стекло",
        "Площадь_квартиры": 180,
        "Количество_жителей": 162,
        "Наличие_лифта": true,
        "Наличие_охраны": true,
        "Наличие_парковки": true,
        "Расход_энергии_на_дом": 47398,
        "Наличие_спортивного_зала": true,
        "Расстояние_до_центра": 6,
        "Расстояние_до_метро": 4,
        "Расстояние_до_школы": 2
    },
    {
        "Название": "РАО «Савина, Гусева и Ильин»",
        "Адрес": "г. Кропоткин (Краснод.), пер. Горького, д. 831, 848115",
        "Количество_этажей": 50,
        "Количество_квартир": 350,
        "Год_постройки": "2021",
        "Тип_материала": "стекло",
        "Площадь_квартиры": 171,
        "Количество_жителей": 181,
        "Наличие_лифта": false,
        "Наличие_охраны": true,
        "Наличие_парковки": true,
        "Расход_энергии_на_дом": 21033,
        "Наличие_спортивного_зала": true,
        "Расстояние_до_центра": 14,
        "Расстояние_до_метро": 3,
        "Расстояние_до_школы": 1
    },
    {
        "Название": "РАО «Яковлев Гуляев»",
        "Адрес": "с. Калининград, ул. Базарная, д. 6/6, 258358",
        "Количество_этажей": 24,
        "Количество_квартир": 168,
        "Год_постройки": "2020",
        "Тип_материала": "кирпич",
        "Площадь_квартиры": 73,
        "Количество_жителей": 132,
        "Наличие_лифта": true,
        "Наличие_охраны": true,
        "Наличие_парковки": false,
        "Расход_энергии_на_дом": 40871,
        "Наличие_спортивного_зала": true,
        "Расстояние_до_центра": 13,
        "Расстояние_до_метро": 4,
        "Расстояние_до_школы": 3
    },
    {
        "Название": "РАО «Гришина Лазарев»",
        "Адрес": "п. Наро-Фоминск, ш. 50 лет ВЛКСМ, д. 9/9 к. 1, 872045",
        "Количество_этажей": 25,
        "Количество_квартир": 175,
        "Год_постройки": "1991",
        "Тип_материала": "стекло",
        "Площадь_квартиры": 136,
        "Количество_жителей": 450,
        "Наличие_лифта": true,
        "Наличие_охраны": false,
        "Наличие_парковки": false,
        "Расход_энергии_на_дом": 16384,
        "Наличие_спортивного_зала": true,
        "Расстояние_до_центра": 4,
        "Расстояние_до_метро": 2,
        "Расстояние_до_школы": 1
    },
    {
        "Название": "ЗАО «Суханов, Ефремова и Воробьева»",
        "Адрес": "с. Коломна, наб. Приморская, д. 881, 171356",
        "Количество_этажей": 31,
        "Количество_квартир": 217,
        "Год_постройки": "2001",
        "Тип_материала": "кирпич",
        "Площадь_квартиры": 182,
        "Количество_жителей": 65,
        "Наличие_лифта": true,
        "Наличие_охраны": true,
        "Наличие_парковки": false,
        "Расход_энергии_на_дом": 19688,
        "Наличие_спортивного_зала": false,
        "Расстояние_до_центра": 2,
        "Расстояние_до_метро": 10,
        "Расстояние_до_школы": 1
    },
    {
        "Название": "Лига ставок",
        "Адрес": "г. Каневская, пр. Карла Либкнехта, д. 19, 640700",
        "Количество_этажей": 28,
        "Количество_квартир": 196,
        "Год_постройки": "2003",
        "Тип_материала": "стекло",
        "Площадь_квартиры": 159,
        "Количество_жителей": 187,
        "Наличие_лифта": true,
        "Наличие_охраны": true,
        "Наличие_парковки": false,
        "Расход_энергии_на_дом": 48404,
        "Наличие_спортивного_зала": false,
        "Расстояние_до_центра": 10,
        "Расстояние_до_метро": 7,
        "Расстояние_до_школы": 1
    },
    {
        "Название": "АО «Полякова Федорова»",
        "Адрес": "ст. Вязьма, пр. 8 Марта, д. 8 к. 921, 736417",
        "Количество_этажей": 22,
        "Количество_квартир": 154,
        "Год_постройки": "1984",
        "Тип_материала": "кирпич",
        "Площадь_квартиры": 161,
        "Количество_жителей": 365,
        "Наличие_лифта": true,
        "Наличие_охраны": true,
        "Наличие_парковки": true,
        "Расход_энергии_на_дом": 23388,
        "Наличие_спортивного_зала": false,
        "Расстояние_до_центра": 18,
        "Расстояние_до_метро": 1,
        "Расстояние_до_школы": 4
    },
    {
        "Название": "НПО «Федотов-Кулагин»",
        "Адрес": "ст. Тихорецк, наб. Калужская, д. 2 стр. 8/7, 616935",
        "Количество_этажей": 40,
        "Количество_квартир": 280,
        "Год_постройки": "1993",
        "Тип_материала": "железобетон",
        "Площадь_квартиры": 107,
        "Количество_жителей": 311,
        "Наличие_лифта": true,
        "Наличие_охраны": true,
        "Наличие_парковки": false,
        "Расход_энергии_на_дом": 26352,
        "Наличие_спортивного_зала": false,
        "Расстояние_до_центра": 13,
        "Расстояние_до_метро": 9,
        "Расстояние_до_школы": 1
    }
]