[
    {
        "Название": "НПО «Алексеев»",
        "Адрес": "г. Владикавказ, ш. Жукова, д. 63 стр. 2/3, 731372",
        "Количество_этажей": 40,
        "Количество_квартир": 280,
        "Год_постройки": "2011",
        "Тип_материала": "стекло",
        "Площадь_квартиры": 176,
        "Количество_жителей": 459,
        "Наличие_лифта": true,
        "Наличие_охраны": true,
        "Наличие_парковки": false,
        "Расход_энергии_на_дом": 23482,
        "Наличие_спортивного_зала": false,
        "Расстояние_до_центра": 10,
        "Расстояние_до_метро": 5,
        "Расстояние_до_школы": 1
    },
    {
        "Название": "РАО «Потапов»",
        "Адрес": "к. Краснодар, пр. Линейный, д. 1 стр. 2/3, 029473",
        "Количество_этажей": 49,
        "Количество_квартир": 343,
        "Год_постройки": "2015",
        "Тип_материала": "железобетон",
        "Площадь_квартиры": 91,
        "Количество_жителей": 160,
        "Наличие_лифта": true,
        "Наличие_охраны": true,
        "Наличие_парковки": true,
        "Расход_энергии_на_дом": 42390,
        "Наличие_спортивного_зала": false,
        "Расстояние_до_центра": 13,
        "Расстояние_до_метро": 9,
        "Расстояние_до_школы": 1
    },
    {
        "Название": "СНПХ",
        "Адрес": "клх Нальчик, бул. Партизанский, д. 5 к. 8/9, 415104",
        "Количество_этажей": 32,
        "Количество_квартир": 224,
        "Год_постройки": "2011",
        "Тип_материала": "стекло",
        "Площадь_квартиры": 159,
        "Количество_жителей": 459,
        "Наличие_лифта": true,
        "Наличие_охраны": true,
        "Наличие_парковки": false,
        "Расход_энергии_на_дом": 22728,
        "Наличие_спортивного_зала": false,
        "Расстояние_до_центра": 4,
        "Расстояние_до_метро": 7,
        "Расстояние_до_школы": 2
    },
    {
        "Название": "ОАО «Дорофеев, Селезнева и Терентьева»",
        "Адрес": "к. Кировск (Мурм.), пер. Кузнечный, д. 9 стр. 9/2, 228160",
        "Количество_этажей": 42,
        "Количество_квартир": 294,
        "Год_постройки": "2010",
        "Тип_материала": "стекло",
        "Площадь_квартиры": 117,
        "Количество_жителей": 316,
        "Наличие_лифта": true,
        "Наличие_охраны": true,
        "Наличие_парковки": false,
        "Расход_энергии_на_дом": 30392,
        "Наличие_спортивного_зала": false,
        "Расстояние_до_центра": 5,
        "Расстояние_до_метро": 10,
        "Расстояние_до_школы": 1
    },
    {
        "Название": "Шаров Инкорпорэйтед",
        "Адрес": "п. Сорочинск, алл. Красноярская, д. 237 стр. 5, 268938",
        "Количество_этажей": 45,
        "Количество_квартир": 315,
        "Год_постройки": "2010",
        "Тип_материала": "кирпич",
        "Площадь_квартиры": 81,
        "Количество_жителей": 274,
        "Наличие_лифта": true,
        "Наличие_охраны": false,
        "Наличие_парковки": false,
        "Расход_энергии_на_дом": 24310,
        "Наличие_спортивного_зала": false,
        "Расстояние_до_центра": 19,
        "Расстояние_до_метро": 5,
        "Расстояние_до_школы": 3
    },
    {
        "Название": "ЗАО «Кириллова»",
        "Адрес": "д. Уссурийск, алл. Линейная, д. 451 к. 3/4, 105681",
        "Количество_этажей": 31,
        "Количество_квартир": 217,
        "Год_постройки": "2001",
        "Тип_материала": "стекло",
        "Площадь_квартиры": 190,
        "Количество_жителей": 116,
        "Наличие_лифта": true,
        "Наличие_охраны": true,
        "Наличие_парковки": false,
        "Расход_энергии_на_дом": 13430,
        "Наличие_спортивного_зала": true,
        "Расстояние_до_центра": 14,
        "Расстояние_до_метро": 9,
        "Расстояние_до_школы": 3
    },
    {
        "Название": "ООО «Абрамова Воронова»",
        "Адрес": "ст. Эльтон, ул. Химиков, д. 7 стр. 297, 791839",
        "Количество_этажей": 39,
        "Количество_квартир": 273,
        "Год_постройки": "1977",
        "Тип_материала": "стекло",
        "Площадь_квартиры": 104,
        "Количество_жителей": 254,
        "Наличие_лифта": true,
        "Наличие_охраны": false,
        "Наличие_парковки": true,
        "Расход_энергии_на_дом": 18229,
        "Наличие_спортивного_зала": false,
        "Расстояние_до_центра": 18,
        "Расстояние_до_метро": 4,
        "Расстояние_до_школы": 3
    },
    {
        "Название": "ИП «Родионова Артемьева»",
        "Адрес": "клх Ессентуки, наб. Шолохова, д. 90, 399971",
        "Количество_этажей": 47,
        "Количество_квартир": 329,
        "Год_постройки": "1990",
        "Тип_материала": "кирпич",
        "Площадь_квартиры": 111,
        "Количество_жителей": 135,
        "Наличие_лифта": false,
        "Наличие_охраны": true,
        "Наличие_парковки": true,
        "Расход_энергии_на_дом": 25862,
        "Наличие_спортивного_зала": false,
        "Расстояние_до_центра": 6,
        "Расстояние_до_метро": 2,
        "Расстояние_до_школы": 3
    },
    {
        "Название": "Петролеум Трейдинг",
        "Адрес": "с. Тавда, ул. Тракторная, д. 65, 503656",
        "Количество_этажей": 32,
        "Количество_квартир": 224,
        "Год_постройки": "1985",
        "Тип_материала": "стекло",
        "Площадь_квартиры": 173,
        "Количество_жителей": 355,
        "Наличие_лифта": true,
        "Наличие_охраны": false,
        "Наличие_парковки": false,
        "Расход_энергии_на_дом": 23373,
        "Наличие_спортивного_зала": false,
        "Расстояние_до_центра": 12,
        "Расстояние_до_метро": 7,
        "Расстояние_до_школы": 3
    },
    {
        "Название": "РАО «Исаев-Баранов»",
        "Адрес": "п. Нязепетровск, пр. Халтурина, д. 7 стр. 58, 194182",
        "Количество_этажей": 41,
        "Количество_квартир": 287,
        "Год_постройки": "1983",
        "Тип_материала": "кирпич",
        "Площадь_квартиры": 108,
        "Количество_жителей": 183,
        "Наличие_лифта": false,
        "Наличие_охраны": false,
        "Наличие_парковки": true,
        "Расход_энергии_на_дом": 13892,
        "Наличие_спортивного_зала": true,
        "Расстояние_до_центра": 20,
        "Расстояние_до_метро": 4,
        "Расстояние_до_школы": 2
    },
    {
        "Название": "ЗАО «Комиссаров-Капустина»",
        "Адрес": "д. Тайшет, алл. Тургенева, д. 14, 855705",
        "Количество_этажей": 29,
        "Количество_квартир": 203,
        "Год_постройки": "1992",
        "Тип_материала": "железобетон",
        "Площадь_квартиры": 168,
        "Количество_жителей": 73,
        "Наличие_лифта": true,
        "Наличие_охраны": true,
        "Наличие_парковки": false,
        "Расход_энергии_на_дом": 11539,
        "Наличие_спортивного_зала": false,
        "Расстояние_до_центра": 14,
        "Расстояние_до_метро": 5,
        "Расстояние_до_школы": 3
    },
    {
        "Название": "АО «Фомина Селезнев»",
        "Адрес": "г. Нижнекамск, алл. Смирнова, д. 2/6, 423763",
        "Количество_этажей": 46,
        "Количество_квартир": 322,
        "Год_постройки": "1990",
        "Тип_материала": "кирпич",
        "Площадь_квартиры": 55,
        "Количество_жителей": 239,
        "Наличие_лифта": true,
        "Наличие_охраны": false,
        "Наличие_парковки": true,
        "Расход_энергии_на_дом": 25526,
        "Наличие_спортивного_зала": true,
        "Расстояние_до_центра": 5,
        "Расстояние_до_метро": 7,
        "Расстояние_до_школы": 4
    },
    {
        "Название": "Смирнов Групп",
        "Адрес": "г. Бирск, пр. Крылова, д. 5, 591609",
        "Количество_этажей": 26,
        "Количество_квартир": 182,
        "Год_постройки": "2009",
        "Тип_материала": "железобетон",
        "Площадь_квартиры": 196,
        "Количество_жителей": 307,
        "Наличие_лифта": true,
        "Наличие_охраны": true,
        "Наличие_парковки": false,
        "Расход_энергии_на_дом": 25775,
        "Наличие_спортивного_зала": true,
        "Расстояние_до_центра": 13,
        "Расстояние_до_метро": 6,
        "Расстояние_до_школы": 4
    },
    {
        "Название": "НПО «Моисеев, Бобылева и Назарова»",
        "Адрес": "г. Заводоуковск, ул. Привокзальная, д. 77 к. 87, 279304",
        "Количество_этажей": 31,
        "Количество_квартир": 217,
        "Год_постройки": "1994",
        "Тип_материала": "кирпич",
        "Площадь_квартиры": 69,
        "Количество_жителей": 278,
        "Наличие_лифта": false,
        "Наличие_охраны": true,
        "Наличие_парковки": false,
        "Расход_энергии_на_дом": 12306,
        "Наличие_спортивного_зала": false,
        "Расстояние_до_центра": 12,
        "Расстояние_до_метро": 6,
        "Расстояние_до_школы": 2
    },
    {
        "Название": "ОАО «Лихачев, Баранов и Муравьева»",
        "Адрес": "г. Мыс Шмидта, пер. Ульянова, д. 607, 485097",
        "Количество_этажей": 27,
        "Количество_квартир": 189,
        "Год_постройки": "2023",
        "Тип_материала": "стекло",
        "Площадь_квартиры": 110,
        "Количество_жителей": 239,
        "Наличие_лифта": true,
        "Наличие_охраны": true,
        "Наличие_парковки": false,
        "Расход_энергии_на_дом": 14265,
        "Наличие_спортивного_зала": true,
        "Расстояние_до_центра": 6,
        "Расстояние_до_метро": 10,
        "Расстояние_до_школы": 4
    }
]