[
    {
        "Название": "НПО «Блинов-Савина»",
        "Адрес": "с. Кингисепп, ш. Отрадное, д. 84 к. 9/8, 137934",
        "Количество_этажей": 44,
        "Количество_квартир": 308,
        "Год_постройки": "1976",
        "Тип_материала": "железобетон",
        "Площадь_квартиры": 98,
        "Количество_жителей": 167,
        "Наличие_лифта": true,
        "Наличие_охраны": true,
        "Наличие_парковки": false,
        "Расход_энергии_на_дом": 10490,
        "Наличие_спортивного_зала": false,
        "Расстояние_до_центра": 4,
        "Расстояние_до_метро": 1,
        "Расстояние_до_школы": 1
    },
    {
        "Название": "ООО «Петухова»",
        "Адрес": "к. Руза, ш. Студенческое, д. 338 стр. 346, 742405",
        "Количество_этажей": 27,
        "Количество_квартир": 189,
        "Год_постройки": "1994",
        "Тип_материала": "стекло",
        "Площадь_квартиры": 98,
        "Количество_жителей": 445,
        "Наличие_лифта": false,
        "Наличие_охраны": false,
        "Наличие_парковки": true,
        "Расход_энергии_на_дом": 14104,
        "Наличие_спортивного_зала": true,
        "Расстояние_до_центра": 19,
        "Расстояние_до_метро": 6,
        "Расстояние_до_школы": 5
    },
    {
        "Название": "Фармкомплект",
        "Адрес": "к. Архангельск, пер. Угловой, д. 8/1 стр. 7/2, 253914",
        "Количество_этажей": 46,
        "Количество_квартир": 322,
        "Год_постройки": "2008",
        "Тип_материала": "железобетон",
        "Площадь_квартиры": 133,
        "Количество_жителей": 340,
        "Наличие_лифта": true,
        "Наличие_охраны": true,
        "Наличие_парковки": false,
        "Расход_энергии_на_дом": 45850,
        "Наличие_спортивного_зала": false,
        "Расстояние_до_центра": 2,
        "Расстояние_до_метро": 6,
        "Расстояние_до_школы": 1
    },
    {
        "Название": "Устинов Инк",
        "Адрес": "г. Апрелевка, пр. Коммуны, д. 1, 259822",
        "Количество_этажей": 31,
        "Количество_квартир": 217,
        "Год_постройки": "1999",
        "Тип_материала": "железобетон",
        "Площадь_квартиры": 128,
        "Количество_жителей": 255,
        "Наличие_лифта": true,
        "Наличие_охраны": true,
        "Наличие_парковки": false,
        "Расход_энергии_на_дом": 33797,
        "Наличие_спортивного_зала": true,
        "Расстояние_до_центра": 20,
        "Расстояние_до_метро": 5,
        "Расстояние_до_школы": 2
    },
    {
        "Название": "Силин Инкорпорэйтед",
        "Адрес": "д. Ершов, пер. Тенистый, д. 29 стр. 9/7, 199143",
        "Количество_этажей": 31,
        "Количество_квартир": 217,
        "Год_постройки": "2006",
        "Тип_материала": "стекло",
        "Площадь_квартиры": 58,
        "Количество_жителей": 298,
        "Наличие_лифта": true,
        "Наличие_охраны": true,
        "Наличие_парковки": true,
        "Расход_энергии_на_дом": 37538,
        "Наличие_спортивного_зала": true,
        "Расстояние_до_центра": 15,
        "Расстояние_до_метро": 1,
        "Расстояние_до_школы": 2
    },
    {
        "Название": "ОАО «Устинов Рогов»",
        "Адрес": "ст. Лазаревское, алл. Шоссейная, д. 6/1 к. 4, 498138",
        "Количество_этажей": 42,
        "Количество_квартир": 294,
        "Год_постройки": "2019",
        "Тип_материала": "железобетон",
        "Площадь_квартиры": 175,
        "Количество_жителей": 89,
        "Наличие_лифта": true,
        "Наличие_охраны": true,
        "Наличие_парковки": true,
        "Расход_энергии_на_дом": 25992,
        "Наличие_спортивного_зала": false,
        "Расстояние_до_центра": 20,
        "Расстояние_до_метро": 10,
        "Расстояние_до_школы": 2
    },
    {
        "Название": "ИП «Селезнев-Яковлева»",
        "Адрес": "п. Уссурийск, пер. 30 лет Победы, д. 5/2, 382357",
        "Количество_этажей": 24,
        "Количество_квартир": 168,
        "Год_постройки": "2023",
        "Тип_материала": "кирпич",
        "Площадь_квартиры": 200,
        "Количество_жителей": 467,
        "Наличие_лифта": true,
        "Наличие_охраны": true,
        "Наличие_парковки": true,
        "Расход_энергии_на_дом": 44647,
        "Наличие_спортивного_зала": false,
        "Расстояние_до_центра": 7,
        "Расстояние_до_метро": 3,
        "Расстояние_до_школы": 4
    },
    {
        "Название": "Стрелков Инк",
        "Адрес": "д. Алдан, ул. Серова, д. 2/8 к. 809, 517927",
        "Количество_этажей": 33,
        "Количество_квартир": 231,
        "Год_постройки": "2014",
        "Тип_материала": "железобетон",
        "Площадь_квартиры": 147,
        "Количество_жителей": 357,
        "Наличие_лифта": true,
        "Наличие_охраны": false,
        "Наличие_парковки": true,
        "Расход_энергии_на_дом": 10998,
        "Наличие_спортивного_зала": true,
        "Расстояние_до_центра": 6,
        "Расстояние_до_метро": 5,
        "Расстояние_до_школы": 5
    },
    {
        "Название": "Рив Гош",
        "Адрес": "д. Арсеньев, ш. Тополиное, д. 5/8 стр. 5/7, 799561",
        "Количество_этажей": 26,
        "Количество_квартир": 182,
        "Год_постройки": "2001",
        "Тип_материала": "кирпич",
        "Площадь_квартиры": 60,
        "Количество_жителей": 342,
        "Наличие_лифта": true,
        "Наличие_охраны": true,
        "Наличие_парковки": false,
        "Расход_энергии_на_дом": 45051,
        "Наличие_спортивного_зала": true,
        "Расстояние_до_центра": 5,
        "Расстояние_до_метро": 8,
        "Расстояние_до_школы": 4
    },
    {
        "Название": "Свеза",
        "Адрес": "клх Углич, алл. Нагорная, д. 80 стр. 9, 919651",
        "Количество_этажей": 48,
        "Количество_квартир": 336,
        "Год_постройки": "1978",
        "Тип_материала": "стекло",
        "Площадь_квартиры": 146,
        "Количество_жителей": 129,
        "Наличие_лифта": true,
        "Наличие_охраны": true,
        "Наличие_парковки": false,
        "Расход_энергии_на_дом": 36138,
        "Наличие_спортивного_зала": true,
        "Расстояние_до_центра": 1,
        "Расстояние_до_метро": 7,
        "Расстояние_до_школы": 3
    },
    {
        "Название": "Савин Лтд",
        "Адрес": "к. Борзя, бул. Ключевой, д. 1/1 к. 83, 892303",
        "Количество_этажей": 35,
        "Количество_квартир": 245,
        "Год_постройки": "2018",
        "Тип_материала": "железобетон",
        "Площадь_квартиры": 161,
        "Количество_жителей": 139,
        "Наличие_лифта": true,
        "Наличие_охраны": false,
        "Наличие_парковки": false,
        "Расход_энергии_на_дом": 48869,
        "Наличие_спортивного_зала": false,
        "Расстояние_до_центра": 4,
        "Расстояние_до_метро": 1,
        "Расстояние_до_школы": 5
    },
    {
        "Название": "АО «Рябов, Рогов и Ларионов»",
        "Адрес": "клх Темрюк, пр. З.Космодемьянской, д. 2/6 к. 31, 858607",
        "Количество_этажей": 36,
        "Количество_квартир": 252,
        "Год_постройки": "1980",
        "Тип_материала": "железобетон",
        "Площадь_квартиры": 92,
        "Количество_жителей": 380,
        "Наличие_лифта": true,
        "Наличие_охраны": true,
        "Наличие_парковки": false,
        "Расход_энергии_на_дом": 47252,
        "Наличие_спортивного_зала": false,
        "Расстояние_до_центра": 13,
        "Расстояние_до_метро": 5,
        "Расстояние_до_школы": 3
    },
    {
        "Название": "НПО «Цветков-Доронин»",
        "Адрес": "г. Ревда (Сверд.), ш. Папанина, д. 4 к. 925, 512353",
        "Количество_этажей": 36,
        "Количество_квартир": 252,
        "Год_постройки": "1994",
        "Тип_материала": "кирпич",
        "Площадь_квартиры": 125,
        "Количество_жителей": 136,
        "Наличие_лифта": true,
        "Наличие_охраны": false,
        "Наличие_парковки": false,
        "Расход_энергии_на_дом": 37855,
        "Наличие_спортивного_зала": true,
        "Расстояние_до_центра": 7,
        "Расстояние_до_метро": 6,
        "Расстояние_до_школы": 3
    },
    {
        "Название": "Полякова Групп",
        "Адрес": "ст. Байкальск, алл. Заводская, д. 72 стр. 3/7, 213326",
        "Количество_этажей": 37,
        "Количество_квартир": 259,
        "Год_постройки": "2018",
        "Тип_материала": "кирпич",
        "Площадь_квартиры": 117,
        "Количество_жителей": 335,
        "Наличие_лифта": true,
        "Наличие_охраны": true,
        "Наличие_парковки": true,
        "Расход_энергии_на_дом": 39849,
        "Наличие_спортивного_зала": true,
        "Расстояние_до_центра": 9,
        "Расстояние_до_метро": 4,
        "Расстояние_до_школы": 5
    },
    {
        "Название": "ООО «Чернов Архипов»",
        "Адрес": "с. Усть-Илимск, алл. Ленина, д. 1 стр. 4/4, 060814",
        "Количество_этажей": 28,
        "Количество_квартир": 196,
        "Год_постройки": "2021",
        "Тип_материала": "кирпич",
        "Площадь_квартиры": 111,
        "Количество_жителей": 451,
        "Наличие_лифта": true,
        "Наличие_охраны": false,
        "Наличие_парковки": true,
        "Расход_энергии_на_дом": 40613,
        "Наличие_спортивного_зала": false,
        "Расстояние_до_центра": 3,
        "Расстояние_до_метро": 5,
        "Расстояние_до_школы": 2
    }
]