[
    {
        "Название": "ЗАО «Логинова-Степанова»",
        "Адрес": "п. Листвянка (Иркут.), алл. 60 лет Октября, д. 9/7 к. 6, 523873",
        "Количество_этажей": 41,
        "Количество_квартир": 287,
        "Год_постройки": "1996",
        "Тип_материала": "стекло",
        "Площадь_квартиры": 51,
        "Количество_жителей": 62,
        "Наличие_лифта": true,
        "Наличие_охраны": true,
        "Наличие_парковки": true,
        "Расход_энергии_на_дом": 38576,
        "Наличие_спортивного_зала": true,
        "Расстояние_до_центра": 8,
        "Расстояние_до_метро": 6,
        "Расстояние_до_школы": 4
    },
    {
        "Название": "РАО «Петров-Соболева»",
        "Адрес": "к. Кириши, ш. Совхозное, д. 960, 864131",
        "Количество_этажей": 33,
        "Количество_квартир": 231,
        "Год_постройки": "2007",
        "Тип_материала": "кирпич",
        "Площадь_квартиры": 185,
        "Количество_жителей": 366,
        "Наличие_лифта": true,
        "Наличие_охраны": true,
        "Наличие_парковки": true,
        "Расход_энергии_на_дом": 14685,
        "Наличие_спортивного_зала": true,
        "Расстояние_до_центра": 4,
        "Расстояние_до_метро": 2,
        "Расстояние_до_школы": 3
    },
    {
        "Название": "ИП «Самойлов»",
        "Адрес": "ст. Сковородино, бул. Радищева, д. 6/4, 216055",
        "Количество_этажей": 26,
        "Количество_квартир": 182,
        "Год_постройки": "1990",
        "Тип_материала": "железобетон",
        "Площадь_квартиры": 68,
        "Количество_жителей": 112,
        "Наличие_лифта": true,
        "Наличие_охраны": false,
        "Наличие_парковки": true,
        "Расход_энергии_на_дом": 34535,
        "Наличие_спортивного_зала": true,
        "Расстояние_до_центра": 1,
        "Расстояние_до_метро": 5,
        "Расстояние_до_школы": 3
    },
    {
        "Название": "ОАО «Кононов»",
        "Адрес": "клх Рубцовск, ул. Огородная, д. 362 к. 85, 552531",
        "Количество_этажей": 28,
        "Количество_квартир": 196,
        "Год_постройки": "1994",
        "Тип_материала": "железобетон",
        "Площадь_квартиры": 101,
        "Количество_жителей": 104,
        "Наличие_лифта": true,
        "Наличие_охраны": false,
        "Наличие_парковки": true,
        "Расход_энергии_на_дом": 38237,
        "Наличие_спортивного_зала": false,
        "Расстояние_до_центра": 17,
        "Расстояние_до_метро": 5,
        "Расстояние_до_школы": 4
    },
    {
        "Название": "Осипов Групп",
        "Адрес": "п. Серпухов, ш. Садовое, д. 7, 708806",
        "Количество_этажей": 36,
        "Количество_квартир": 252,
        "Год_постройки": "1993",
        "Тип_материала": "кирпич",
        "Площадь_квартиры": 138,
        "Количество_жителей": 224,
        "Наличие_лифта": false,
        "Наличие_охраны": true,
        "Наличие_парковки": false,
        "Расход_энергии_на_дом": 49353,
        "Наличие_спортивного_зала": false,
        "Расстояние_до_центра": 13,
        "Расстояние_до_метро": 3,
        "Расстояние_до_школы": 1
    },
    {
        "Название": "ОАО «Данилов, Суворова и Медведева»",
        "Адрес": "к. Бирск, алл. Малая, д. 98 стр. 6/7, 934431",
        "Количество_этажей": 50,
        "Количество_квартир": 350,
        "Год_постройки": "1981",
        "Тип_материала": "железобетон",
        "Площадь_квартиры": 141,
        "Количество_жителей": 500,
        "Наличие_лифта": true,
        "Наличие_охраны": true,
        "Наличие_парковки": true,
        "Расход_энергии_на_дом": 24332,
        "Наличие_спортивного_зала": false,
        "Расстояние_до_центра": 6,
        "Расстояние_до_метро": 7,
        "Расстояние_до_школы": 3
    },
    {
        "Название": "ЗАО «Воронцова»",
        "Адрес": "к. Нижневартовск, ш. Загородное, д. 6/4, 758612",
        "Количество_этажей": 44,
        "Количество_квартир": 308,
        "Год_постройки": "2022",
        "Тип_материала": "стекло",
        "Площадь_квартиры": 60,
        "Количество_жителей": 84,
        "Наличие_лифта": true,
        "Наличие_охраны": true,
        "Наличие_парковки": false,
        "Расход_энергии_на_дом": 32938,
        "Наличие_спортивного_зала": false,
        "Расстояние_до_центра": 1,
        "Расстояние_до_метро": 5,
        "Расстояние_до_школы": 5
    },
    {
        "Название": "ЗАО «Ковалев Стрелков»",
        "Адрес": "ст. Ельня, пер. Песчаный, д. 3, 491596",
        "Количество_этажей": 30,
        "Количество_квартир": 210,
        "Год_постройки": "1986",
        "Тип_материала": "железобетон",
        "Площадь_квартиры": 179,
        "Количество_жителей": 189,
        "Наличие_лифта": false,
        "Наличие_охраны": false,
        "Наличие_парковки": true,
        "Расход_энергии_на_дом": 13837,
        "Наличие_спортивного_зала": false,
        "Расстояние_до_центра": 19,
        "Расстояние_до_метро": 6,
        "Расстояние_до_школы": 5
    },
    {
        "Название": "ОАО «Нестерова, Тарасов и Крюков»",
        "Адрес": "ст. Анапа, пер. Хвойный, д. 7/3, 438451",
        "Количество_этажей": 23,
        "Количество_квартир": 161,
        "Год_постройки": "2016",
        "Тип_материала": "железобетон",
        "Площадь_квартиры": 53,
        "Количество_жителей": 214,
        "Наличие_лифта": true,
        "Наличие_охраны": true,
        "Наличие_парковки": true,
        "Расход_энергии_на_дом": 21663,
        "Наличие_спортивного_зала": false,
        "Расстояние_до_центра": 17,
        "Расстояние_до_метро": 5,
        "Расстояние_до_школы": 5
    },
    {
        "Название": "Виноградова Инк",
        "Адрес": "с. Губкинский, алл. Толстого, д. 9/5, 772306",
        "Количество_этажей": 25,
        "Количество_квартир": 175,
        "Год_постройки": "2001",
        "Тип_материала": "железобетон",
        "Площадь_квартиры": 66,
        "Количество_жителей": 307,
        "Наличие_лифта": true,
        "Наличие_охраны": true,
        "Наличие_парковки": false,
        "Расход_энергии_на_дом": 11520,
        "Наличие_спортивного_зала": true,
        "Расстояние_до_центра": 4,
        "Расстояние_до_метро": 4,
        "Расстояние_до_школы": 3
    },
    {
        "Название": "НПО «Яковлева-Доронина»",
        "Адрес": "г. Подольск, пр. Куйбышева, д. 8/9 стр. 86, 490596",
        "Количество_этажей": 23,
        "Количество_квартир": 161,
        "Год_постройки": "2003",
        "Тип_материала": "кирпич",
        "Площадь_квартиры": 198,
        "Количество_жителей": 454,
        "Наличие_лифта": false,
        "Наличие_охраны": true,
        "Наличие_парковки": true,
        "Расход_энергии_на_дом": 43516,
        "Наличие_спортивного_зала": false,
        "Расстояние_до_центра": 6,
        "Расстояние_до_метро": 3,
        "Расстояние_до_школы": 2
    },
    {
        "Название": "ЗАО «Суворов, Мухин и Мартынов»",
        "Адрес": "ст. Бомнак, пер. Школьный, д. 4 стр. 27, 936813",
        "Количество_этажей": 41,
        "Количество_квартир": 287,
        "Год_постройки": "1986",
        "Тип_материала": "железобетон",
        "Площадь_квартиры": 80,
        "Количество_жителей": 396,
        "Наличие_лифта": true,
        "Наличие_охраны": true,
        "Наличие_парковки": false,
        "Расход_энергии_на_дом": 37827,
        "Наличие_спортивного_зала": true,
        "Расстояние_до_центра": 19,
        "Расстояние_до_метро": 4,
        "Расстояние_до_школы": 5
    },
    {
        "Название": "АСР-Углесбыт",
        "Адрес": "ст. Усть-Джегута, бул. Пугачева, д. 4/7 к. 7, 353873",
        "Количество_этажей": 44,
        "Количество_квартир": 308,
        "Год_постройки": "1987",
        "Тип_материала": "железобетон",
        "Площадь_квартиры": 115,
        "Количество_жителей": 104,
        "Наличие_лифта": true,
        "Наличие_охраны": true,
        "Наличие_парковки": false,
        "Расход_энергии_на_дом": 28401,
        "Наличие_спортивного_зала": true,
        "Расстояние_до_центра": 16,
        "Расстояние_до_метро": 10,
        "Расстояние_до_школы": 1
    },
    {
        "Название": "ЗАО «Кондратьева Прохоров»",
        "Адрес": "ст. Витим, ш. Кедровое, д. 1/1, 962319",
        "Количество_этажей": 45,
        "Количество_квартир": 315,
        "Год_постройки": "2003",
        "Тип_материала": "кирпич",
        "Площадь_квартиры": 77,
        "Количество_жителей": 252,
        "Наличие_лифта": true,
        "Наличие_охраны": true,
        "Наличие_парковки": true,
        "Расход_энергии_на_дом": 29317,
        "Наличие_спортивного_зала": false,
        "Расстояние_до_центра": 7,
        "Расстояние_до_метро": 8,
        "Расстояние_до_школы": 4
    },
    {
        "Название": "Журавлева и партнеры",
        "Адрес": "с. Верхотурье, пер. Строителей, д. 38 стр. 22, 379397",
        "Количество_этажей": 49,
        "Количество_квартир": 343,
        "Год_постройки": "1978",
        "Тип_материала": "кирпич",
        "Площадь_квартиры": 174,
        "Количество_жителей": 319,
        "Наличие_лифта": true,
        "Наличие_охраны": true,
        "Наличие_парковки": false,
        "Расход_энергии_на_дом": 22731,
        "Наличие_спортивного_зала": false,
        "Расстояние_до_центра": 4,
        "Расстояние_до_метро": 2,
        "Расстояние_до_школы": 4
    }
]