[
    {
        "Название": "НПО «Горшков, Бобылев и Лапина»",
        "Адрес": "к. Петрозаводск, ул. Котовского, д. 35 стр. 8/5, 830412",
        "Количество_этажей": 42,
        "Количество_квартир": 294,
        "Год_постройки": "1979",
        "Тип_материала": "кирпич",
        "Площадь_квартиры": 66,
        "Количество_жителей": 125,
        "Наличие_лифта": true,
        "Наличие_охраны": true,
        "Наличие_парковки": false,
        "Расход_энергии_на_дом": 47711,
        "Наличие_спортивного_зала": false,
        "Расстояние_до_центра": 9,
        "Расстояние_до_метро": 9,
        "Расстояние_до_школы": 5
    },
    {
        "Название": "АО «Носов Корнилов»",
        "Адрес": "клх Шахты, ул. Братская, д. 5 к. 63, 387123",
        "Количество_этажей": 23,
        "Количество_квартир": 161,
        "Год_постройки": "1970",
        "Тип_материала": "железобетон",
        "Площадь_квартиры": 137,
        "Количество_жителей": 173,
        "Наличие_лифта": true,
        "Наличие_охраны": true,
        "Наличие_парковки": false,
        "Расход_энергии_на_дом": 45789,
        "Наличие_спортивного_зала": true,
        "Расстояние_до_центра": 13,
        "Расстояние_до_метро": 9,
        "Расстояние_до_школы": 2
    },
    {
        "Название": "Иркутская нефтяная компания",
        "Адрес": "ст. Асбест, пер. Невского, д. 5 стр. 13, 930213",
        "Количество_этажей": 30,
        "Количество_квартир": 210,
        "Год_постройки": "1991",
        "Тип_материала": "железобетон",
        "Площадь_квартиры": 95,
        "Количество_жителей": 232,
        "Наличие_лифта": true,
        "Наличие_охраны": true,
        "Наличие_парковки": false,
        "Расход_энергии_на_дом": 49180,
        "Наличие_спортивного_зала": true,
        "Расстояние_до_центра": 13,
        "Расстояние_до_метро": 8,
        "Расстояние_до_школы": 3
    },
    {
        "Название": "Ситникова Инкорпорэйтед",
        "Адрес": "п. Шахты, наб. Горького, д. 7/7 к. 8, 807390",
        "Количество_этажей": 47,
        "Количество_квартир": 329,
        "Год_постройки": "2012",
        "Тип_материала": "железобетон",
        "Площадь_квартиры": 199,
        "Количество_жителей": 393,
        "Наличие_лифта": false,
        "Наличие_охраны": true,
        "Наличие_парковки": false,
        "Расход_энергии_на_дом": 43965,
        "Наличие_спортивного_зала": true,
        "Расстояние_до_центра": 2,
        "Расстояние_до_метро": 6,
        "Расстояние_до_школы": 2
    },
    {
        "Название": "НПО «Селезнева Беляев»",
        "Адрес": "с. Баргузин, наб. Заводская, д. 7 к. 1, 247275",
        "Количество_этажей": 21,
        "Количество_квартир": 147,
        "Год_постройки": "1977",
        "Тип_материала": "стекло",
        "Площадь_квартиры": 165,
        "Количество_жителей": 153,
        "Наличие_лифта": true,
        "Наличие_охраны": true,
        "Наличие_парковки": false,
        "Расход_энергии_на_дом": 21830,
        "Наличие_спортивного_зала": false,
        "Расстояние_до_центра": 7,
        "Расстояние_до_метро": 2,
        "Расстояние_до_школы": 1
    },
    {
        "Название": "ОАО «Павлова-Кузьмин»",
        "Адрес": "к. Наро-Фоминск, пер. Ярославский, д. 722, 560304",
        "Количество_этажей": 37,
        "Количество_квартир": 259,
        "Год_постройки": "1990",
        "Тип_материала": "стекло",
        "Площадь_квартиры": 85,
        "Количество_жителей": 130,
        "Наличие_лифта": true,
        "Наличие_охраны": true,
        "Наличие_парковки": true,
        "Расход_энергии_на_дом": 38197,
        "Наличие_спортивного_зала": false,
        "Расстояние_до_центра": 16,
        "Расстояние_до_метро": 9,
        "Расстояние_до_школы": 5
    },
    {
        "Название": "РАО «Лазарев Лыткина»",
        "Адрес": "к. Сергиев Посад, ул. Жуковского, д. 17, 446778",
        "Количество_этажей": 39,
        "Количество_квартир": 273,
        "Год_постройки": "2020",
        "Тип_материала": "железобетон",
        "Площадь_квартиры": 91,
        "Количество_жителей": 184,
        "Наличие_лифта": true,
        "Наличие_охраны": true,
        "Наличие_парковки": false,
        "Расход_энергии_на_дом": 38378,
        "Наличие_спортивного_зала": true,
        "Расстояние_до_центра": 7,
        "Расстояние_до_метро": 2,
        "Расстояние_до_школы": 3
    },
    {
        "Название": "Новороссийский морской торговый порт",
        "Адрес": "п. Моздок, наб. Нижняя, д. 139 стр. 9, 236440",
        "Количество_этажей": 23,
        "Количество_квартир": 161,
        "Год_постройки": "2013",
        "Тип_материала": "кирпич",
        "Площадь_квартиры": 117,
        "Количество_жителей": 385,
        "Наличие_лифта": true,
        "Наличие_охраны": false,
        "Наличие_парковки": false,
        "Расход_энергии_на_дом": 30973,
        "Наличие_спортивного_зала": false,
        "Расстояние_до_центра": 17,
        "Расстояние_до_метро": 8,
        "Расстояние_до_школы": 2
    },
    {
        "Название": "АО «Щербаков Михайлов»",
        "Адрес": "ст. Кизилюрт, ул. Демьяна Бедного, д. 531 к. 9/4, 774021",
        "Количество_этажей": 29,
        "Количество_квартир": 203,
        "Год_постройки": "1987",
        "Тип_материала": "железобетон",
        "Площадь_квартиры": 55,
        "Количество_жителей": 154,
        "Наличие_лифта": true,
        "Наличие_охраны": true,
        "Наличие_парковки": false,
        "Расход_энергии_на_дом": 16140,
        "Наличие_спортивного_зала": false,
        "Расстояние_до_центра": 12,
        "Расстояние_до_метро": 9,
        "Расстояние_до_школы": 4
    },
    {
        "Название": "ИП «Устинов Комарова»",
        "Адрес": "д. Нефтекамск, пр. Ветеранов, д. 35, 633729",
        "Количество_этажей": 27,
        "Количество_квартир": 189,
        "Год_постройки": "2019",
        "Тип_материала": "кирпич",
        "Площадь_квартиры": 186,
        "Количество_жителей": 282,
        "Наличие_лифта": false,
        "Наличие_охраны": false,
        "Наличие_парковки": true,
        "Расход_энергии_на_дом": 17849,
        "Наличие_спортивного_зала": true,
        "Расстояние_до_центра": 17,
        "Расстояние_до_метро": 8,
        "Расстояние_до_школы": 3
    },
    {
        "Название": "Сорокина и партнеры",
        "Адрес": "клх Петропавловск-Камчатский, алл. Фестивальная, д. 79, 484400",
        "Количество_этажей": 34,
        "Количество_квартир": 238,
        "Год_постройки": "1984",
        "Тип_материала": "стекло",
        "Площадь_квартиры": 187,
        "Количество_жителей": 263,
        "Наличие_лифта": true,
        "Наличие_охраны": false,
        "Наличие_парковки": false,
        "Расход_энергии_на_дом": 24161,
        "Наличие_спортивного_зала": false,
        "Расстояние_до_центра": 18,
        "Расстояние_до_метро": 3,
        "Расстояние_до_школы": 5
    },
    {
        "Название": "Андреева Лимитед",
        "Адрес": "ст. Каневская, ул. Песчаная, д. 7 к. 81, 925837",
        "Количество_этажей": 28,
        "Количество_квартир": 196,
        "Год_постройки": "1982",
        "Тип_материала": "кирпич",
        "Площадь_квартиры": 196,
        "Количество_жителей": 237,
        "Наличие_лифта": true,
        "Наличие_охраны": true,
        "Наличие_парковки": true,
        "Расход_энергии_на_дом": 12187,
        "Наличие_спортивного_зала": true,
        "Расстояние_до_центра": 8,
        "Расстояние_до_метро": 3,
        "Расстояние_до_школы": 4
    },
    {
        "Название": "АО «Чернов-Лебедев»",
        "Адрес": "с. Туруханск, ул. Орджоникидзе, д. 946 к. 43, 283794",
        "Количество_этажей": 49,
        "Количество_квартир": 343,
        "Год_постройки": "2021",
        "Тип_материала": "железобетон",
        "Площадь_квартиры": 188,
        "Количество_жителей": 293,
        "Наличие_лифта": true,
        "Наличие_охраны": true,
        "Наличие_парковки": false,
        "Расход_энергии_на_дом": 33182,
        "Наличие_спортивного_зала": false,
        "Расстояние_до_центра": 2,
        "Расстояние_до_метро": 9,
        "Расстояние_до_школы": 4
    },
    {
        "Название": "АО «Андреева Молчанов»",
        "Адрес": "клх Каргополь, пер. Деповский, д. 13 стр. 242, 655984",
        "Количество_этажей": 46,
        "Количество_квартир": 322,
        "Год_постройки": "1994",
        "Тип_материала": "стекло",
        "Площадь_квартиры": 192,
        "Количество_жителей": 219,
        "Наличие_лифта": true,
        "Наличие_охраны": true,
        "Наличие_парковки": false,
        "Расход_энергии_на_дом": 13861,
        "Наличие_спортивного_зала": true,
        "Расстояние_до_центра": 19,
        "Расстояние_до_метро": 7,
        "Расстояние_до_школы": 2
    },
    {
        "Название": "Горбунов Инк",
        "Адрес": "ст. Нягань, наб. Ивановская, д. 1/1 к. 9, 599475",
        "Количество_этажей": 40,
        "Количество_квартир": 280,
        "Год_постройки": "2020",
        "Тип_материала": "стекло",
        "Площадь_квартиры": 109,
        "Количество_жителей": 148,
        "Наличие_лифта": true,
        "Наличие_охраны": true,
        "Наличие_парковки": false,
        "Расход_энергии_на_дом": 40132,
        "Наличие_спортивного_зала": false,
        "Расстояние_до_центра": 17,
        "Расстояние_до_метро": 5,
        "Расстояние_до_школы": 4
    }
]