[
    {
        "Название": "ЗАО «Белозерова»",
        "Адрес": "г. Юрьев-Польский, ш. Широкое, д. 80 к. 7/8, 375183",
        "Количество_этажей": 46,
        "Количество_квартир": 322,
        "Год_постройки": "2018",
        "Тип_материала": "стекло",
        "Площадь_квартиры": 63,
        "Количество_жителей": 193,
        "Наличие_лифта": true,
        "Наличие_охраны": false,
        "Наличие_парковки": false,
        "Расход_энергии_на_дом": 30349,
        "Наличие_спортивного_зала": false,
        "Расстояние_до_центра": 5,
        "Расстояние_до_метро": 2,
        "Расстояние_до_школы": 1
    },
    {
        "Название": "Урало-Сибирская металлургическая компания",
        "Адрес": "д. Клин, бул. Космический, д. 653 стр. 296, 345830",
        "Количество_этажей": 45,
        "Количество_квартир": 315,
        "Год_постройки": "2022",
        "Тип_материала": "кирпич",
        "Площадь_квартиры": 56,
        "Количество_жителей": 289,
        "Наличие_лифта": true,
        "Наличие_охраны": true,
        "Наличие_парковки": true,
        "Расход_энергии_на_дом": 42073,
        "Наличие_спортивного_зала": false,
        "Расстояние_до_центра": 11,
        "Расстояние_до_метро": 7,
        "Расстояние_до_школы": 1
    },
    {
        "Название": "НПО «Морозов, Михеева и Артемьев»",
        "Адрес": "г. Кулунда, алл. Первомайская, д. 899, 101490",
        "Количество_этажей": 48,
        "Количество_квартир": 336,
        "Год_постройки": "1991",
        "Тип_материала": "железобетон",
        "Площадь_квартиры": 190,
        "Количество_жителей": 268,
        "Наличие_лифта": true,
        "Наличие_охраны": false,
        "Наличие_парковки": false,
        "Расход_энергии_на_дом": 19113,
        "Наличие_спортивного_зала": true,
        "Расстояние_до_центра": 8,
        "Расстояние_до_метро": 5,
        "Расстояние_до_школы": 4
    },
    {
        "Название": "ООО «Дроздов-Рябова»",
        "Адрес": "с. Югорск, наб. Путейская, д. 205 стр. 3/2, 843159",
        "Количество_этажей": 29,
        "Количество_квартир": 203,
        "Год_постройки": "1982",
        "Тип_материала": "стекло",
        "Площадь_квартиры": 51,
        "Количество_жителей": 468,
        "Наличие_лифта": true,
        "Наличие_охраны": true,
        "Наличие_парковки": false,
        "Расход_энергии_на_дом": 13623,
        "Наличие_спортивного_зала": false,
        "Расстояние_до_центра": 6,
        "Расстояние_до_метро": 9,
        "Расстояние_до_школы": 3
    },
    {
        "Название": "ОАО «Александрова Юдин»",
        "Адрес": "ст. Орск, алл. Шолохова, д. 459 к. 3/6, 276613",
        "Количество_этажей": 33,
        "Количество_квартир": 231,
        "Год_постройки": "2011",
        "Тип_материала": "стекло",
        "Площадь_квартиры": 139,
        "Количество_жителей": 347,
        "Наличие_лифта": true,
        "Наличие_охраны": false,
        "Наличие_парковки": true,
        "Расход_энергии_на_дом": 24078,
        "Наличие_спортивного_зала": true,
        "Расстояние_до_центра": 19,
        "Расстояние_до_метро": 2,
        "Расстояние_до_школы": 3
    },
    {
        "Название": "РАО «Лукин»",
        "Адрес": "ст. Кингисепп, наб. Сосновая, д. 32 стр. 4/1, 537207",
        "Количество_этажей": 23,
        "Количество_квартир": 161,
        "Год_постройки": "2001",
        "Тип_материала": "кирпич",
        "Площадь_квартиры": 180,
        "Количество_жителей": 444,
        "Наличие_лифта": true,
        "Наличие_охраны": true,
        "Наличие_парковки": false,
        "Расход_энергии_на_дом": 42459,
        "Наличие_спортивного_зала": false,
        "Расстояние_до_центра": 18,
        "Расстояние_до_метро": 8,
        "Расстояние_до_школы": 2
    },
    {
        "Название": "Галкина Групп",
        "Адрес": "к. Корсаков, ш. Парковое, д. 383 к. 441, 754197",
        "Количество_этажей": 47,
        "Количество_квартир": 329,
        "Год_постройки": "2015",
        "Тип_материала": "кирпич",
        "Площадь_квартиры": 114,
        "Количество_жителей": 52,
        "Наличие_лифта": true,
        "Наличие_охраны": false,
        "Наличие_парковки": false,
        "Расход_энергии_на_дом": 10909,
        "Наличие_спортивного_зала": false,
        "Расстояние_до_центра": 16,
        "Расстояние_до_метро": 7,
        "Расстояние_до_школы": 1
    },
    {
        "Название": "Лихачев Инкорпорэйтед",
        "Адрес": "г. Павловский Посад, алл. Коммунаров, д. 3/1 к. 3, 082474",
        "Количество_этажей": 27,
        "Количество_квартир": 189,
        "Год_постройки": "2014",
        "Тип_материала": "стекло",
        "Площадь_квартиры": 153,
        "Количество_жителей": 181,
        "Наличие_лифта": false,
        "Наличие_охраны": true,
        "Наличие_парковки": true,
        "Расход_энергии_на_дом": 38250,
        "Наличие_спортивного_зала": true,
        "Расстояние_до_центра": 20,
        "Расстояние_до_метро": 8,
        "Расстояние_до_школы": 1
    },
    {
        "Название": "ООО «Кузьмина, Васильев и Осипова»",
        "Адрес": "п. Кетченеры, ш. Строителей, д. 4, 047616",
        "Количество_этажей": 49,
        "Количество_квартир": 343,
        "Год_постройки": "1985",
        "Тип_материала": "железобетон",
        "Площадь_квартиры": 116,
        "Количество_жителей": 113,
        "Наличие_лифта": true,
        "Наличие_охраны": false,
        "Наличие_парковки": true,
        "Расход_энергии_на_дом": 27794,
        "Наличие_спортивного_зала": false,
        "Расстояние_до_центра": 6,
        "Расстояние_до_метро": 10,
        "Расстояние_до_школы": 5
    },
    {
        "Название": "ЗАО «Васильев Уварова»",
        "Адрес": "к. Корсаков, алл. Комарова, д. 5 стр. 6/8, 625262",
        "Количество_этажей": 21,
        "Количество_квартир": 147,
        "Год_постройки": "1986",
        "Тип_материала": "кирпич",
        "Площадь_квартиры": 181,
        "Количество_жителей": 331,
        "Наличие_лифта": true,
        "Наличие_охраны": true,
        "Наличие_парковки": false,
        "Расход_энергии_на_дом": 14367,
        "Наличие_спортивного_зала": true,
        "Расстояние_до_центра": 9,
        "Расстояние_до_метро": 6,
        "Расстояние_до_школы": 1
    },
    {
        "Название": "Хенкель Рус (Henkel)",
        "Адрес": "ст. Нефтегорск (Самар.), пр. Безымянный, д. 3/2, 963020",
        "Количество_этажей": 33,
        "Количество_квартир": 231,
        "Год_постройки": "2009",
        "Тип_материала": "стекло",
        "Площадь_квартиры": 133,
        "Количество_жителей": 297,
        "Наличие_лифта": true,
        "Наличие_охраны": false,
        "Наличие_парковки": false,
        "Расход_энергии_на_дом": 31871,
        "Наличие_спортивного_зала": false,
        "Расстояние_до_центра": 17,
        "Расстояние_до_метро": 6,
        "Расстояние_до_школы": 5
    },
    {
        "Название": "НПО «Исаев-Соболев»",
        "Адрес": "п. Тарко-Сале, пер. Севастопольский, д. 1/9 стр. 59, 347899",
        "Количество_этажей": 39,
        "Количество_квартир": 273,
        "Год_постройки": "2020",
        "Тип_материала": "стекло",
        "Площадь_квартиры": 171,
        "Количество_жителей": 260,
        "Наличие_лифта": true,
        "Наличие_охраны": true,
        "Наличие_парковки": false,
        "Расход_энергии_на_дом": 26299,
        "Наличие_спортивного_зала": true,
        "Расстояние_до_центра": 7,
        "Расстояние_до_метро": 1,
        "Расстояние_до_школы": 3
    },
    {
        "Название": "Санофи Россия (Sanofi)",
        "Адрес": "г. Кировск (Ленин.), бул. Суворова, д. 5/7 стр. 84, 785559",
        "Количество_этажей": 24,
        "Количество_квартир": 168,
        "Год_постройки": "1994",
        "Тип_материала": "стекло",
        "Площадь_квартиры": 59,
        "Количество_жителей": 237,
        "Наличие_лифта": true,
        "Наличие_охраны": true,
        "Наличие_парковки": false,
        "Расход_энергии_на_дом": 21710,
        "Наличие_спортивного_зала": true,
        "Расстояние_до_центра": 18,
        "Расстояние_до_метро": 6,
        "Расстояние_до_школы": 4
    },
    {
        "Название": "РАО «Агафонов, Морозов и Копылов»",
        "Адрес": "п. Тура, наб. Петровская, д. 5, 554506",
        "Количество_этажей": 22,
        "Количество_квартир": 154,
        "Год_постройки": "1991",
        "Тип_материала": "кирпич",
        "Площадь_квартиры": 112,
        "Количество_жителей": 440,
        "Наличие_лифта": true,
        "Наличие_охраны": true,
        "Наличие_парковки": true,
        "Расход_энергии_на_дом": 21178,
        "Наличие_спортивного_зала": false,
        "Расстояние_до_центра": 3,
        "Расстояние_до_метро": 3,
        "Расстояние_до_школы": 5
    },
    {
        "Название": "РАО «Васильева»",
        "Адрес": "д. Адыгейск, алл. Алтайская, д. 974, 939968",
        "Количество_этажей": 48,
        "Количество_квартир": 336,
        "Год_постройки": "2014",
        "Тип_материала": "стекло",
        "Площадь_квартиры": 60,
        "Количество_жителей": 105,
        "Наличие_лифта": true,
        "Наличие_охраны": true,
        "Наличие_парковки": false,
        "Расход_энергии_на_дом": 47353,
        "Наличие_спортивного_зала": true,
        "Расстояние_до_центра": 3,
        "Расстояние_до_метро": 2,
        "Расстояние_до_школы": 3
    }
]