[
    {
        "Название": "АО «Мельников»",
        "Адрес": "д. Пушкин, ул. Просвещения, д. 7/1 к. 44, 458059",
        "Количество_этажей": 48,
        "Количество_квартир": 336,
        "Год_постройки": "1976",
        "Тип_материала": "кирпич",
        "Площадь_квартиры": 132,
        "Количество_жителей": 52,
        "Наличие_лифта": true,
        "Наличие_охраны": true,
        "Наличие_парковки": true,
        "Расход_энергии_на_дом": 23923,
        "Наличие_спортивного_зала": false,
        "Расстояние_до_центра": 13,
        "Расстояние_до_метро": 5,
        "Расстояние_до_школы": 4
    },
    {
        "Название": "РАО «Кудрявцев, Жукова и Молчанова»",
        "Адрес": "ст. Горно-Алтайск, бул. Дружбы, д. 267, 132616",
        "Количество_этажей": 38,
        "Количество_квартир": 266,
        "Год_постройки": "2007",
        "Тип_материала": "стекло",
        "Площадь_квартиры": 120,
        "Количество_жителей": 333,
        "Наличие_лифта": true,
        "Наличие_охраны": true,
        "Наличие_парковки": true,
        "Расход_энергии_на_дом": 26556,
        "Наличие_спортивного_зала": false,
        "Расстояние_до_центра": 4,
        "Расстояние_до_метро": 5,
        "Расстояние_до_школы": 1
    },
    {
        "Название": "АО «Карпова»",
        "Адрес": "клх Белогорск (Амур.), ул. Вавилова, д. 533, 886463",
        "Количество_этажей": 42,
        "Количество_квартир": 294,
        "Год_постройки": "1991",
        "Тип_материала": "стекло",
        "Площадь_квартиры": 188,
        "Количество_жителей": 277,
        "Наличие_лифта": false,
        "Наличие_охраны": false,
        "Наличие_парковки": true,
        "Расход_энергии_на_дом": 38571,
        "Наличие_спортивного_зала": true,
        "Расстояние_до_центра": 2,
        "Расстояние_до_метро": 10,
        "Расстояние_до_школы": 5
    },
    {
        "Название": "НПО «Гордеев, Лыткин и Капустина»",
        "Адрес": "п. Белогорск (Амур.), ул. Прохладная, д. 22 стр. 1, 931534",
        "Количество_этажей": 40,
        "Количество_квартир": 280,
        "Год_постройки": "1985",
        "Тип_материала": "железобетон",
        "Площадь_квартиры": 70,
        "Количество_жителей": 268,
        "Наличие_лифта": true,
        "Наличие_охраны": true,
        "Наличие_парковки": true,
        "Расход_энергии_на_дом": 28113,
        "Наличие_спортивного_зала": false,
        "Расстояние_до_центра": 5,
        "Расстояние_до_метро": 3,
        "Расстояние_до_школы": 4
    },
    {
        "Название": "НПО «Шестаков»",
        "Адрес": "г. Байкальск, ул. Ульянова, д. 946, 158853",
        "Количество_этажей": 25,
        "Количество_квартир": 175,
        "Год_постройки": "1976",
        "Тип_материала": "кирпич",
        "Площадь_квартиры": 122,
        "Количество_жителей": 265,
        "Наличие_лифта": true,
        "Наличие_охраны": true,
        "Наличие_парковки": true,
        "Расход_энергии_на_дом": 23514,
        "Наличие_спортивного_зала": true,
        "Расстояние_до_центра": 2,
        "Расстояние_до_метро": 5,
        "Расстояние_до_школы": 1
    },
    {
        "Название": "АО «Рожков-Кошелев»",
        "Адрес": "д. Тула, пер. Подстанция, д. 6/2 стр. 52, 650053",
        "Количество_этажей": 21,
        "Количество_квартир": 147,
        "Год_постройки": "1978",
        "Тип_материала": "кирпич",
        "Площадь_квартиры": 178,
        "Количество_жителей": 335,
        "Наличие_лифта": true,
        "Наличие_охраны": false,
        "Наличие_парковки": true,
        "Расход_энергии_на_дом": 38264,
        "Наличие_спортивного_зала": false,
        "Расстояние_до_центра": 10,
        "Расстояние_до_метро": 9,
        "Расстояние_до_школы": 4
    },
    {
        "Название": "Семенова Лтд",
        "Адрес": "п. Уэлен, ш. Р.Люксембург, д. 655 к. 200, 180117",
        "Количество_этажей": 48,
        "Количество_квартир": 336,
        "Год_постройки": "2021",
        "Тип_материала": "кирпич",
        "Площадь_квартиры": 83,
        "Количество_жителей": 236,
        "Наличие_лифта": true,
        "Наличие_охраны": false,
        "Наличие_парковки": false,
        "Расход_энергии_на_дом": 49012,
        "Наличие_спортивного_зала": false,
        "Расстояние_до_центра": 14,
        "Расстояние_до_метро": 2,
        "Расстояние_до_школы": 1
    },
    {
        "Название": "ООО «Зайцев»",
        "Адрес": "к. Анапа, пр. Прудный, д. 4/9 стр. 654, 331378",
        "Количество_этажей": 39,
        "Количество_квартир": 273,
        "Год_постройки": "2023",
        "Тип_материала": "кирпич",
        "Площадь_квартиры": 88,
        "Количество_жителей": 485,
        "Наличие_лифта": true,
        "Наличие_охраны": true,
        "Наличие_парковки": false,
        "Расход_энергии_на_дом": 23073,
        "Наличие_спортивного_зала": false,
        "Расстояние_до_центра": 15,
        "Расстояние_до_метро": 1,
        "Расстояние_до_школы": 4
    },
    {
        "Название": "НПО «Кондратьев, Сафонова и Данилова»",
        "Адрес": "к. Аргаяш, алл. Троицкая, д. 882 стр. 2, 583210",
        "Количество_этажей": 38,
        "Количество_квартир": 266,
        "Год_постройки": "2023",
        "Тип_материала": "стекло",
        "Площадь_квартиры": 153,
        "Количество_жителей": 112,
        "Наличие_лифта": true,
        "Наличие_охраны": false,
        "Наличие_парковки": true,
        "Расход_энергии_на_дом": 33738,
        "Наличие_спортивного_зала": true,
        "Расстояние_до_центра": 14,
        "Расстояние_до_метро": 7,
        "Расстояние_до_школы": 3
    },
    {
        "Название": "ООО «Калашникова Никитина»",
        "Адрес": "с. Обоянь, пер. Фабричный, д. 5, 863892",
        "Количество_этажей": 37,
        "Количество_квартир": 259,
        "Год_постройки": "1985",
        "Тип_материала": "железобетон",
        "Площадь_квартиры": 134,
        "Количество_жителей": 346,
        "Наличие_лифта": true,
        "Наличие_охраны": true,
        "Наличие_парковки": false,
        "Расход_энергии_на_дом": 38273,
        "Наличие_спортивного_зала": false,
        "Расстояние_до_центра": 4,
        "Расстояние_до_метро": 5,
        "Расстояние_до_школы": 2
    },
    {
        "Название": "Слата супермаркет",
        "Адрес": "клх Кирово-Чепецк, ул. Загородная, д. 8/4, 365122",
        "Количество_этажей": 23,
        "Количество_квартир": 161,
        "Год_постройки": "2022",
        "Тип_материала": "кирпич",
        "Площадь_квартиры": 146,
        "Количество_жителей": 333,
        "Наличие_лифта": false,
        "Наличие_охраны": false,
        "Наличие_парковки": false,
        "Расход_энергии_на_дом": 28873,
        "Наличие_спортивного_зала": false,
        "Расстояние_до_центра": 15,
        "Расстояние_до_метро": 8,
        "Расстояние_до_школы": 2
    },
    {
        "Название": "Сидоров Групп",
        "Адрес": "д. Уфа, наб. Раздольная, д. 35, 099173",
        "Количество_этажей": 22,
        "Количество_квартир": 154,
        "Год_постройки": "2011",
        "Тип_материала": "кирпич",
        "Площадь_квартиры": 174,
        "Количество_жителей": 165,
        "Наличие_лифта": false,
        "Наличие_охраны": true,
        "Наличие_парковки": true,
        "Расход_энергии_на_дом": 13644,
        "Наличие_спортивного_зала": false,
        "Расстояние_до_центра": 9,
        "Расстояние_до_метро": 8,
        "Расстояние_до_школы": 2
    },
    {
        "Название": "ИП «Голубева, Родионова и Коновалов»",
        "Адрес": "к. Нарткала, бул. Островского, д. 3/6, 022744",
        "Количество_этажей": 20,
        "Количество_квартир": 140,
        "Год_постройки": "2013",
        "Тип_материала": "железобетон",
        "Площадь_квартиры": 113,
        "Количество_жителей": 495,
        "Наличие_лифта": true,
        "Наличие_охраны": false,
        "Наличие_парковки": false,
        "Расход_энергии_на_дом": 35511,
        "Наличие_спортивного_зала": true,
        "Расстояние_до_центра": 13,
        "Расстояние_до_метро": 8,
        "Расстояние_до_школы": 5
    },
    {
        "Название": "ИП «Корнилов, Кудрявцева и Щербаков»",
        "Адрес": "д. Красноселькуп, пр. Ленский, д. 499 стр. 92, 400870",
        "Количество_этажей": 33,
        "Количество_квартир": 231,
        "Год_постройки": "1989",
        "Тип_материала": "стекло",
        "Площадь_квартиры": 111,
        "Количество_жителей": 293,
        "Наличие_лифта": true,
        "Наличие_охраны": false,
        "Наличие_парковки": false,
        "Расход_энергии_на_дом": 43633,
        "Наличие_спортивного_зала": false,
        "Расстояние_до_центра": 2,
        "Расстояние_до_метро": 3,
        "Расстояние_до_школы": 3
    },
    {
        "Название": "АО «Кошелева-Кошелев»",
        "Адрес": "п. Радужный, наб. Амурская, д. 5/3 к. 93, 783918",
        "Количество_этажей": 29,
        "Количество_квартир": 203,
        "Год_постройки": "2015",
        "Тип_материала": "стекло",
        "Площадь_квартиры": 178,
        "Количество_жителей": 337,
        "Наличие_лифта": false,
        "Наличие_охраны": false,
        "Наличие_парковки": true,
        "Расход_энергии_на_дом": 12809,
        "Наличие_спортивного_зала": false,
        "Расстояние_до_центра": 2,
        "Расстояние_до_метро": 3,
        "Расстояние_до_школы": 4
    }
]