[
    {
        "Название": "ООО «Орехов Лукина»",
        "Адрес": "д. Шумиха, ул. Ивановская, д. 1/1 стр. 4, 857349",
        "Количество_этажей": 41,
        "Количество_квартир": 287,
        "Год_постройки": "2007",
        "Тип_материала": "железобетон",
        "Площадь_квартиры": 66,
        "Количество_жителей": 167,
        "Наличие_лифта": true,
        "Наличие_охраны": true,
        "Наличие_парковки": false,
        "Расход_энергии_на_дом": 10889,
        "Наличие_спортивного_зала": false,
        "Расстояние_до_центра": 14,
        "Расстояние_до_метро": 1,
        "Расстояние_до_школы": 2
    },
    {
        "Название": "Миронов Лтд",
        "Адрес": "к. Кяхта, ул. Ермака, д. 898, 371653",
        "Количество_этажей": 23,
        "Количество_квартир": 161,
        "Год_постройки": "2016",
        "Тип_материала": "кирпич",
        "Площадь_квартиры": 53,
        "Количество_жителей": 415,
        "Наличие_лифта": true,
        "Наличие_охраны": true,
        "Наличие_парковки": false,
        "Расход_энергии_на_дом": 36921,
        "Наличие_спортивного_зала": false,
        "Расстояние_до_центра": 13,
        "Расстояние_до_метро": 6,
        "Расстояние_до_школы": 4
    },
    {
        "Название": "ЗАО «Попова»",
        "Адрес": "д. Губаха, наб. Жданова, д. 540, 385269",
        "Количество_этажей": 45,
        "Количество_квартир": 315,
        "Год_постройки": "1997",
        "Тип_материала": "кирпич",
        "Площадь_квартиры": 125,
        "Количество_жителей": 460,
        "Наличие_лифта": true,
        "Наличие_охраны": true,
        "Наличие_парковки": true,
        "Расход_энергии_на_дом": 23351,
        "Наличие_спортивного_зала": false,
        "Расстояние_до_центра": 18,
        "Расстояние_до_метро": 6,
        "Расстояние_до_школы": 4
    },
    {
        "Название": "ОАО «Красильников»",
        "Адрес": "клх Далматово, пр. Дорожников, д. 1 стр. 137, 506950",
        "Количество_этажей": 47,
        "Количество_квартир": 329,
        "Год_постройки": "2004",
        "Тип_материала": "железобетон",
        "Площадь_квартиры": 126,
        "Количество_жителей": 87,
        "Наличие_лифта": true,
        "Наличие_охраны": false,
        "Наличие_парковки": false,
        "Расход_энергии_на_дом": 11979,
        "Наличие_спортивного_зала": true,
        "Расстояние_до_центра": 12,
        "Расстояние_до_метро": 5,
        "Расстояние_до_школы": 3
    },
    {
        "Название": "Сибирская аграрная группа",
        "Адрес": "к. Ивдель, пр. Высотный, д. 1/7 стр. 83, 022196",
        "Количество_этажей": 21,
        "Количество_квартир": 147,
        "Год_постройки": "1997",
        "Тип_материала": "железобетон",
        "Площадь_квартиры": 127,
        "Количество_жителей": 240,
        "Наличие_лифта": true,
        "Наличие_охраны": true,
        "Наличие_парковки": false,
        "Расход_энергии_на_дом": 26677,
        "Наличие_спортивного_зала": false,
        "Расстояние_до_центра": 11,
        "Расстояние_до_метро": 6,
        "Расстояние_до_школы": 1
    },
    {
        "Название": "РАО «Новиков, Кузнецов и Самсонов»",
        "Адрес": "клх Лабытнанги, ш. Свободное, д. 965 к. 93, 913749",
        "Количество_этажей": 23,
        "Количество_квартир": 161,
        "Год_постройки": "2020",
        "Тип_материала": "кирпич",
        "Площадь_квартиры": 51,
        "Количество_жителей": 263,
        "Наличие_лифта": true,
        "Наличие_охраны": true,
        "Наличие_парковки": false,
        "Расход_энергии_на_дом": 27414,
        "Наличие_спортивного_зала": false,
        "Расстояние_до_центра": 14,
        "Расстояние_до_метро": 3,
        "Расстояние_до_школы": 2
    },
    {
        "Название": "Компания Адамас",
        "Адрес": "п. Карабудахкент, алл. Тамбовская, д. 7/9, 201032",
        "Количество_этажей": 34,
        "Количество_квартир": 238,
        "Год_постройки": "1991",
        "Тип_материала": "стекло",
        "Площадь_квартиры": 164,
        "Количество_жителей": 444,
        "Наличие_лифта": true,
        "Наличие_охраны": true,
        "Наличие_парковки": false,
        "Расход_энергии_на_дом": 16384,
        "Наличие_спортивного_зала": false,
        "Расстояние_до_центра": 20,
        "Расстояние_до_метро": 6,
        "Расстояние_до_школы": 5
    },
    {
        "Название": "ОАО «Лобанова»",
        "Адрес": "с. Руза, пер. Смоленский, д. 373 стр. 6/2, 029328",
        "Количество_этажей": 48,
        "Количество_квартир": 336,
        "Год_постройки": "2007",
        "Тип_материала": "стекло",
        "Площадь_квартиры": 190,
        "Количество_жителей": 186,
        "Наличие_лифта": true,
        "Наличие_охраны": true,
        "Наличие_парковки": false,
        "Расход_энергии_на_дом": 39595,
        "Наличие_спортивного_зала": false,
        "Расстояние_до_центра": 12,
        "Расстояние_до_метро": 4,
        "Расстояние_до_школы": 5
    },
    {
        "Название": "АО «Суханова, Семенова и Блинова»",
        "Адрес": "с. Печенга, алл. Коммунаров, д. 62, 751638",
        "Количество_этажей": 44,
        "Количество_квартир": 308,
        "Год_постройки": "2004",
        "Тип_материала": "кирпич",
        "Площадь_квартиры": 134,
        "Количество_жителей": 390,
        "Наличие_лифта": true,
        "Наличие_охраны": true,
        "Наличие_парковки": true,
        "Расход_энергии_на_дом": 42024,
        "Наличие_спортивного_зала": false,
        "Расстояние_до_центра": 3,
        "Расстояние_до_метро": 1,
        "Расстояние_до_школы": 5
    },
    {
        "Название": "ИП «Трофимова Кириллов»",
        "Адрес": "д. Сосновый Бор, наб. Пугачева, д. 16, 797995",
        "Количество_этажей": 33,
        "Количество_квартир": 231,
        "Год_постройки": "1979",
        "Тип_материала": "кирпич",
        "Площадь_квартиры": 175,
        "Количество_жителей": 487,
        "Наличие_лифта": false,
        "Наличие_охраны": false,
        "Наличие_парковки": true,
        "Расход_энергии_на_дом": 48319,
        "Наличие_спортивного_зала": true,
        "Расстояние_до_центра": 8,
        "Расстояние_до_метро": 4,
        "Расстояние_до_школы": 1
    },
    {
        "Название": "ИП «Лаврентьев»",
        "Адрес": "с. Томпа, пер. Ушакова, д. 1/4 стр. 657, 267772",
        "Количество_этажей": 39,
        "Количество_квартир": 273,
        "Год_постройки": "2009",
        "Тип_материала": "кирпич",
        "Площадь_квартиры": 102,
        "Количество_жителей": 366,
        "Наличие_лифта": true,
        "Наличие_охраны": true,
        "Наличие_парковки": false,
        "Расход_энергии_на_дом": 47969,
        "Наличие_спортивного_зала": false,
        "Расстояние_до_центра": 5,
        "Расстояние_до_метро": 1,
        "Расстояние_до_школы": 5
    },
    {
        "Название": "Баранов Лтд",
        "Адрес": "к. Тимашевск, алл. Дальневосточная, д. 1/9, 858295",
        "Количество_этажей": 49,
        "Количество_квартир": 343,
        "Год_постройки": "1991",
        "Тип_материала": "железобетон",
        "Площадь_квартиры": 117,
        "Количество_жителей": 140,
        "Наличие_лифта": true,
        "Наличие_охраны": true,
        "Наличие_парковки": false,
        "Расход_энергии_на_дом": 28623,
        "Наличие_спортивного_зала": false,
        "Расстояние_до_центра": 5,
        "Расстояние_до_метро": 8,
        "Расстояние_до_школы": 1
    },
    {
        "Название": "ЗАО «Моисеев Абрамова»",
        "Адрес": "п. Краснокамск, пер. Бажова, д. 5/2 стр. 435, 445933",
        "Количество_этажей": 36,
        "Количество_квартир": 252,
        "Год_постройки": "1990",
        "Тип_материала": "железобетон",
        "Площадь_квартиры": 148,
        "Количество_жителей": 451,
        "Наличие_лифта": true,
        "Наличие_охраны": true,
        "Наличие_парковки": false,
        "Расход_энергии_на_дом": 10624,
        "Наличие_спортивного_зала": true,
        "Расстояние_до_центра": 13,
        "Расстояние_до_метро": 2,
        "Расстояние_до_школы": 5
    },
    {
        "Название": "АО «Денисова, Медведева и Исаева»",
        "Адрес": "с. Шатура, пер. Саратовский, д. 307 стр. 3/6, 251971",
        "Количество_этажей": 46,
        "Количество_квартир": 322,
        "Год_постройки": "1988",
        "Тип_материала": "железобетон",
        "Площадь_квартиры": 87,
        "Количество_жителей": 332,
        "Наличие_лифта": false,
        "Наличие_охраны": true,
        "Наличие_парковки": true,
        "Расход_энергии_на_дом": 37581,
        "Наличие_спортивного_зала": true,
        "Расстояние_до_центра": 4,
        "Расстояние_до_метро": 5,
        "Расстояние_до_школы": 1
    },
    {
        "Название": "АО «Одинцов»",
        "Адрес": "клх Новомосковск, пер. Уральский, д. 56 к. 9/7, 099132",
        "Количество_этажей": 23,
        "Количество_квартир": 161,
        "Год_постройки": "2006",
        "Тип_материала": "стекло",
        "Площадь_квартиры": 151,
        "Количество_жителей": 412,
        "Наличие_лифта": true,
        "Наличие_охраны": true,
        "Наличие_парковки": false,
        "Расход_энергии_на_дом": 34234,
        "Наличие_спортивного_зала": false,
        "Расстояние_до_центра": 18,
        "Расстояние_до_метро": 4,
        "Расстояние_до_школы": 1
    }
]