[
    {
        "Название": "ООО «Ефремов Зайцев»",
        "Адрес": "клх Вытегра, пр. Нефтяников, д. 53, 132079",
        "Количество_этажей": 41,
        "Количество_квартир": 287,
        "Год_постройки": "1994",
        "Тип_материала": "кирпич",
        "Площадь_квартиры": 139,
        "Количество_жителей": 264,
        "Наличие_лифта": true,
        "Наличие_охраны": true,
        "Наличие_парковки": true,
        "Расход_энергии_на_дом": 37157,
        "Наличие_спортивного_зала": true,
        "Расстояние_до_центра": 15,
        "Расстояние_до_метро": 6,
        "Расстояние_до_школы": 1
    },
    {
        "Название": "Миронова Групп",
        "Адрес": "п. Верхнее Пенжино, ул. Петровская, д. 11, 127169",
        "Количество_этажей": 50,
        "Количество_квартир": 350,
        "Год_постройки": "2012",
        "Тип_материала": "стекло",
        "Площадь_квартиры": 99,
        "Количество_жителей": 171,
        "Наличие_лифта": true,
        "Наличие_охраны": true,
        "Наличие_парковки": false,
        "Расход_энергии_на_дом": 22508,
        "Наличие_спортивного_зала": false,
        "Расстояние_до_центра": 18,
        "Расстояние_до_метро": 7,
        "Расстояние_до_школы": 2
    },
    {
        "Название": "ИП «Воронов»",
        "Адрес": "к. Руза, пер. Красноярский, д. 637, 307771",
        "Количество_этажей": 44,
        "Количество_квартир": 308,
        "Год_постройки": "2014",
        "Тип_материала": "железобетон",
        "Площадь_квартиры": 146,
        "Количество_жителей": 478,
        "Наличие_лифта": true,
        "Наличие_охраны": true,
        "Наличие_парковки": true,
        "Расход_энергии_на_дом": 41359,
        "Наличие_спортивного_зала": false,
        "Расстояние_до_центра": 9,
        "Расстояние_до_метро": 6,
        "Расстояние_до_школы": 3
    },
    {
        "Название": "Делл (Dell)",
        "Адрес": "п. Агата, пр. 30 лет Победы, д. 3 стр. 3, 083092",
        "Количество_этажей": 40,
        "Количество_квартир": 280,
        "Год_постройки": "1997",
        "Тип_материала": "кирпич",
        "Площадь_квартиры": 199,
        "Количество_жителей": 170,
        "Наличие_лифта": true,
        "Наличие_охраны": false,
        "Наличие_парковки": false,
        "Расход_энергии_на_дом": 17714,
        "Наличие_спортивного_зала": false,
        "Расстояние_до_центра": 18,
        "Расстояние_до_метро": 10,
        "Расстояние_до_школы": 2
    },
    {
        "Название": "Степанова Лимитед",
        "Адрес": "с. Новый Оскол, наб. Демьяна Бедного, д. 4/1 к. 8, 712897",
        "Количество_этажей": 34,
        "Количество_квартир": 238,
        "Год_постройки": "1974",
        "Тип_материала": "стекло",
        "Площадь_квартиры": 91,
        "Количество_жителей": 365,
        "Наличие_лифта": true,
        "Наличие_охраны": true,
        "Наличие_парковки": true,
        "Расход_энергии_на_дом": 19677,
        "Наличие_спортивного_зала": false,
        "Расстояние_до_центра": 13,
        "Расстояние_до_метро": 6,
        "Расстояние_до_школы": 1
    },
    {
        "Название": "Группа РТК",
        "Адрес": "к. Баксан, алл. Краснодарская, д. 1 к. 90, 139313",
        "Количество_этажей": 48,
        "Количество_квартир": 336,
        "Год_постройки": "1973",
        "Тип_материала": "стекло",
        "Площадь_квартиры": 150,
        "Количество_жителей": 392,
        "Наличие_лифта": false,
        "Наличие_охраны": false,
        "Наличие_парковки": false,
        "Расход_энергии_на_дом": 26290,
        "Наличие_спортивного_зала": true,
        "Расстояние_до_центра": 12,
        "Расстояние_до_метро": 7,
        "Расстояние_до_школы": 5
    },
    {
        "Название": "Андреева и партнеры",
        "Адрес": "д. Черусти, пр. Советский, д. 4/4, 919166",
        "Количество_этажей": 46,
        "Количество_квартир": 322,
        "Год_постройки": "2004",
        "Тип_материала": "стекло",
        "Площадь_квартиры": 125,
        "Количество_жителей": 224,
        "Наличие_лифта": true,
        "Наличие_охраны": true,
        "Наличие_парковки": false,
        "Расход_энергии_на_дом": 12307,
        "Наличие_спортивного_зала": false,
        "Расстояние_до_центра": 8,
        "Расстояние_до_метро": 8,
        "Расстояние_до_школы": 2
    },
    {
        "Название": "Лазарева Лтд",
        "Адрес": "д. Яр-Сале, пр. О.Кошевого, д. 8, 170503",
        "Количество_этажей": 45,
        "Количество_квартир": 315,
        "Год_постройки": "1982",
        "Тип_материала": "кирпич",
        "Площадь_квартиры": 106,
        "Количество_жителей": 302,
        "Наличие_лифта": true,
        "Наличие_охраны": true,
        "Наличие_парковки": true,
        "Расход_энергии_на_дом": 22541,
        "Наличие_спортивного_зала": false,
        "Расстояние_до_центра": 7,
        "Расстояние_до_метро": 6,
        "Расстояние_до_школы": 3
    },
    {
        "Название": "ЗАО «Афанасьев-Белоусова»",
        "Адрес": "г. Красновишерск, ш. Казанское, д. 1, 042098",
        "Количество_этажей": 31,
        "Количество_квартир": 217,
        "Год_постройки": "1998",
        "Тип_материала": "стекло",
        "Площадь_квартиры": 77,
        "Количество_жителей": 276,
        "Наличие_лифта": true,
        "Наличие_охраны": true,
        "Наличие_парковки": false,
        "Расход_энергии_на_дом": 33682,
        "Наличие_спортивного_зала": false,
        "Расстояние_до_центра": 19,
        "Расстояние_до_метро": 3,
        "Расстояние_до_школы": 5
    },
    {
        "Название": "НПО «Зайцева»",
        "Адрес": "с. Сортавала, пр. Садовый, д. 71 стр. 94, 572735",
        "Количество_этажей": 33,
        "Количество_квартир": 231,
        "Год_постройки": "1978",
        "Тип_материала": "железобетон",
        "Площадь_квартиры": 141,
        "Количество_жителей": 238,
        "Наличие_лифта": true,
        "Наличие_охраны": true,
        "Наличие_парковки": false,
        "Расход_энергии_на_дом": 25921,
        "Наличие_спортивного_зала": false,
        "Расстояние_до_центра": 5,
        "Расстояние_до_метро": 8,
        "Расстояние_до_школы": 1
    },
    {
        "Название": "ИП «Николаева-Воронов»",
        "Адрес": "клх Белый Яр (Томск.), ул. Базарная, д. 32 к. 700, 699858",
        "Количество_этажей": 30,
        "Количество_квартир": 210,
        "Год_постройки": "2018",
        "Тип_материала": "стекло",
        "Площадь_квартиры": 179,
        "Количество_жителей": 475,
        "Наличие_лифта": true,
        "Наличие_охраны": false,
        "Наличие_парковки": false,
        "Расход_энергии_на_дом": 48114,
        "Наличие_спортивного_зала": false,
        "Расстояние_до_центра": 6,
        "Расстояние_до_метро": 6,
        "Расстояние_до_школы": 2
    },
    {
        "Название": "Ашан (Auchan)",
        "Адрес": "к. Добрянка, бул. ДОС, д. 7/7 стр. 6, 331191",
        "Количество_этажей": 25,
        "Количество_квартир": 175,
        "Год_постройки": "2009",
        "Тип_материала": "железобетон",
        "Площадь_квартиры": 123,
        "Количество_жителей": 73,
        "Наличие_лифта": true,
        "Наличие_охраны": true,
        "Наличие_парковки": false,
        "Расход_энергии_на_дом": 38765,
        "Наличие_спортивного_зала": false,
        "Расстояние_до_центра": 2,
        "Расстояние_до_метро": 4,
        "Расстояние_до_школы": 2
    },
    {
        "Название": "ИП «Горбунов»",
        "Адрес": "п. Мыс Шмидта, бул. Астраханский, д. 70, 975327",
        "Количество_этажей": 28,
        "Количество_квартир": 196,
        "Год_постройки": "2001",
        "Тип_материала": "кирпич",
        "Площадь_квартиры": 77,
        "Количество_жителей": 174,
        "Наличие_лифта": true,
        "Наличие_охраны": false,
        "Наличие_парковки": false,
        "Расход_энергии_на_дом": 11353,
        "Наличие_спортивного_зала": false,
        "Расстояние_до_центра": 18,
        "Расстояние_до_метро": 8,
        "Расстояние_до_школы": 5
    },
    {
        "Название": "Авиакомпания Икар",
        "Адрес": "ст. Каменск-Уральский, алл. Космонавтов, д. 8/8 к. 47, 075328",
        "Количество_этажей": 23,
        "Количество_квартир": 161,
        "Год_постройки": "1972",
        "Тип_материала": "стекло",
        "Площадь_квартиры": 51,
        "Количество_жителей": 158,
        "Наличие_лифта": true,
        "Наличие_охраны": false,
        "Наличие_парковки": false,
        "Расход_энергии_на_дом": 41637,
        "Наличие_спортивного_зала": false,
        "Расстояние_до_центра": 2,
        "Расстояние_до_метро": 10,
        "Расстояние_до_школы": 3
    },
    {
        "Название": "Маслова Лтд",
        "Адрес": "д. Внуково (метеост.), ш. Профсоюзное, д. 391 стр. 88, 050943",
        "Количество_этажей": 40,
        "Количество_квартир": 280,
        "Год_постройки": "2011",
        "Тип_материала": "кирпич",
        "Площадь_квартиры": 68,
        "Количество_жителей": 119,
        "Наличие_лифта": true,
        "Наличие_охраны": true,
        "Наличие_парковки": true,
        "Расход_энергии_на_дом": 35756,
        "Наличие_спортивного_зала": true,
        "Расстояние_до_центра": 20,
        "Расстояние_до_метро": 5,
        "Расстояние_до_школы": 1
    }
]