[
    {
        "Название": "Транслом",
        "Адрес": "клх Томск, бул. Радищева, д. 1/6 стр. 2/2, 256986",
        "Количество_этажей": 22,
        "Количество_квартир": 154,
        "Год_постройки": "1974",
        "Тип_материала": "стекло",
        "Площадь_квартиры": 78,
        "Количество_жителей": 353,
        "Наличие_лифта": false,
        "Наличие_охраны": false,
        "Наличие_парковки": true,
        "Расход_энергии_на_дом": 24540,
        "Наличие_спортивного_зала": true,
        "Расстояние_до_центра": 3,
        "Расстояние_до_метро": 5,
        "Расстояние_до_школы": 1
    },
    {
        "Название": "НПО «Дьячков Одинцова»",
        "Адрес": "ст. Семлячики, ш. Нефтяников, д. 9, 431068",
        "Количество_этажей": 27,
        "Количество_квартир": 189,
        "Год_постройки": "1976",
        "Тип_материала": "стекло",
        "Площадь_квартиры": 173,
        "Количество_жителей": 266,
        "Наличие_лифта": true,
        "Наличие_охраны": true,
        "Наличие_парковки": true,
        "Расход_энергии_на_дом": 31598,
        "Наличие_спортивного_зала": true,
        "Расстояние_до_центра": 10,
        "Расстояние_до_метро": 5,
        "Расстояние_до_школы": 3
    },
    {
        "Название": "ОАО «Ковалев»",
        "Адрес": "к. Дагомыс, наб. Энтузиастов, д. 2 к. 6, 647476",
        "Количество_этажей": 34,
        "Количество_квартир": 238,
        "Год_постройки": "1986",
        "Тип_материала": "кирпич",
        "Площадь_квартиры": 142,
        "Количество_жителей": 374,
        "Наличие_лифта": true,
        "Наличие_охраны": true,
        "Наличие_парковки": true,
        "Расход_энергии_на_дом": 22299,
        "Наличие_спортивного_зала": false,
        "Расстояние_до_центра": 15,
        "Расстояние_до_метро": 9,
        "Расстояние_до_школы": 2
    },
    {
        "Название": "Вишняков Групп",
        "Адрес": "г. Ахтубинск, ш. Автомобилистов, д. 586 стр. 81, 454527",
        "Количество_этажей": 38,
        "Количество_квартир": 266,
        "Год_постройки": "1972",
        "Тип_материала": "железобетон",
        "Площадь_квартиры": 66,
        "Количество_жителей": 458,
        "Наличие_лифта": true,
        "Наличие_охраны": true,
        "Наличие_парковки": false,
        "Расход_энергии_на_дом": 32571,
        "Наличие_спортивного_зала": false,
        "Расстояние_до_центра": 20,
        "Расстояние_до_метро": 7,
        "Расстояние_до_школы": 5
    },
    {
        "Название": "НПО «Турова, Куликова и Жданова»",
        "Адрес": "ст. Набережные Челны, пр. Никитина, д. 440, 487538",
        "Количество_этажей": 21,
        "Количество_квартир": 147,
        "Год_постройки": "2013",
        "Тип_материала": "кирпич",
        "Площадь_квартиры": 160,
        "Количество_жителей": 291,
        "Наличие_лифта": true,
        "Наличие_охраны": true,
        "Наличие_парковки": false,
        "Расход_энергии_на_дом": 16041,
        "Наличие_спортивного_зала": false,
        "Расстояние_до_центра": 14,
        "Расстояние_до_метро": 9,
        "Расстояние_до_школы": 1
    },
    {
        "Название": "АО «Константинов, Субботина и Семенова»",
        "Адрес": "ст. Рыбинск, ш. Кузнецова, д. 88 стр. 32, 905422",
        "Количество_этажей": 37,
        "Количество_квартир": 259,
        "Год_постройки": "1996",
        "Тип_материала": "кирпич",
        "Площадь_квартиры": 161,
        "Количество_жителей": 415,
        "Наличие_лифта": false,
        "Наличие_охраны": true,
        "Наличие_парковки": true,
        "Расход_энергии_на_дом": 28535,
        "Наличие_спортивного_зала": false,
        "Расстояние_до_центра": 14,
        "Расстояние_до_метро": 5,
        "Расстояние_до_школы": 3
    },
    {
        "Название": "ГМК Сплав",
        "Адрес": "п. Аршан (Бурят.), ш. Пугачева, д. 9/9 к. 74, 362117",
        "Количество_этажей": 36,
        "Количество_квартир": 252,
        "Год_постройки": "2009",
        "Тип_материала": "железобетон",
        "Площадь_квартиры": 67,
        "Количество_жителей": 176,
        "Наличие_лифта": false,
        "Наличие_охраны": true,
        "Наличие_парковки": true,
        "Расход_энергии_на_дом": 49220,
        "Наличие_спортивного_зала": false,
        "Расстояние_до_центра": 4,
        "Расстояние_до_метро": 1,
        "Расстояние_до_школы": 4
    },
    {
        "Название": "РАО «Федосеев»",
        "Адрес": "д. Хабаровск, пр. Больничный, д. 509 к. 7, 892045",
        "Количество_этажей": 25,
        "Количество_квартир": 175,
        "Год_постройки": "2016",
        "Тип_материала": "стекло",
        "Площадь_квартиры": 155,
        "Количество_жителей": 267,
        "Наличие_лифта": false,
        "Наличие_охраны": true,
        "Наличие_парковки": true,
        "Расход_энергии_на_дом": 43849,
        "Наличие_спортивного_зала": true,
        "Расстояние_до_центра": 12,
        "Расстояние_до_метро": 3,
        "Расстояние_до_школы": 4
    },
    {
        "Название": "НПО «Андреева Рыбакова»",
        "Адрес": "ст. Югорск, бул. Нефтяников, д. 5/5, 170541",
        "Количество_этажей": 43,
        "Количество_квартир": 301,
        "Год_постройки": "1985",
        "Тип_материала": "стекло",
        "Площадь_квартиры": 154,
        "Количество_жителей": 322,
        "Наличие_лифта": true,
        "Наличие_охраны": true,
        "Наличие_парковки": true,
        "Расход_энергии_на_дом": 25267,
        "Наличие_спортивного_зала": true,
        "Расстояние_до_центра": 7,
        "Расстояние_до_метро": 10,
        "Расстояние_до_школы": 1
    },
    {
        "Название": "ЗАО «Михеев, Макарова и Зыков»",
        "Адрес": "с. Салехард, ул. Ермака, д. 18, 144437",
        "Количество_этажей": 22,
        "Количество_квартир": 154,
        "Год_постройки": "2024",
        "Тип_материала": "железобетон",
        "Площадь_квартиры": 83,
        "Количество_жителей": 170,
        "Наличие_лифта": true,
        "Наличие_охраны": true,
        "Наличие_парковки": true,
        "Расход_энергии_на_дом": 14571,
        "Наличие_спортивного_зала": false,
        "Расстояние_до_центра": 12,
        "Расстояние_до_метро": 10,
        "Расстояние_до_школы": 4
    },
    {
        "Название": "Roust",
        "Адрес": "п. Железногорск(Курск.), ш. Родниковое, д. 174 стр. 3/9, 980963",
        "Количество_этажей": 25,
        "Количество_квартир": 175,
        "Год_постройки": "2004",
        "Тип_материала": "кирпич",
        "Площадь_квартиры": 53,
        "Количество_жителей": 300,
        "Наличие_лифта": true,
        "Наличие_охраны": true,
        "Наличие_парковки": true,
        "Расход_энергии_на_дом": 11063,
        "Наличие_спортивного_зала": true,
        "Расстояние_до_центра": 13,
        "Расстояние_до_метро": 4,
        "Расстояние_до_школы": 2
    },
    {
        "Название": "ООО «Дмитриева, Мухин и Селиверстова»",
        "Адрес": "клх Углегорск, наб. Заозерная, д. 656 к. 90, 093763",
        "Количество_этажей": 37,
        "Количество_квартир": 259,
        "Год_постройки": "1992",
        "Тип_материала": "кирпич",
        "Площадь_квартиры": 122,
        "Количество_жителей": 336,
        "Наличие_лифта": true,
        "Наличие_охраны": true,
        "Наличие_парковки": true,
        "Расход_энергии_на_дом": 49594,
        "Наличие_спортивного_зала": false,
        "Расстояние_до_центра": 4,
        "Расстояние_до_метро": 9,
        "Расстояние_до_школы": 2
    },
    {
        "Название": "ИП «Щукин Дмитриева»",
        "Адрес": "ст. Армавир, наб. Надежды, д. 64 к. 47, 266521",
        "Количество_этажей": 25,
        "Количество_квартир": 175,
        "Год_постройки": "2003",
        "Тип_материала": "стекло",
        "Площадь_квартиры": 148,
        "Количество_жителей": 193,
        "Наличие_лифта": true,
        "Наличие_охраны": true,
        "Наличие_парковки": false,
        "Расход_энергии_на_дом": 19870,
        "Наличие_спортивного_зала": false,
        "Расстояние_до_центра": 15,
        "Расстояние_до_метро": 3,
        "Расстояние_до_школы": 5
    },
    {
        "Название": "Лыткина Групп",
        "Адрес": "д. Саратов, алл. Горняцкая, д. 4, 875606",
        "Количество_этажей": 45,
        "Количество_квартир": 315,
        "Год_постройки": "1972",
        "Тип_материала": "стекло",
        "Площадь_квартиры": 182,
        "Количество_жителей": 240,
        "Наличие_лифта": true,
        "Наличие_охраны": false,
        "Наличие_парковки": true,
        "Расход_энергии_на_дом": 44231,
        "Наличие_спортивного_зала": true,
        "Расстояние_до_центра": 8,
        "Расстояние_до_метро": 3,
        "Расстояние_до_школы": 5
    },
    {
        "Название": "ИП «Котова Владимиров»",
        "Адрес": "с. Анива, пер. Октябрьский, д. 99 стр. 9/5, 164280",
        "Количество_этажей": 38,
        "Количество_квартир": 266,
        "Год_постройки": "1995",
        "Тип_материала": "железобетон",
        "Площадь_квартиры": 139,
        "Количество_жителей": 211,
        "Наличие_лифта": false,
        "Наличие_охраны": true,
        "Наличие_парковки": true,
        "Расход_энергии_на_дом": 25816,
        "Наличие_спортивного_зала": true,
        "Расстояние_до_центра": 8,
        "Расстояние_до_метро": 4,
        "Расстояние_до_школы": 2
    }
]