[
    {
        "Название": "НПО «Соколова-Юдин»",
        "Адрес": "г. Пятигорск, пр. Курортный, д. 56, 570320",
        "Количество_этажей": 25,
        "Количество_квартир": 175,
        "Год_постройки": "2001",
        "Тип_материала": "кирпич",
        "Площадь_квартиры": 114,
        "Количество_жителей": 363,
        "Наличие_лифта": true,
        "Наличие_охраны": true,
        "Наличие_парковки": false,
        "Расход_энергии_на_дом": 39748,
        "Наличие_спортивного_зала": false,
        "Расстояние_до_центра": 6,
        "Расстояние_до_метро": 3,
        "Расстояние_до_школы": 5
    },
    {
        "Название": "Группа Содружество",
        "Адрес": "г. Черский, ш. Микрорайон, д. 1, 375096",
        "Количество_этажей": 49,
        "Количество_квартир": 343,
        "Год_постройки": "1975",
        "Тип_материала": "железобетон",
        "Площадь_квартиры": 148,
        "Количество_жителей": 257,
        "Наличие_лифта": true,
        "Наличие_охраны": false,
        "Наличие_парковки": true,
        "Расход_энергии_на_дом": 44586,
        "Наличие_спортивного_зала": false,
        "Расстояние_до_центра": 8,
        "Расстояние_до_метро": 10,
        "Расстояние_до_школы": 1
    },
    {
        "Название": "Захарова Инк",
        "Адрес": "с. Стерлитамак, пер. Главный, д. 7/7 к. 3/9, 454065",
        "Количество_этажей": 40,
        "Количество_квартир": 280,
        "Год_постройки": "1975",
        "Тип_материала": "стекло",
        "Площадь_квартиры": 197,
        "Количество_жителей": 259,
        "Наличие_лифта": true,
        "Наличие_охраны": true,
        "Наличие_парковки": false,
        "Расход_энергии_на_дом": 16122,
        "Наличие_спортивного_зала": false,
        "Расстояние_до_центра": 14,
        "Расстояние_до_метро": 9,
        "Расстояние_до_школы": 1
    },
    {
        "Название": "ЗАО «Копылова, Веселова и Кулакова»",
        "Адрес": "г. Долинск, пер. Бабушкина, д. 2 стр. 22, 779105",
        "Количество_этажей": 36,
        "Количество_квартир": 252,
        "Год_постройки": "1972",
        "Тип_материала": "железобетон",
        "Площадь_квартиры": 195,
        "Количество_жителей": 452,
        "Наличие_лифта": true,
        "Наличие_охраны": false,
        "Наличие_парковки": false,
        "Расход_энергии_на_дом": 44460,
        "Наличие_спортивного_зала": true,
        "Расстояние_до_центра": 7,
        "Расстояние_до_метро": 10,
        "Расстояние_до_школы": 2
    },
    {
        "Название": "РАО «Богданов, Прохоров и Филиппов»",
        "Адрес": "г. Серебряные Пруды, алл. Стадионная, д. 8, 004340",
        "Количество_этажей": 31,
        "Количество_квартир": 217,
        "Год_постройки": "1994",
        "Тип_материала": "железобетон",
        "Площадь_квартиры": 84,
        "Количество_жителей": 234,
        "Наличие_лифта": true,
        "Наличие_охраны": true,
        "Наличие_парковки": true,
        "Расход_энергии_на_дом": 29067,
        "Наличие_спортивного_зала": false,
        "Расстояние_до_центра": 16,
        "Расстояние_до_метро": 2,
        "Расстояние_до_школы": 3
    },
    {
        "Название": "Куликова Лтд",
        "Адрес": "п. Салават, бул. Сосновый, д. 280 к. 429, 305000",
        "Количество_этажей": 47,
        "Количество_квартир": 329,
        "Год_постройки": "2023",
        "Тип_материала": "железобетон",
        "Площадь_квартиры": 151,
        "Количество_жителей": 377,
        "Наличие_лифта": false,
        "Наличие_охраны": true,
        "Наличие_парковки": true,
        "Расход_энергии_на_дом": 40279,
        "Наличие_спортивного_зала": true,
        "Расстояние_до_центра": 5,
        "Расстояние_до_метро": 10,
        "Расстояние_до_школы": 5
    },
    {
        "Название": "Командор-Холдинг",
        "Адрес": "д. Архыз, бул. Сибирский, д. 9, 138170",
        "Количество_этажей": 35,
        "Количество_квартир": 245,
        "Год_постройки": "2013",
        "Тип_материала": "кирпич",
        "Площадь_квартиры": 60,
        "Количество_жителей": 339,
        "Наличие_лифта": true,
        "Наличие_охраны": true,
        "Наличие_парковки": true,
        "Расход_энергии_на_дом": 25981,
        "Наличие_спортивного_зала": false,
        "Расстояние_до_центра": 15,
        "Расстояние_до_метро": 5,
        "Расстояние_до_школы": 2
    },
    {
        "Название": "Ситибанк",
        "Адрес": "с. Нижнеудинск, наб. Луначарского, д. 7 к. 9/3, 094816",
        "Количество_этажей": 46,
        "Количество_квартир": 322,
        "Год_постройки": "2012",
        "Тип_материала": "стекло",
        "Площадь_квартиры": 191,
        "Количество_жителей": 415,
        "Наличие_лифта": true,
        "Наличие_охраны": true,
        "Наличие_парковки": true,
        "Расход_энергии_на_дом": 12044,
        "Наличие_спортивного_зала": true,
        "Расстояние_до_центра": 1,
        "Расстояние_до_метро": 3,
        "Расстояние_до_школы": 5
    },
    {
        "Название": "АО «Кудрявцева»",
        "Адрес": "клх Архыз, бул. Весенний, д. 6 стр. 9, 872326",
        "Количество_этажей": 49,
        "Количество_квартир": 343,
        "Год_постройки": "2001",
        "Тип_материала": "кирпич",
        "Площадь_квартиры": 169,
        "Количество_жителей": 90,
        "Наличие_лифта": true,
        "Наличие_охраны": true,
        "Наличие_парковки": true,
        "Расход_энергии_на_дом": 38416,
        "Наличие_спортивного_зала": true,
        "Расстояние_до_центра": 17,
        "Расстояние_до_метро": 8,
        "Расстояние_до_школы": 2
    },
    {
        "Название": "АО «Третьякова Костин»",
        "Адрес": "д. Ачхой Мартан, ул. Краснопартизанская, д. 4 к. 839, 826396",
        "Количество_этажей": 28,
        "Количество_квартир": 196,
        "Год_постройки": "1987",
        "Тип_материала": "железобетон",
        "Площадь_квартиры": 138,
        "Количество_жителей": 263,
        "Наличие_лифта": false,
        "Наличие_охраны": true,
        "Наличие_парковки": false,
        "Расход_энергии_на_дом": 23925,
        "Наличие_спортивного_зала": false,
        "Расстояние_до_центра": 12,
        "Расстояние_до_метро": 3,
        "Расстояние_до_школы": 5
    },
    {
        "Название": "Шубин Лтд",
        "Адрес": "д. Токма, ул. Культуры, д. 799, 746935",
        "Количество_этажей": 47,
        "Количество_квартир": 329,
        "Год_постройки": "2018",
        "Тип_материала": "железобетон",
        "Площадь_квартиры": 199,
        "Количество_жителей": 331,
        "Наличие_лифта": true,
        "Наличие_охраны": true,
        "Наличие_парковки": false,
        "Расход_энергии_на_дом": 24751,
        "Наличие_спортивного_зала": false,
        "Расстояние_до_центра": 15,
        "Расстояние_до_метро": 4,
        "Расстояние_до_школы": 1
    },
    {
        "Название": "НПО «Воробьев-Кузнецова»",
        "Адрес": "п. Архангельск, пр. Революционный, д. 2/5, 189891",
        "Количество_этажей": 37,
        "Количество_квартир": 259,
        "Год_постройки": "1982",
        "Тип_материала": "стекло",
        "Площадь_квартиры": 133,
        "Количество_жителей": 143,
        "Наличие_лифта": true,
        "Наличие_охраны": false,
        "Наличие_парковки": false,
        "Расход_энергии_на_дом": 24879,
        "Наличие_спортивного_зала": false,
        "Расстояние_до_центра": 8,
        "Расстояние_до_метро": 1,
        "Расстояние_до_школы": 3
    },
    {
        "Название": "Воронов Групп",
        "Адрес": "к. Можга, пер. Коммунаров, д. 9 стр. 154, 421651",
        "Количество_этажей": 33,
        "Количество_квартир": 231,
        "Год_постройки": "1973",
        "Тип_материала": "стекло",
        "Площадь_квартиры": 123,
        "Количество_жителей": 288,
        "Наличие_лифта": true,
        "Наличие_охраны": true,
        "Наличие_парковки": true,
        "Расход_энергии_на_дом": 28147,
        "Наличие_спортивного_зала": true,
        "Расстояние_до_центра": 3,
        "Расстояние_до_метро": 5,
        "Расстояние_до_школы": 2
    },
    {
        "Название": "ОАО «Горшков Воробьева»",
        "Адрес": "с. Нижний Тагил, наб. Портовая, д. 613 стр. 5/7, 976938",
        "Количество_этажей": 48,
        "Количество_квартир": 336,
        "Год_постройки": "2021",
        "Тип_материала": "стекло",
        "Площадь_квартиры": 134,
        "Количество_жителей": 453,
        "Наличие_лифта": true,
        "Наличие_охраны": true,
        "Наличие_парковки": true,
        "Расход_энергии_на_дом": 20260,
        "Наличие_спортивного_зала": false,
        "Расстояние_до_центра": 14,
        "Расстояние_до_метро": 4,
        "Расстояние_до_школы": 2
    },
    {
        "Название": "ИП «Власов»",
        "Адрес": "г. Верхоянск, ул. Ручейная, д. 7/4 стр. 8, 214576",
        "Количество_этажей": 46,
        "Количество_квартир": 322,
        "Год_постройки": "1993",
        "Тип_материала": "стекло",
        "Площадь_квартиры": 173,
        "Количество_жителей": 123,
        "Наличие_лифта": true,
        "Наличие_охраны": true,
        "Наличие_парковки": true,
        "Расход_энергии_на_дом": 10654,
        "Наличие_спортивного_зала": true,
        "Расстояние_до_центра": 2,
        "Расстояние_до_метро": 5,
        "Расстояние_до_школы": 5
    }
]