[
    {
        "Название": "Скания-Русь (Scania)",
        "Адрес": "к. Чулым, ш. Серафимовича, д. 334, 866527",
        "Количество_этажей": 35,
        "Количество_квартир": 245,
        "Год_постройки": "2015",
        "Тип_материала": "кирпич",
        "Площадь_квартиры": 170,
        "Количество_жителей": 169,
        "Наличие_лифта": true,
        "Наличие_охраны": false,
        "Наличие_парковки": false,
        "Расход_энергии_на_дом": 39924,
        "Наличие_спортивного_зала": true,
        "Расстояние_до_центра": 11,
        "Расстояние_до_метро": 2,
        "Расстояние_до_школы": 3
    },
    {
        "Название": "РАО «Данилов, Щукин и Савина»",
        "Адрес": "к. Борзя, ул. Волочаевская, д. 3 стр. 1, 245520",
        "Количество_этажей": 25,
        "Количество_квартир": 175,
        "Год_постройки": "2008",
        "Тип_материала": "стекло",
        "Площадь_квартиры": 71,
        "Количество_жителей": 340,
        "Наличие_лифта": false,
        "Наличие_охраны": false,
        "Наличие_парковки": false,
        "Расход_энергии_на_дом": 29150,
        "Наличие_спортивного_зала": true,
        "Расстояние_до_центра": 3,
        "Расстояние_до_метро": 7,
        "Расстояние_до_школы": 4
    },
    {
        "Название": "ООО «Назаров, Мясников и Шарова»",
        "Адрес": "д. Апатиты, пер. Московский, д. 255, 161085",
        "Количество_этажей": 42,
        "Количество_квартир": 294,
        "Год_постройки": "2015",
        "Тип_материала": "стекло",
        "Площадь_квартиры": 176,
        "Количество_жителей": 313,
        "Наличие_лифта": true,
        "Наличие_охраны": false,
        "Наличие_парковки": true,
        "Расход_энергии_на_дом": 42715,
        "Наличие_спортивного_зала": false,
        "Расстояние_до_центра": 2,
        "Расстояние_до_метро": 10,
        "Расстояние_до_школы": 4
    },
    {
        "Название": "АО «Трофимов»",
        "Адрес": "к. Губкин, пер. 1 Мая, д. 876 стр. 160, 488244",
        "Количество_этажей": 41,
        "Количество_квартир": 287,
        "Год_постройки": "1977",
        "Тип_материала": "кирпич",
        "Площадь_квартиры": 87,
        "Количество_жителей": 113,
        "Наличие_лифта": true,
        "Наличие_охраны": true,
        "Наличие_парковки": true,
        "Расход_энергии_на_дом": 43681,
        "Наличие_спортивного_зала": true,
        "Расстояние_до_центра": 14,
        "Расстояние_до_метро": 7,
        "Расстояние_до_школы": 1
    },
    {
        "Название": "ОАО «Шилов-Макарова»",
        "Адрес": "п. Ноглики, алл. Фрунзе, д. 6/6 к. 6/3, 000816",
        "Количество_этажей": 24,
        "Количество_квартир": 168,
        "Год_постройки": "2021",
        "Тип_материала": "кирпич",
        "Площадь_квартиры": 155,
        "Количество_жителей": 112,
        "Наличие_лифта": true,
        "Наличие_охраны": true,
        "Наличие_парковки": true,
        "Расход_энергии_на_дом": 22607,
        "Наличие_спортивного_зала": true,
        "Расстояние_до_центра": 3,
        "Расстояние_до_метро": 5,
        "Расстояние_до_школы": 1
    },
    {
        "Название": "Евраз",
        "Адрес": "д. Красновишерск, пер. Станиславского, д. 1/6 стр. 1, 454956",
        "Количество_этажей": 22,
        "Количество_квартир": 154,
        "Год_постройки": "2018",
        "Тип_материала": "железобетон",
        "Площадь_квартиры": 124,
        "Количество_жителей": 124,
        "Наличие_лифта": true,
        "Наличие_охраны": true,
        "Наличие_парковки": true,
        "Расход_энергии_на_дом": 13654,
        "Наличие_спортивного_зала": false,
        "Расстояние_до_центра": 10,
        "Расстояние_до_метро": 4,
        "Расстояние_до_школы": 5
    },
    {
        "Название": "АльфаСтрахование",
        "Адрес": "клх Южноуральск, пр. Шахтерский, д. 9/5, 198330",
        "Количество_этажей": 40,
        "Количество_квартир": 280,
        "Год_постройки": "2007",
        "Тип_материала": "железобетон",
        "Площадь_квартиры": 50,
        "Количество_жителей": 391,
        "Наличие_лифта": true,
        "Наличие_охраны": true,
        "Наличие_парковки": false,
        "Расход_энергии_на_дом": 20004,
        "Наличие_спортивного_зала": false,
        "Расстояние_до_центра": 19,
        "Расстояние_до_метро": 7,
        "Расстояние_до_школы": 3
    },
    {
        "Название": "ИП «Дроздова, Прохорова и Фадеева»",
        "Адрес": "с. Северодвинск, ш. Шахтерское, д. 8, 585492",
        "Количество_этажей": 31,
        "Количество_квартир": 217,
        "Год_постройки": "1984",
        "Тип_материала": "кирпич",
        "Площадь_квартиры": 188,
        "Количество_жителей": 158,
        "Наличие_лифта": true,
        "Наличие_охраны": true,
        "Наличие_парковки": true,
        "Расход_энергии_на_дом": 27894,
        "Наличие_спортивного_зала": false,
        "Расстояние_до_центра": 18,
        "Расстояние_до_метро": 5,
        "Расстояние_до_школы": 2
    },
    {
        "Название": "НПО «Исакова»",
        "Адрес": "п. Благовещенск (Амур.), ул. Урицкого, д. 5 к. 69, 241236",
        "Количество_этажей": 33,
        "Количество_квартир": 231,
        "Год_постройки": "1991",
        "Тип_материала": "кирпич",
        "Площадь_квартиры": 59,
        "Количество_жителей": 151,
        "Наличие_лифта": true,
        "Наличие_охраны": true,
        "Наличие_парковки": true,
        "Расход_энергии_на_дом": 30206,
        "Наличие_спортивного_зала": false,
        "Расстояние_до_центра": 11,
        "Расстояние_до_метро": 6,
        "Расстояние_до_школы": 5
    },
    {
        "Название": "ОАО «Шестакова-Мельников»",
        "Адрес": "д. Сухиничи, ш. Ставропольское, д. 2 к. 897, 607620",
        "Количество_этажей": 47,
        "Количество_квартир": 329,
        "Год_постройки": "2015",
        "Тип_материала": "железобетон",
        "Площадь_квартиры": 97,
        "Количество_жителей": 416,
        "Наличие_лифта": true,
        "Наличие_охраны": false,
        "Наличие_парковки": true,
        "Расход_энергии_на_дом": 11073,
        "Наличие_спортивного_зала": false,
        "Расстояние_до_центра": 5,
        "Расстояние_до_метро": 2,
        "Расстояние_до_школы": 1
    },
    {
        "Название": "Зыкова Инкорпорэйтед",
        "Адрес": "с. Саянск, бул. Снежный, д. 8/1, 568812",
        "Количество_этажей": 50,
        "Количество_квартир": 350,
        "Год_постройки": "2002",
        "Тип_материала": "кирпич",
        "Площадь_квартиры": 111,
        "Количество_жителей": 457,
        "Наличие_лифта": true,
        "Наличие_охраны": false,
        "Наличие_парковки": false,
        "Расход_энергии_на_дом": 48997,
        "Наличие_спортивного_зала": true,
        "Расстояние_до_центра": 8,
        "Расстояние_до_метро": 1,
        "Расстояние_до_школы": 2
    },
    {
        "Название": "ООО «Цветков Мухин»",
        "Адрес": "п. Кущевская, ш. Коминтерна, д. 87, 433555",
        "Количество_этажей": 27,
        "Количество_квартир": 189,
        "Год_постройки": "1978",
        "Тип_материала": "стекло",
        "Площадь_квартиры": 74,
        "Количество_жителей": 95,
        "Наличие_лифта": false,
        "Наличие_охраны": true,
        "Наличие_парковки": true,
        "Расход_энергии_на_дом": 38633,
        "Наличие_спортивного_зала": false,
        "Расстояние_до_центра": 20,
        "Расстояние_до_метро": 6,
        "Расстояние_до_школы": 5
    },
    {
        "Название": "АО «Зиновьев»",
        "Адрес": "п. Каневская, ул. Моховая, д. 7, 906015",
        "Количество_этажей": 50,
        "Количество_квартир": 350,
        "Год_постройки": "1971",
        "Тип_материала": "кирпич",
        "Площадь_квартиры": 88,
        "Количество_жителей": 222,
        "Наличие_лифта": false,
        "Наличие_охраны": true,
        "Наличие_парковки": false,
        "Расход_энергии_на_дом": 40310,
        "Наличие_спортивного_зала": true,
        "Расстояние_до_центра": 13,
        "Расстояние_до_метро": 4,
        "Расстояние_до_школы": 3
    },
    {
        "Название": "НПО «Кулагин»",
        "Адрес": "п. Листвянка (Иркут.), бул. Демьяна Бедного, д. 790, 129483",
        "Количество_этажей": 27,
        "Количество_квартир": 189,
        "Год_постройки": "1983",
        "Тип_материала": "стекло",
        "Площадь_квартиры": 170,
        "Количество_жителей": 341,
        "Наличие_лифта": true,
        "Наличие_охраны": true,
        "Наличие_парковки": false,
        "Расход_энергии_на_дом": 40544,
        "Наличие_спортивного_зала": true,
        "Расстояние_до_центра": 13,
        "Расстояние_до_метро": 1,
        "Расстояние_до_школы": 3
    },
    {
        "Название": "ЗАО «Сорокина-Иванова»",
        "Адрес": "ст. Шадринск, алл. Угловая, д. 1/1 стр. 77, 244077",
        "Количество_этажей": 29,
        "Количество_квартир": 203,
        "Год_постройки": "1972",
        "Тип_материала": "железобетон",
        "Площадь_квартиры": 129,
        "Количество_жителей": 413,
        "Наличие_лифта": true,
        "Наличие_охраны": false,
        "Наличие_парковки": false,
        "Расход_энергии_на_дом": 46780,
        "Наличие_спортивного_зала": false,
        "Расстояние_до_центра": 10,
        "Расстояние_до_метро": 6,
        "Расстояние_до_школы": 5
    }
]