[
    {
        "Название": "АО «Фролов»",
        "Адрес": "клх Черкесск, ул. Коминтерна, д. 9, 570647",
        "Количество_этажей": 24,
        "Количество_квартир": 168,
        "Год_постройки": "1996",
        "Тип_материала": "кирпич",
        "Площадь_квартиры": 186,
        "Количество_жителей": 400,
        "Наличие_лифта": true,
        "Наличие_охраны": true,
        "Наличие_парковки": true,
        "Расход_энергии_на_дом": 41024,
        "Наличие_спортивного_зала": false,
        "Расстояние_до_центра": 10,
        "Расстояние_до_метро": 2,
        "Расстояние_до_школы": 5
    },
    {
        "Название": "НПО «Мишин-Абрамова»",
        "Адрес": "п. Усинск, ул. Вахитова, д. 14, 322658",
        "Количество_этажей": 29,
        "Количество_квартир": 203,
        "Год_постройки": "1971",
        "Тип_материала": "кирпич",
        "Площадь_квартиры": 130,
        "Количество_жителей": 311,
        "Наличие_лифта": true,
        "Наличие_охраны": true,
        "Наличие_парковки": false,
        "Расход_энергии_на_дом": 20202,
        "Наличие_спортивного_зала": false,
        "Расстояние_до_центра": 11,
        "Расстояние_до_метро": 4,
        "Расстояние_до_школы": 1
    },
    {
        "Название": "НПО «Орехов»",
        "Адрес": "п. Солнечногорск, ул. Фадеева, д. 9 к. 9/2, 373966",
        "Количество_этажей": 28,
        "Количество_квартир": 196,
        "Год_постройки": "1981",
        "Тип_материала": "стекло",
        "Площадь_квартиры": 83,
        "Количество_жителей": 442,
        "Наличие_лифта": true,
        "Наличие_охраны": false,
        "Наличие_парковки": false,
        "Расход_энергии_на_дом": 22749,
        "Наличие_спортивного_зала": false,
        "Расстояние_до_центра": 18,
        "Расстояние_до_метро": 3,
        "Расстояние_до_школы": 3
    },
    {
        "Название": "Быков Инкорпорэйтед",
        "Адрес": "д. Анива, пр. Добролюбова, д. 979 к. 681, 839305",
        "Количество_этажей": 43,
        "Количество_квартир": 301,
        "Год_постройки": "1974",
        "Тип_материала": "стекло",
        "Площадь_квартиры": 153,
        "Количество_жителей": 156,
        "Наличие_лифта": true,
        "Наличие_охраны": true,
        "Наличие_парковки": true,
        "Расход_энергии_на_дом": 21254,
        "Наличие_спортивного_зала": false,
        "Расстояние_до_центра": 11,
        "Расстояние_до_метро": 9,
        "Расстояние_до_школы": 3
    },
    {
        "Название": "ОАО «Терентьева Назарова»",
        "Адрес": "г. Дмитров, ул. Солнечная, д. 1/9, 253832",
        "Количество_этажей": 45,
        "Количество_квартир": 315,
        "Год_постройки": "2015",
        "Тип_материала": "стекло",
        "Площадь_квартиры": 81,
        "Количество_жителей": 351,
        "Наличие_лифта": true,
        "Наличие_охраны": true,
        "Наличие_парковки": true,
        "Расход_энергии_на_дом": 41717,
        "Наличие_спортивного_зала": true,
        "Расстояние_до_центра": 3,
        "Расстояние_до_метро": 8,
        "Расстояние_до_школы": 4
    },
    {
        "Название": "АО «Семенов, Афанасьев и Гаврилов»",
        "Адрес": "г. Котлас, ш. Папанина, д. 21 стр. 4, 455784",
        "Количество_этажей": 39,
        "Количество_квартир": 273,
        "Год_постройки": "1994",
        "Тип_материала": "железобетон",
        "Площадь_квартиры": 144,
        "Количество_жителей": 172,
        "Наличие_лифта": false,
        "Наличие_охраны": true,
        "Наличие_парковки": false,
        "Расход_энергии_на_дом": 26388,
        "Наличие_спортивного_зала": true,
        "Расстояние_до_центра": 17,
        "Расстояние_до_метро": 9,
        "Расстояние_до_школы": 5
    },
    {
        "Название": "НПО «Молчанов»",
        "Адрес": "г. Сухиничи, пр. Поселковый, д. 39, 505178",
        "Количество_этажей": 49,
        "Количество_квартир": 343,
        "Год_постройки": "2020",
        "Тип_материала": "железобетон",
        "Площадь_квартиры": 110,
        "Количество_жителей": 480,
        "Наличие_лифта": true,
        "Наличие_охраны": true,
        "Наличие_парковки": false,
        "Расход_энергии_на_дом": 15441,
        "Наличие_спортивного_зала": false,
        "Расстояние_до_центра": 4,
        "Расстояние_до_метро": 4,
        "Расстояние_до_школы": 4
    },
    {
        "Название": "ООО «Афанасьев, Артемьева и Киселев»",
        "Адрес": "ст. Череповец, пер. Почтовый, д. 8/3, 269412",
        "Количество_этажей": 40,
        "Количество_квартир": 280,
        "Год_постройки": "1991",
        "Тип_материала": "стекло",
        "Площадь_квартиры": 164,
        "Количество_жителей": 206,
        "Наличие_лифта": true,
        "Наличие_охраны": true,
        "Наличие_парковки": false,
        "Расход_энергии_на_дом": 29894,
        "Наличие_спортивного_зала": true,
        "Расстояние_до_центра": 19,
        "Расстояние_до_метро": 4,
        "Расстояние_до_школы": 1
    },
    {
        "Название": "ОАО «Третьяков-Федоров»",
        "Адрес": "с. Йошкар-Ола, пер. Краснофлотский, д. 7 к. 68, 024109",
        "Количество_этажей": 49,
        "Количество_квартир": 343,
        "Год_постройки": "1982",
        "Тип_материала": "кирпич",
        "Площадь_квартиры": 72,
        "Количество_жителей": 387,
        "Наличие_лифта": false,
        "Наличие_охраны": false,
        "Наличие_парковки": false,
        "Расход_энергии_на_дом": 41825,
        "Наличие_спортивного_зала": true,
        "Расстояние_до_центра": 16,
        "Расстояние_до_метро": 9,
        "Расстояние_до_школы": 2
    },
    {
        "Название": "РАО «Семенова-Баранов»",
        "Адрес": "д. Певек, бул. Димитрова, д. 1/7 к. 9/9, 363087",
        "Количество_этажей": 43,
        "Количество_квартир": 301,
        "Год_постройки": "2003",
        "Тип_материала": "стекло",
        "Площадь_квартиры": 91,
        "Количество_жителей": 131,
        "Наличие_лифта": true,
        "Наличие_охраны": true,
        "Наличие_парковки": true,
        "Расход_энергии_на_дом": 34299,
        "Наличие_спортивного_зала": false,
        "Расстояние_до_центра": 13,
        "Расстояние_до_метро": 9,
        "Расстояние_до_школы": 4
    },
    {
        "Название": "Сбербанк России",
        "Адрес": "п. Ярославль, алл. Владимирская, д. 9 стр. 1, 059055",
        "Количество_этажей": 33,
        "Количество_квартир": 231,
        "Год_постройки": "1999",
        "Тип_материала": "кирпич",
        "Площадь_квартиры": 85,
        "Количество_жителей": 217,
        "Наличие_лифта": true,
        "Наличие_охраны": true,
        "Наличие_парковки": false,
        "Расход_энергии_на_дом": 13990,
        "Наличие_спортивного_зала": false,
        "Расстояние_до_центра": 19,
        "Расстояние_до_метро": 9,
        "Расстояние_до_школы": 5
    },
    {
        "Название": "ИП «Доронина-Лыткин»",
        "Адрес": "ст. Тимашевск, ул. Маяковского, д. 6 стр. 2, 123568",
        "Количество_этажей": 46,
        "Количество_квартир": 322,
        "Год_постройки": "2007",
        "Тип_материала": "кирпич",
        "Площадь_квартиры": 176,
        "Количество_жителей": 124,
        "Наличие_лифта": true,
        "Наличие_охраны": true,
        "Наличие_парковки": true,
        "Расход_энергии_на_дом": 42503,
        "Наличие_спортивного_зала": true,
        "Расстояние_до_центра": 2,
        "Расстояние_до_метро": 4,
        "Расстояние_до_школы": 3
    },
    {
        "Название": "НПО «Ефремов-Меркушев»",
        "Адрес": "с. Юровск, алл. Маяковского, д. 2/6 стр. 95, 044352",
        "Количество_этажей": 26,
        "Количество_квартир": 182,
        "Год_постройки": "1998",
        "Тип_материала": "кирпич",
        "Площадь_квартиры": 130,
        "Количество_жителей": 308,
        "Наличие_лифта": true,
        "Наличие_охраны": false,
        "Наличие_парковки": false,
        "Расход_энергии_на_дом": 36141,
        "Наличие_спортивного_зала": true,
        "Расстояние_до_центра": 4,
        "Расстояние_до_метро": 2,
        "Расстояние_до_школы": 4
    },
    {
        "Название": "ФК Гранд Капитал",
        "Адрес": "к. Змеиногорск, пер. Минский, д. 5, 032880",
        "Количество_этажей": 23,
        "Количество_квартир": 161,
        "Год_постройки": "1982",
        "Тип_материала": "стекло",
        "Площадь_квартиры": 184,
        "Количество_жителей": 340,
        "Наличие_лифта": true,
        "Наличие_охраны": true,
        "Наличие_парковки": false,
        "Расход_энергии_на_дом": 14260,
        "Наличие_спортивного_зала": true,
        "Расстояние_до_центра": 5,
        "Расстояние_до_метро": 2,
        "Расстояние_до_школы": 2
    },
    {
        "Название": "НПО «Гришина Гурьева»",
        "Адрес": "п. Урай, алл. Металлистов, д. 4/9 к. 1/4, 005121",
        "Количество_этажей": 27,
        "Количество_квартир": 189,
        "Год_постройки": "2018",
        "Тип_материала": "стекло",
        "Площадь_квартиры": 93,
        "Количество_жителей": 220,
        "Наличие_лифта": true,
        "Наличие_охраны": true,
        "Наличие_парковки": true,
        "Расход_энергии_на_дом": 29090,
        "Наличие_спортивного_зала": true,
        "Расстояние_до_центра": 7,
        "Расстояние_до_метро": 2,
        "Расстояние_до_школы": 4
    }
]