[
    {
        "Название": "Романова Лимитед",
        "Адрес": "д. Луховицы, пер. Есенина, д. 4 к. 1/2, 411636",
        "Количество_этажей": 50,
        "Количество_квартир": 350,
        "Год_постройки": "2004",
        "Тип_материала": "кирпич",
        "Площадь_квартиры": 84,
        "Количество_жителей": 139,
        "Наличие_лифта": true,
        "Наличие_охраны": true,
        "Наличие_парковки": false,
        "Расход_энергии_на_дом": 16270,
        "Наличие_спортивного_зала": false,
        "Расстояние_до_центра": 19,
        "Расстояние_до_метро": 9,
        "Расстояние_до_школы": 4
    },
    {
        "Название": "ЗАО «Петрова»",
        "Адрес": "п. Сунтар, наб. Линейная, д. 3, 242485",
        "Количество_этажей": 31,
        "Количество_квартир": 217,
        "Год_постройки": "1992",
        "Тип_материала": "стекло",
        "Площадь_квартиры": 92,
        "Количество_жителей": 414,
        "Наличие_лифта": true,
        "Наличие_охраны": false,
        "Наличие_парковки": false,
        "Расход_энергии_на_дом": 29146,
        "Наличие_спортивного_зала": false,
        "Расстояние_до_центра": 6,
        "Расстояние_до_метро": 1,
        "Расстояние_до_школы": 3
    },
    {
        "Название": "Ростех",
        "Адрес": "г. Балтийск, наб. Полярная, д. 5 к. 5, 396256",
        "Количество_этажей": 21,
        "Количество_квартир": 147,
        "Год_постройки": "2009",
        "Тип_материала": "кирпич",
        "Площадь_квартиры": 128,
        "Количество_жителей": 241,
        "Наличие_лифта": true,
        "Наличие_охраны": true,
        "Наличие_парковки": true,
        "Расход_энергии_на_дом": 29209,
        "Наличие_спортивного_зала": false,
        "Расстояние_до_центра": 6,
        "Расстояние_до_метро": 3,
        "Расстояние_до_школы": 1
    },
    {
        "Название": "АО «Ершов, Фролов и Корнилов»",
        "Адрес": "г. Токсово, пр. М.Горького, д. 8/6 стр. 725, 784130",
        "Количество_этажей": 35,
        "Количество_квартир": 245,
        "Год_постройки": "1978",
        "Тип_материала": "стекло",
        "Площадь_квартиры": 66,
        "Количество_жителей": 188,
        "Наличие_лифта": true,
        "Наличие_охраны": true,
        "Наличие_парковки": false,
        "Расход_энергии_на_дом": 11205,
        "Наличие_спортивного_зала": false,
        "Расстояние_до_центра": 14,
        "Расстояние_до_метро": 6,
        "Расстояние_до_школы": 3
    },
    {
        "Название": "ЗАО «Евсеев Королев»",
        "Адрес": "п. Вилюйск, бул. Тополиный, д. 4/1 к. 2/4, 061560",
        "Количество_этажей": 48,
        "Количество_квартир": 336,
        "Год_постройки": "2005",
        "Тип_материала": "железобетон",
        "Площадь_квартиры": 138,
        "Количество_жителей": 261,
        "Наличие_лифта": true,
        "Наличие_охраны": true,
        "Наличие_парковки": true,
        "Расход_энергии_на_дом": 33432,
        "Наличие_спортивного_зала": false,
        "Расстояние_до_центра": 2,
        "Расстояние_до_метро": 5,
        "Расстояние_до_школы": 5
    },
    {
        "Название": "Калашникова Групп",
        "Адрес": "клх Кулунда, ул. Мая 1, д. 55 стр. 5, 996892",
        "Количество_этажей": 22,
        "Количество_квартир": 154,
        "Год_постройки": "2015",
        "Тип_материала": "железобетон",
        "Площадь_квартиры": 151,
        "Количество_жителей": 403,
        "Наличие_лифта": true,
        "Наличие_охраны": false,
        "Наличие_парковки": true,
        "Расход_энергии_на_дом": 34826,
        "Наличие_спортивного_зала": false,
        "Расстояние_до_центра": 7,
        "Расстояние_до_метро": 9,
        "Расстояние_до_школы": 1
    },
    {
        "Название": "Трофимова Групп",
        "Адрес": "клх Верхний Тагил, наб. Коммунаров, д. 612, 893453",
        "Количество_этажей": 43,
        "Количество_квартир": 301,
        "Год_постройки": "1993",
        "Тип_материала": "кирпич",
        "Площадь_квартиры": 114,
        "Количество_жителей": 108,
        "Наличие_лифта": true,
        "Наличие_охраны": false,
        "Наличие_парковки": false,
        "Расход_энергии_на_дом": 14533,
        "Наличие_спортивного_зала": false,
        "Расстояние_до_центра": 17,
        "Расстояние_до_метро": 3,
        "Расстояние_до_школы": 3
    },
    {
        "Название": "Технологии машиностроения (Техмаш)",
        "Адрес": "клх Каргасок, пр. Нефтяников, д. 850 к. 663, 559703",
        "Количество_этажей": 35,
        "Количество_квартир": 245,
        "Год_постройки": "2000",
        "Тип_материала": "стекло",
        "Площадь_квартиры": 59,
        "Количество_жителей": 167,
        "Наличие_лифта": true,
        "Наличие_охраны": false,
        "Наличие_парковки": true,
        "Расход_энергии_на_дом": 49947,
        "Наличие_спортивного_зала": true,
        "Расстояние_до_центра": 18,
        "Расстояние_до_метро": 10,
        "Расстояние_до_школы": 1
    },
    {
        "Название": "ЗАО «Ершова-Лобанова»",
        "Адрес": "клх Мценск, пр. Рыбацкий, д. 4/2, 132730",
        "Количество_этажей": 22,
        "Количество_квартир": 154,
        "Год_постройки": "2020",
        "Тип_материала": "железобетон",
        "Площадь_квартиры": 60,
        "Количество_жителей": 242,
        "Наличие_лифта": true,
        "Наличие_охраны": true,
        "Наличие_парковки": true,
        "Расход_энергии_на_дом": 40815,
        "Наличие_спортивного_зала": false,
        "Расстояние_до_центра": 9,
        "Расстояние_до_метро": 9,
        "Расстояние_до_школы": 4
    },
    {
        "Название": "АО «Зыкова, Русаков и Баранова»",
        "Адрес": "клх Фатеж, наб. Черемушки, д. 4/6, 340066",
        "Количество_этажей": 50,
        "Количество_квартир": 350,
        "Год_постройки": "1982",
        "Тип_материала": "кирпич",
        "Площадь_квартиры": 99,
        "Количество_жителей": 293,
        "Наличие_лифта": true,
        "Наличие_охраны": false,
        "Наличие_парковки": true,
        "Расход_энергии_на_дом": 29614,
        "Наличие_спортивного_зала": true,
        "Расстояние_до_центра": 1,
        "Расстояние_до_метро": 10,
        "Расстояние_до_школы": 5
    },
    {
        "Название": "Системный оператор Единой энергетической системы",
        "Адрес": "к. Сосьва (Хант.), пер. Николаева, д. 2/2 к. 482, 791341",
        "Количество_этажей": 50,
        "Количество_квартир": 350,
        "Год_постройки": "2004",
        "Тип_материала": "кирпич",
        "Площадь_квартиры": 108,
        "Количество_жителей": 355,
        "Наличие_лифта": true,
        "Наличие_охраны": true,
        "Наличие_парковки": true,
        "Расход_энергии_на_дом": 11380,
        "Наличие_спортивного_зала": false,
        "Расстояние_до_центра": 8,
        "Расстояние_до_метро": 2,
        "Расстояние_до_школы": 2
    },
    {
        "Название": "РАО «Никонов»",
        "Адрес": "клх Карачаевск, пр. Красногвардейский, д. 61 стр. 6/5, 610979",
        "Количество_этажей": 22,
        "Количество_квартир": 154,
        "Год_постройки": "1992",
        "Тип_материала": "стекло",
        "Площадь_квартиры": 160,
        "Количество_жителей": 142,
        "Наличие_лифта": false,
        "Наличие_охраны": true,
        "Наличие_парковки": true,
        "Расход_энергии_на_дом": 20879,
        "Наличие_спортивного_зала": false,
        "Расстояние_до_центра": 9,
        "Расстояние_до_метро": 8,
        "Расстояние_до_школы": 5
    },
    {
        "Название": "ООО «Кабанова, Рыбаков и Шарапова»",
        "Адрес": "к. Ижевск, наб. Тукая, д. 7/6, 873700",
        "Количество_этажей": 43,
        "Количество_квартир": 301,
        "Год_постройки": "1988",
        "Тип_материала": "кирпич",
        "Площадь_квартиры": 169,
        "Количество_жителей": 137,
        "Наличие_лифта": false,
        "Наличие_охраны": true,
        "Наличие_парковки": true,
        "Расход_энергии_на_дом": 11541,
        "Наличие_спортивного_зала": false,
        "Расстояние_до_центра": 18,
        "Расстояние_до_метро": 1,
        "Расстояние_до_школы": 3
    },
    {
        "Название": "ОАО «Веселов»",
        "Адрес": "с. Дзержинск, пер. Харьковский, д. 2 стр. 243, 003107",
        "Количество_этажей": 27,
        "Количество_квартир": 189,
        "Год_постройки": "1990",
        "Тип_материала": "кирпич",
        "Площадь_квартиры": 104,
        "Количество_жителей": 149,
        "Наличие_лифта": true,
        "Наличие_охраны": true,
        "Наличие_парковки": true,
        "Расход_энергии_на_дом": 31511,
        "Наличие_спортивного_зала": false,
        "Расстояние_до_центра": 11,
        "Расстояние_до_метро": 3,
        "Расстояние_до_школы": 3
    },
    {
        "Название": "Сладковско-Заречное",
        "Адрес": "ст. Курчатов, ул. Труда, д. 6, 509227",
        "Количество_этажей": 28,
        "Количество_квартир": 196,
        "Год_постройки": "2012",
        "Тип_материала": "кирпич",
        "Площадь_квартиры": 165,
        "Количество_жителей": 251,
        "Наличие_лифта": true,
        "Наличие_охраны": true,
        "Наличие_парковки": false,
        "Расход_энергии_на_дом": 34577,
        "Наличие_спортивного_зала": false,
        "Расстояние_до_центра": 6,
        "Расстояние_до_метро": 3,
        "Расстояние_до_школы": 5
    }
]