[
    {
        "Название": "ИП «Пономарев-Новиков»",
        "Адрес": "п. Апрелевка, пер. Западный, д. 9 стр. 99, 831913",
        "Количество_этажей": 23,
        "Количество_квартир": 161,
        "Год_постройки": "2015",
        "Тип_материала": "железобетон",
        "Площадь_квартиры": 90,
        "Количество_жителей": 90,
        "Наличие_лифта": true,
        "Наличие_охраны": false,
        "Наличие_парковки": false,
        "Расход_энергии_на_дом": 34395,
        "Наличие_спортивного_зала": false,
        "Расстояние_до_центра": 19,
        "Расстояние_до_метро": 3,
        "Расстояние_до_школы": 4
    },
    {
        "Название": "ОАО «Гущина»",
        "Адрес": "клх Андреаполь, пр. Боровой, д. 1/5 стр. 4, 339607",
        "Количество_этажей": 37,
        "Количество_квартир": 259,
        "Год_постройки": "2018",
        "Тип_материала": "кирпич",
        "Площадь_квартиры": 101,
        "Количество_жителей": 227,
        "Наличие_лифта": true,
        "Наличие_охраны": true,
        "Наличие_парковки": true,
        "Расход_энергии_на_дом": 31441,
        "Наличие_спортивного_зала": true,
        "Расстояние_до_центра": 5,
        "Расстояние_до_метро": 8,
        "Расстояние_до_школы": 4
    },
    {
        "Название": "Степанов Лимитед",
        "Адрес": "п. Кежма, алл. Космическая, д. 1 стр. 1/5, 983247",
        "Количество_этажей": 30,
        "Количество_квартир": 210,
        "Год_постройки": "2000",
        "Тип_материала": "кирпич",
        "Площадь_квартиры": 89,
        "Количество_жителей": 353,
        "Наличие_лифта": true,
        "Наличие_охраны": false,
        "Наличие_парковки": false,
        "Расход_энергии_на_дом": 40655,
        "Наличие_спортивного_зала": true,
        "Расстояние_до_центра": 8,
        "Расстояние_до_метро": 6,
        "Расстояние_до_школы": 1
    },
    {
        "Название": "ЗАО «Кабанов Кулаков»",
        "Адрес": "клх Мценск, пер. Кавказский, д. 50 к. 1, 831643",
        "Количество_этажей": 37,
        "Количество_квартир": 259,
        "Год_постройки": "1995",
        "Тип_материала": "железобетон",
        "Площадь_квартиры": 108,
        "Количество_жителей": 226,
        "Наличие_лифта": true,
        "Наличие_охраны": true,
        "Наличие_парковки": true,
        "Расход_энергии_на_дом": 40523,
        "Наличие_спортивного_зала": false,
        "Расстояние_до_центра": 14,
        "Расстояние_до_метро": 3,
        "Расстояние_до_школы": 4
    },
    {
        "Название": "ИП «Кулагина»",
        "Адрес": "ст. Макушино, ш. Загородное, д. 996, 331035",
        "Количество_этажей": 31,
        "Количество_квартир": 217,
        "Год_постройки": "1992",
        "Тип_материала": "кирпич",
        "Площадь_квартиры": 200,
        "Количество_жителей": 213,
        "Наличие_лифта": false,
        "Наличие_охраны": false,
        "Наличие_парковки": true,
        "Расход_энергии_на_дом": 27394,
        "Наличие_спортивного_зала": false,
        "Расстояние_до_центра": 4,
        "Расстояние_до_метро": 6,
        "Расстояние_до_школы": 4
    },
    {
        "Название": "ИП «Блохина Ершова»",
        "Адрес": "д. Кировск (Ленин.), наб. Тульская, д. 793 стр. 554, 527668",
        "Количество_этажей": 43,
        "Количество_квартир": 301,
        "Год_постройки": "1988",
        "Тип_материала": "железобетон",
        "Площадь_квартиры": 155,
        "Количество_жителей": 123,
        "Наличие_лифта": true,
        "Наличие_охраны": true,
        "Наличие_парковки": true,
        "Расход_энергии_на_дом": 20111,
        "Наличие_спортивного_зала": false,
        "Расстояние_до_центра": 19,
        "Расстояние_до_метро": 1,
        "Расстояние_до_школы": 4
    },
    {
        "Название": "АО «Михеев Алексеев»",
        "Адрес": "г. Благовещенск (Амур.), ул. Родниковая, д. 2/8, 001652",
        "Количество_этажей": 34,
        "Количество_квартир": 238,
        "Год_постройки": "2009",
        "Тип_материала": "кирпич",
        "Площадь_квартиры": 126,
        "Количество_жителей": 264,
        "Наличие_лифта": true,
        "Наличие_охраны": true,
        "Наличие_парковки": false,
        "Расход_энергии_на_дом": 33236,
        "Наличие_спортивного_зала": true,
        "Расстояние_до_центра": 5,
        "Расстояние_до_метро": 4,
        "Расстояние_до_школы": 4
    },
    {
        "Название": "Орлова Лтд",
        "Адрес": "д. Троицк (Челяб.), пр. 50 лет Победы, д. 7, 406382",
        "Количество_этажей": 34,
        "Количество_квартир": 238,
        "Год_постройки": "2011",
        "Тип_материала": "железобетон",
        "Площадь_квартиры": 125,
        "Количество_жителей": 233,
        "Наличие_лифта": false,
        "Наличие_охраны": true,
        "Наличие_парковки": true,
        "Расход_энергии_на_дом": 37858,
        "Наличие_спортивного_зала": false,
        "Расстояние_до_центра": 19,
        "Расстояние_до_метро": 9,
        "Расстояние_до_школы": 3
    },
    {
        "Название": "ОАО «Дьячков, Панфилова и Антонов»",
        "Адрес": "с. Кызыл, пер. Сурикова, д. 268 стр. 7, 062166",
        "Количество_этажей": 39,
        "Количество_квартир": 273,
        "Год_постройки": "1999",
        "Тип_материала": "кирпич",
        "Площадь_квартиры": 108,
        "Количество_жителей": 211,
        "Наличие_лифта": true,
        "Наличие_охраны": true,
        "Наличие_парковки": true,
        "Расход_энергии_на_дом": 42357,
        "Наличие_спортивного_зала": false,
        "Расстояние_до_центра": 13,
        "Расстояние_до_метро": 4,
        "Расстояние_до_школы": 4
    },
    {
        "Название": "ОАО «Семенова, Полякова и Белозеров»",
        "Адрес": "г. Кимры, пр. Демьяна Бедного, д. 9, 634707",
        "Количество_этажей": 43,
        "Количество_квартир": 301,
        "Год_постройки": "2005",
        "Тип_материала": "кирпич",
        "Площадь_квартиры": 140,
        "Количество_жителей": 204,
        "Наличие_лифта": false,
        "Наличие_охраны": true,
        "Наличие_парковки": false,
        "Расход_энергии_на_дом": 15337,
        "Наличие_спортивного_зала": false,
        "Расстояние_до_центра": 14,
        "Расстояние_до_метро": 2,
        "Расстояние_до_школы": 1
    },
    {
        "Название": "ЗАО «Веселов Зайцев»",
        "Адрес": "клх Любань, пр. Сельский, д. 944 стр. 304, 900888",
        "Количество_этажей": 20,
        "Количество_квартир": 140,
        "Год_постройки": "2018",
        "Тип_материала": "кирпич",
        "Площадь_квартиры": 130,
        "Количество_жителей": 421,
        "Наличие_лифта": true,
        "Наличие_охраны": true,
        "Наличие_парковки": false,
        "Расход_энергии_на_дом": 19856,
        "Наличие_спортивного_зала": true,
        "Расстояние_до_центра": 17,
        "Расстояние_до_метро": 8,
        "Расстояние_до_школы": 2
    },
    {
        "Название": "Верный",
        "Адрес": "ст. Усолье Сибирское, алл. Добролюбова, д. 355 к. 43, 482062",
        "Количество_этажей": 23,
        "Количество_квартир": 161,
        "Год_постройки": "1970",
        "Тип_материала": "железобетон",
        "Площадь_квартиры": 110,
        "Количество_жителей": 302,
        "Наличие_лифта": true,
        "Наличие_охраны": true,
        "Наличие_парковки": false,
        "Расход_энергии_на_дом": 33565,
        "Наличие_спортивного_зала": false,
        "Расстояние_до_центра": 3,
        "Расстояние_до_метро": 1,
        "Расстояние_до_школы": 3
    },
    {
        "Название": "ИП «Кудрявцева»",
        "Адрес": "п. Азов (Рост.), бул. Комсомольский, д. 8/1, 262677",
        "Количество_этажей": 21,
        "Количество_квартир": 147,
        "Год_постройки": "1991",
        "Тип_материала": "кирпич",
        "Площадь_квартиры": 189,
        "Количество_жителей": 332,
        "Наличие_лифта": true,
        "Наличие_охраны": true,
        "Наличие_парковки": true,
        "Расход_энергии_на_дом": 23442,
        "Наличие_спортивного_зала": false,
        "Расстояние_до_центра": 7,
        "Расстояние_до_метро": 2,
        "Расстояние_до_школы": 1
    },
    {
        "Название": "Русснефть",
        "Адрес": "клх Красноселькуп, ш. Щетинкина, д. 7/8 к. 4, 347464",
        "Количество_этажей": 48,
        "Количество_квартир": 336,
        "Год_постройки": "2014",
        "Тип_материала": "кирпич",
        "Площадь_квартиры": 145,
        "Количество_жителей": 469,
        "Наличие_лифта": false,
        "Наличие_охраны": true,
        "Наличие_парковки": true,
        "Расход_энергии_на_дом": 42788,
        "Наличие_спортивного_зала": false,
        "Расстояние_до_центра": 16,
        "Расстояние_до_метро": 7,
        "Расстояние_до_школы": 3
    },
    {
        "Название": "Мамонтова Групп",
        "Адрес": "г. Буденновск, пр. Семашко, д. 9/4 к. 97, 296531",
        "Количество_этажей": 35,
        "Количество_квартир": 245,
        "Год_постройки": "1994",
        "Тип_материала": "железобетон",
        "Площадь_квартиры": 145,
        "Количество_жителей": 349,
        "Наличие_лифта": false,
        "Наличие_охраны": false,
        "Наличие_парковки": true,
        "Расход_энергии_на_дом": 22578,
        "Наличие_спортивного_зала": false,
        "Расстояние_до_центра": 17,
        "Расстояние_до_метро": 5,
        "Расстояние_до_школы": 4
    }
]