[
    {
        "Название": "Кари",
        "Адрес": "ст. Токма, пер. Астраханский, д. 9/5, 764073",
        "Количество_этажей": 42,
        "Количество_квартир": 294,
        "Год_постройки": "2017",
        "Тип_материала": "железобетон",
        "Площадь_квартиры": 194,
        "Количество_жителей": 99,
        "Наличие_лифта": true,
        "Наличие_охраны": false,
        "Наличие_парковки": false,
        "Расход_энергии_на_дом": 27360,
        "Наличие_спортивного_зала": true,
        "Расстояние_до_центра": 13,
        "Расстояние_до_метро": 9,
        "Расстояние_до_школы": 1
    },
    {
        "Название": "Александров Инкорпорэйтед",
        "Адрес": "п. Наро-Фоминск, наб. Металлургов, д. 6, 618459",
        "Количество_этажей": 42,
        "Количество_квартир": 294,
        "Год_постройки": "1976",
        "Тип_материала": "стекло",
        "Площадь_квартиры": 166,
        "Количество_жителей": 348,
        "Наличие_лифта": false,
        "Наличие_охраны": true,
        "Наличие_парковки": false,
        "Расход_энергии_на_дом": 42889,
        "Наличие_спортивного_зала": false,
        "Расстояние_до_центра": 12,
        "Расстояние_до_метро": 2,
        "Расстояние_до_школы": 2
    },
    {
        "Название": "Рябов Групп",
        "Адрес": "с. Новороссийка, бул. Микрорайон, д. 9 стр. 7/4, 282553",
        "Количество_этажей": 22,
        "Количество_квартир": 154,
        "Год_постройки": "1997",
        "Тип_материала": "кирпич",
        "Площадь_квартиры": 131,
        "Количество_жителей": 450,
        "Наличие_лифта": true,
        "Наличие_охраны": true,
        "Наличие_парковки": true,
        "Расход_энергии_на_дом": 46172,
        "Наличие_спортивного_зала": true,
        "Расстояние_до_центра": 7,
        "Расстояние_до_метро": 3,
        "Расстояние_до_школы": 2
    },
    {
        "Название": "ОАО «Громов»",
        "Адрес": "ст. Рославль, бул. Республиканский, д. 304, 949816",
        "Количество_этажей": 50,
        "Количество_квартир": 350,
        "Год_постройки": "1995",
        "Тип_материала": "кирпич",
        "Площадь_квартиры": 192,
        "Количество_жителей": 490,
        "Наличие_лифта": false,
        "Наличие_охраны": true,
        "Наличие_парковки": false,
        "Расход_энергии_на_дом": 13919,
        "Наличие_спортивного_зала": true,
        "Расстояние_до_центра": 16,
        "Расстояние_до_метро": 8,
        "Расстояние_до_школы": 3
    },
    {
        "Название": "ИП «Князев Лыткина»",
        "Адрес": "с. Нарткала, алл. Гоголя, д. 6/5 к. 2, 111311",
        "Количество_этажей": 50,
        "Количество_квартир": 350,
        "Год_постройки": "2012",
        "Тип_материала": "железобетон",
        "Площадь_квартиры": 134,
        "Количество_жителей": 490,
        "Наличие_лифта": true,
        "Наличие_охраны": false,
        "Наличие_парковки": false,
        "Расход_энергии_на_дом": 14564,
        "Наличие_спортивного_зала": false,
        "Расстояние_до_центра": 15,
        "Расстояние_до_метро": 6,
        "Расстояние_до_школы": 5
    },
    {
        "Название": "АО «Меркушева-Казаков»",
        "Адрес": "п. Холмск, бул. Кирова, д. 449 стр. 9, 578968",
        "Количество_этажей": 23,
        "Количество_квартир": 161,
        "Год_постройки": "2012",
        "Тип_материала": "кирпич",
        "Площадь_квартиры": 192,
        "Количество_жителей": 316,
        "Наличие_лифта": true,
        "Наличие_охраны": true,
        "Наличие_парковки": true,
        "Расход_энергии_на_дом": 26206,
        "Наличие_спортивного_зала": true,
        "Расстояние_до_центра": 5,
        "Расстояние_до_метро": 5,
        "Расстояние_до_школы": 1
    },
    {
        "Название": "ОАО «Архипов-Филиппов»",
        "Адрес": "г. Тавда, бул. Колхозный, д. 88, 109044",
        "Количество_этажей": 21,
        "Количество_квартир": 147,
        "Год_постройки": "2018",
        "Тип_материала": "кирпич",
        "Площадь_квартиры": 138,
        "Количество_жителей": 318,
        "Наличие_лифта": true,
        "Наличие_охраны": true,
        "Наличие_парковки": false,
        "Расход_энергии_на_дом": 44458,
        "Наличие_спортивного_зала": false,
        "Расстояние_до_центра": 20,
        "Расстояние_до_метро": 10,
        "Расстояние_до_школы": 1
    },
    {
        "Название": "РАО «Беляев-Белоусова»",
        "Адрес": "к. Неплюевка, пер. Воровского, д. 588, 372109",
        "Количество_этажей": 24,
        "Количество_квартир": 168,
        "Год_постройки": "1975",
        "Тип_материала": "железобетон",
        "Площадь_квартиры": 200,
        "Количество_жителей": 205,
        "Наличие_лифта": true,
        "Наличие_охраны": true,
        "Наличие_парковки": true,
        "Расход_энергии_на_дом": 46606,
        "Наличие_спортивного_зала": false,
        "Расстояние_до_центра": 8,
        "Расстояние_до_метро": 6,
        "Расстояние_до_школы": 4
    },
    {
        "Название": "ИП «Фокина, Андреева и Рогов»",
        "Адрес": "п. Снежинск, ш. Черемушки, д. 1 стр. 424, 822137",
        "Количество_этажей": 39,
        "Количество_квартир": 273,
        "Год_постройки": "2019",
        "Тип_материала": "железобетон",
        "Площадь_квартиры": 107,
        "Количество_жителей": 460,
        "Наличие_лифта": true,
        "Наличие_охраны": true,
        "Наличие_парковки": false,
        "Расход_энергии_на_дом": 21614,
        "Наличие_спортивного_зала": false,
        "Расстояние_до_центра": 8,
        "Расстояние_до_метро": 9,
        "Расстояние_до_школы": 2
    },
    {
        "Название": "Дементьев Лтд",
        "Адрес": "с. Барнаул, ул. Волкова, д. 42 стр. 861, 656562",
        "Количество_этажей": 46,
        "Количество_квартир": 322,
        "Год_постройки": "1978",
        "Тип_материала": "железобетон",
        "Площадь_квартиры": 51,
        "Количество_жителей": 52,
        "Наличие_лифта": true,
        "Наличие_охраны": true,
        "Наличие_парковки": true,
        "Расход_энергии_на_дом": 17529,
        "Наличие_спортивного_зала": false,
        "Расстояние_до_центра": 13,
        "Расстояние_до_метро": 1,
        "Расстояние_до_школы": 4
    },
    {
        "Название": "Меркушев и партнеры",
        "Адрес": "к. Шерегеш, алл. Вольная, д. 2 стр. 2, 462316",
        "Количество_этажей": 20,
        "Количество_квартир": 140,
        "Год_постройки": "1997",
        "Тип_материала": "кирпич",
        "Площадь_квартиры": 120,
        "Количество_жителей": 463,
        "Наличие_лифта": true,
        "Наличие_охраны": true,
        "Наличие_парковки": false,
        "Расход_энергии_на_дом": 49278,
        "Наличие_спортивного_зала": true,
        "Расстояние_до_центра": 14,
        "Расстояние_до_метро": 9,
        "Расстояние_до_школы": 5
    },
    {
        "Название": "Ресурс",
        "Адрес": "п. Ступино, бул. 8 Марта, д. 3, 756251",
        "Количество_этажей": 46,
        "Количество_квартир": 322,
        "Год_постройки": "2001",
        "Тип_материала": "железобетон",
        "Площадь_квартиры": 167,
        "Количество_жителей": 405,
        "Наличие_лифта": false,
        "Наличие_охраны": false,
        "Наличие_парковки": true,
        "Расход_энергии_на_дом": 35702,
        "Наличие_спортивного_зала": true,
        "Расстояние_до_центра": 18,
        "Расстояние_до_метро": 7,
        "Расстояние_до_школы": 3
    },
    {
        "Название": "АльфаСтрахование",
        "Адрес": "д. Майкоп, ул. Высокая, д. 2/2 стр. 619, 559532",
        "Количество_этажей": 47,
        "Количество_квартир": 329,
        "Год_постройки": "1970",
        "Тип_материала": "стекло",
        "Площадь_квартиры": 61,
        "Количество_жителей": 202,
        "Наличие_лифта": true,
        "Наличие_охраны": true,
        "Наличие_парковки": true,
        "Расход_энергии_на_дом": 26103,
        "Наличие_спортивного_зала": true,
        "Расстояние_до_центра": 8,
        "Расстояние_до_метро": 9,
        "Расстояние_до_школы": 2
    },
    {
        "Название": "Потапова и партнеры",
        "Адрес": "ст. Колпашево, пер. Амурский, д. 1 к. 3/1, 716771",
        "Количество_этажей": 36,
        "Количество_квартир": 252,
        "Год_постройки": "1977",
        "Тип_материала": "кирпич",
        "Площадь_квартиры": 90,
        "Количество_жителей": 231,
        "Наличие_лифта": true,
        "Наличие_охраны": true,
        "Наличие_парковки": true,
        "Расход_энергии_на_дом": 37091,
        "Наличие_спортивного_зала": true,
        "Расстояние_до_центра": 10,
        "Расстояние_до_метро": 3,
        "Расстояние_до_школы": 2
    },
    {
        "Название": "Газпром бурение",
        "Адрес": "клх Борзя, бул. Восьмого Марта, д. 1 к. 393, 329413",
        "Количество_этажей": 21,
        "Количество_квартир": 147,
        "Год_постройки": "2011",
        "Тип_материала": "стекло",
        "Площадь_квартиры": 182,
        "Количество_жителей": 248,
        "Наличие_лифта": true,
        "Наличие_охраны": true,
        "Наличие_парковки": false,
        "Расход_энергии_на_дом": 45825,
        "Наличие_спортивного_зала": false,
        "Расстояние_до_центра": 5,
        "Расстояние_до_метро": 2,
        "Расстояние_до_школы": 3
    }
]