[
    {
        "Название": "Мартынова Лимитед",
        "Адрес": "клх Белый Яр (Томск.), ш. Республиканское, д. 8/9 стр. 9/2, 683743",
        "Количество_этажей": 24,
        "Количество_квартир": 168,
        "Год_постройки": "2022",
        "Тип_материала": "стекло",
        "Площадь_квартиры": 90,
        "Количество_жителей": 263,
        "Наличие_лифта": false,
        "Наличие_охраны": true,
        "Наличие_парковки": true,
        "Расход_энергии_на_дом": 17772,
        "Наличие_спортивного_зала": false,
        "Расстояние_до_центра": 15,
        "Расстояние_до_метро": 8,
        "Расстояние_до_школы": 3
    },
    {
        "Название": "НПО «Соколова»",
        "Адрес": "г. Сочи, алл. Репина, д. 6, 324926",
        "Количество_этажей": 41,
        "Количество_квартир": 287,
        "Год_постройки": "1972",
        "Тип_материала": "кирпич",
        "Площадь_квартиры": 186,
        "Количество_жителей": 448,
        "Наличие_лифта": true,
        "Наличие_охраны": true,
        "Наличие_парковки": false,
        "Расход_энергии_на_дом": 18677,
        "Наличие_спортивного_зала": true,
        "Расстояние_до_центра": 10,
        "Расстояние_до_метро": 1,
        "Расстояние_до_школы": 3
    },
    {
        "Название": "Командор-Холдинг",
        "Адрес": "ст. Глазов, наб. Волочаевская, д. 5/5 стр. 5/8, 682115",
        "Количество_этажей": 26,
        "Количество_квартир": 182,
        "Год_постройки": "2004",
        "Тип_материала": "кирпич",
        "Площадь_квартиры": 89,
        "Количество_жителей": 119,
        "Наличие_лифта": true,
        "Наличие_охраны": true,
        "Наличие_парковки": true,
        "Расход_энергии_на_дом": 40934,
        "Наличие_спортивного_зала": false,
        "Расстояние_до_центра": 15,
        "Расстояние_до_метро": 5,
        "Расстояние_до_школы": 2
    },
    {
        "Название": "ОАО «Баранов, Щукин и Брагина»",
        "Адрес": "д. Дубна, пер. Механизаторов, д. 6/1, 808685",
        "Количество_этажей": 20,
        "Количество_квартир": 140,
        "Год_постройки": "2008",
        "Тип_материала": "кирпич",
        "Площадь_квартиры": 92,
        "Количество_жителей": 378,
        "Наличие_лифта": true,
        "Наличие_охраны": false,
        "Наличие_парковки": false,
        "Расход_энергии_на_дом": 26318,
        "Наличие_спортивного_зала": true,
        "Расстояние_до_центра": 7,
        "Расстояние_до_метро": 2,
        "Расстояние_до_школы": 2
    },
    {
        "Название": "АО «Александров Полякова»",
        "Адрес": "клх Великие Луки, бул. Загородный, д. 4 к. 8/8, 923350",
        "Количество_этажей": 23,
        "Количество_квартир": 161,
        "Год_постройки": "1975",
        "Тип_материала": "железобетон",
        "Площадь_квартиры": 91,
        "Количество_жителей": 345,
        "Наличие_лифта": false,
        "Наличие_охраны": false,
        "Наличие_парковки": false,
        "Расход_энергии_на_дом": 47360,
        "Наличие_спортивного_зала": true,
        "Расстояние_до_центра": 3,
        "Расстояние_до_метро": 6,
        "Расстояние_до_школы": 3
    },
    {
        "Название": "НПО «Корнилова-Смирнов»",
        "Адрес": "г. Лесной (Сверд.), пр. Космодемьянской, д. 755 стр. 9/9, 046260",
        "Количество_этажей": 24,
        "Количество_квартир": 168,
        "Год_постройки": "1986",
        "Тип_материала": "железобетон",
        "Площадь_квартиры": 78,
        "Количество_жителей": 469,
        "Наличие_лифта": true,
        "Наличие_охраны": true,
        "Наличие_парковки": true,
        "Расход_энергии_на_дом": 28410,
        "Наличие_спортивного_зала": false,
        "Расстояние_до_центра": 15,
        "Расстояние_до_метро": 3,
        "Расстояние_до_школы": 2
    },
    {
        "Название": "ЗАО «Суханова-Афанасьева»",
        "Адрес": "клх Ангарск, наб. Аэродромная, д. 6/2 к. 40, 935142",
        "Количество_этажей": 24,
        "Количество_квартир": 168,
        "Год_постройки": "1998",
        "Тип_материала": "кирпич",
        "Площадь_квартиры": 191,
        "Количество_жителей": 299,
        "Наличие_лифта": false,
        "Наличие_охраны": true,
        "Наличие_парковки": false,
        "Расход_энергии_на_дом": 17680,
        "Наличие_спортивного_зала": false,
        "Расстояние_до_центра": 14,
        "Расстояние_до_метро": 5,
        "Расстояние_до_школы": 5
    },
    {
        "Название": "Трансбункер",
        "Адрес": "п. Киров (Вятка), наб. Короткая, д. 250 стр. 17, 381076",
        "Количество_этажей": 28,
        "Количество_квартир": 196,
        "Год_постройки": "1982",
        "Тип_материала": "железобетон",
        "Площадь_квартиры": 57,
        "Количество_жителей": 246,
        "Наличие_лифта": true,
        "Наличие_охраны": true,
        "Наличие_парковки": false,
        "Расход_энергии_на_дом": 22308,
        "Наличие_спортивного_зала": true,
        "Расстояние_до_центра": 20,
        "Расстояние_до_метро": 8,
        "Расстояние_до_школы": 3
    },
    {
        "Название": "Быков Групп",
        "Адрес": "г. Сасово, пр. О.Кошевого, д. 7/2 к. 95, 350967",
        "Количество_этажей": 44,
        "Количество_квартир": 308,
        "Год_постройки": "1984",
        "Тип_материала": "кирпич",
        "Площадь_квартиры": 137,
        "Количество_жителей": 238,
        "Наличие_лифта": true,
        "Наличие_охраны": true,
        "Наличие_парковки": false,
        "Расход_энергии_на_дом": 20258,
        "Наличие_спортивного_зала": true,
        "Расстояние_до_центра": 9,
        "Расстояние_до_метро": 4,
        "Расстояние_до_школы": 2
    },
    {
        "Название": "Силин Групп",
        "Адрес": "п. Сухиничи, пер. Правды, д. 876 к. 18, 157410",
        "Количество_этажей": 39,
        "Количество_квартир": 273,
        "Год_постройки": "1974",
        "Тип_материала": "кирпич",
        "Площадь_квартиры": 119,
        "Количество_жителей": 103,
        "Наличие_лифта": false,
        "Наличие_охраны": true,
        "Наличие_парковки": true,
        "Расход_энергии_на_дом": 31911,
        "Наличие_спортивного_зала": false,
        "Расстояние_до_центра": 4,
        "Расстояние_до_метро": 8,
        "Расстояние_до_школы": 1
    },
    {
        "Название": "ЗАО «Дроздова»",
        "Адрес": "г. Мостовской, ш. Тупиковое, д. 9/1, 392489",
        "Количество_этажей": 50,
        "Количество_квартир": 350,
        "Год_постройки": "1980",
        "Тип_материала": "кирпич",
        "Площадь_квартиры": 87,
        "Количество_жителей": 354,
        "Наличие_лифта": false,
        "Наличие_охраны": false,
        "Наличие_парковки": true,
        "Расход_энергии_на_дом": 48155,
        "Наличие_спортивного_зала": false,
        "Расстояние_до_центра": 7,
        "Расстояние_до_метро": 1,
        "Расстояние_до_школы": 5
    },
    {
        "Название": "ЗАО «Панфилова Фролова»",
        "Адрес": "к. Агинское (Забайк.), пер. Гоголя, д. 76, 013868",
        "Количество_этажей": 34,
        "Количество_квартир": 238,
        "Год_постройки": "1980",
        "Тип_материала": "стекло",
        "Площадь_квартиры": 144,
        "Количество_жителей": 51,
        "Наличие_лифта": true,
        "Наличие_охраны": false,
        "Наличие_парковки": false,
        "Расход_энергии_на_дом": 21444,
        "Наличие_спортивного_зала": true,
        "Расстояние_до_центра": 7,
        "Расстояние_до_метро": 3,
        "Расстояние_до_школы": 5
    },
    {
        "Название": "ЗАО «Богданова-Петров»",
        "Адрес": "ст. Псебай, ш. Комарова, д. 92, 770293",
        "Количество_этажей": 22,
        "Количество_квартир": 154,
        "Год_постройки": "2005",
        "Тип_материала": "железобетон",
        "Площадь_квартиры": 199,
        "Количество_жителей": 474,
        "Наличие_лифта": true,
        "Наличие_охраны": true,
        "Наличие_парковки": false,
        "Расход_энергии_на_дом": 44514,
        "Наличие_спортивного_зала": true,
        "Расстояние_до_центра": 5,
        "Расстояние_до_метро": 9,
        "Расстояние_до_школы": 5
    },
    {
        "Название": "ИП «Фадеева, Стрелкова и Дорофеев»",
        "Адрес": "к. Диксон, бул. Новосельский, д. 2 к. 30, 843061",
        "Количество_этажей": 42,
        "Количество_квартир": 294,
        "Год_постройки": "1971",
        "Тип_материала": "железобетон",
        "Площадь_квартиры": 98,
        "Количество_жителей": 121,
        "Наличие_лифта": true,
        "Наличие_охраны": true,
        "Наличие_парковки": false,
        "Расход_энергии_на_дом": 32038,
        "Наличие_спортивного_зала": false,
        "Расстояние_до_центра": 17,
        "Расстояние_до_метро": 1,
        "Расстояние_до_школы": 3
    },
    {
        "Название": "Белозеров Лтд",
        "Адрес": "клх Щелково, алл. Чернышевского, д. 6/5, 116601",
        "Количество_этажей": 35,
        "Количество_квартир": 245,
        "Год_постройки": "1996",
        "Тип_материала": "стекло",
        "Площадь_квартиры": 92,
        "Количество_жителей": 214,
        "Наличие_лифта": false,
        "Наличие_охраны": true,
        "Наличие_парковки": true,
        "Расход_энергии_на_дом": 32235,
        "Наличие_спортивного_зала": false,
        "Расстояние_до_центра": 12,
        "Расстояние_до_метро": 5,
        "Расстояние_до_школы": 3
    }
]