[
    {
        "Название": "Карелия Палп",
        "Адрес": "д. Усть-Калманка, пер. Металлистов, д. 78 к. 8, 643514",
        "Количество_этажей": 29,
        "Количество_квартир": 203,
        "Год_постройки": "2011",
        "Тип_материала": "железобетон",
        "Площадь_квартиры": 185,
        "Количество_жителей": 261,
        "Наличие_лифта": true,
        "Наличие_охраны": false,
        "Наличие_парковки": false,
        "Расход_энергии_на_дом": 12770,
        "Наличие_спортивного_зала": false,
        "Расстояние_до_центра": 17,
        "Расстояние_до_метро": 4,
        "Расстояние_до_школы": 3
    },
    {
        "Название": "Панова Инкорпорэйтед",
        "Адрес": "к. Снежногорск (Мурм.), ул. 9 Января, д. 308, 483034",
        "Количество_этажей": 36,
        "Количество_квартир": 252,
        "Год_постройки": "1972",
        "Тип_материала": "кирпич",
        "Площадь_квартиры": 189,
        "Количество_жителей": 311,
        "Наличие_лифта": true,
        "Наличие_охраны": true,
        "Наличие_парковки": false,
        "Расход_энергии_на_дом": 45663,
        "Наличие_спортивного_зала": true,
        "Расстояние_до_центра": 7,
        "Расстояние_до_метро": 5,
        "Расстояние_до_школы": 3
    },
    {
        "Название": "ОАО «Титова-Сафонова»",
        "Адрес": "д. Белогорск (Амур.), ш. Веселое, д. 30, 126421",
        "Количество_этажей": 30,
        "Количество_квартир": 210,
        "Год_постройки": "2011",
        "Тип_материала": "железобетон",
        "Площадь_квартиры": 83,
        "Количество_жителей": 351,
        "Наличие_лифта": true,
        "Наличие_охраны": false,
        "Наличие_парковки": false,
        "Расход_энергии_на_дом": 48773,
        "Наличие_спортивного_зала": true,
        "Расстояние_до_центра": 12,
        "Расстояние_до_метро": 1,
        "Расстояние_до_школы": 3
    },
    {
        "Название": "ООО «Сысоева-Харитонова»",
        "Адрес": "с. Калязин, ул. Запрудная, д. 9/8 к. 7/1, 764206",
        "Количество_этажей": 23,
        "Количество_квартир": 161,
        "Год_постройки": "2014",
        "Тип_материала": "кирпич",
        "Площадь_квартиры": 175,
        "Количество_жителей": 120,
        "Наличие_лифта": true,
        "Наличие_охраны": true,
        "Наличие_парковки": true,
        "Расход_энергии_на_дом": 39465,
        "Наличие_спортивного_зала": true,
        "Расстояние_до_центра": 7,
        "Расстояние_до_метро": 9,
        "Расстояние_до_школы": 2
    },
    {
        "Название": "Сафонов Лимитед",
        "Адрес": "к. Стерлитамак, ш. Водопроводное, д. 51 к. 1/9, 944383",
        "Количество_этажей": 49,
        "Количество_квартир": 343,
        "Год_постройки": "2022",
        "Тип_материала": "железобетон",
        "Площадь_квартиры": 97,
        "Количество_жителей": 390,
        "Наличие_лифта": true,
        "Наличие_охраны": true,
        "Наличие_парковки": false,
        "Расход_энергии_на_дом": 15654,
        "Наличие_спортивного_зала": false,
        "Расстояние_до_центра": 17,
        "Расстояние_до_метро": 7,
        "Расстояние_до_школы": 5
    },
    {
        "Название": "ООО «Попова-Константинов»",
        "Адрес": "ст. Невьянск, пер. Достоевского, д. 75 стр. 8/4, 667215",
        "Количество_этажей": 46,
        "Количество_квартир": 322,
        "Год_постройки": "1984",
        "Тип_материала": "кирпич",
        "Площадь_квартиры": 150,
        "Количество_жителей": 330,
        "Наличие_лифта": true,
        "Наличие_охраны": true,
        "Наличие_парковки": true,
        "Расход_энергии_на_дом": 20673,
        "Наличие_спортивного_зала": false,
        "Расстояние_до_центра": 11,
        "Расстояние_до_метро": 1,
        "Расстояние_до_школы": 4
    },
    {
        "Название": "ИП «Юдина, Брагин и Бирюкова»",
        "Адрес": "ст. Игарка, ш. Заречное, д. 7/1 стр. 66, 312847",
        "Количество_этажей": 43,
        "Количество_квартир": 301,
        "Год_постройки": "2018",
        "Тип_материала": "железобетон",
        "Площадь_квартиры": 77,
        "Количество_жителей": 71,
        "Наличие_лифта": true,
        "Наличие_охраны": true,
        "Наличие_парковки": true,
        "Расход_энергии_на_дом": 21707,
        "Наличие_спортивного_зала": false,
        "Расстояние_до_центра": 14,
        "Расстояние_до_метро": 4,
        "Расстояние_до_школы": 5
    },
    {
        "Название": "Голубев Групп",
        "Адрес": "с. Верхнее Пенжино, ш. Родниковое, д. 703 к. 2/3, 671589",
        "Количество_этажей": 35,
        "Количество_квартир": 245,
        "Год_постройки": "1975",
        "Тип_материала": "кирпич",
        "Площадь_квартиры": 72,
        "Количество_жителей": 411,
        "Наличие_лифта": true,
        "Наличие_охраны": true,
        "Наличие_парковки": true,
        "Расход_энергии_на_дом": 19370,
        "Наличие_спортивного_зала": false,
        "Расстояние_до_центра": 16,
        "Расстояние_до_метро": 9,
        "Расстояние_до_школы": 3
    },
    {
        "Название": "Миронов Инкорпорэйтед",
        "Адрес": "п. Чикола, алл. Горького, д. 4/7 к. 1/9, 393606",
        "Количество_этажей": 43,
        "Количество_квартир": 301,
        "Год_постройки": "2021",
        "Тип_материала": "кирпич",
        "Площадь_квартиры": 169,
        "Количество_жителей": 445,
        "Наличие_лифта": false,
        "Наличие_охраны": false,
        "Наличие_парковки": false,
        "Расход_энергии_на_дом": 40080,
        "Наличие_спортивного_зала": false,
        "Расстояние_до_центра": 1,
        "Расстояние_до_метро": 6,
        "Расстояние_до_школы": 3
    },
    {
        "Название": "Хохлова и партнеры",
        "Адрес": "г. Приморско-Ахтарск, пр. Учительский, д. 1 стр. 16, 722754",
        "Количество_этажей": 29,
        "Количество_квартир": 203,
        "Год_постройки": "2011",
        "Тип_материала": "железобетон",
        "Площадь_квартиры": 132,
        "Количество_жителей": 74,
        "Наличие_лифта": true,
        "Наличие_охраны": true,
        "Наличие_парковки": true,
        "Расход_энергии_на_дом": 21286,
        "Наличие_спортивного_зала": false,
        "Расстояние_до_центра": 12,
        "Расстояние_до_метро": 2,
        "Расстояние_до_школы": 4
    },
    {
        "Название": "ООО «Артемьев Беспалова»",
        "Адрес": "клх Кыштым, бул. Новгородский, д. 77, 187411",
        "Количество_этажей": 29,
        "Количество_квартир": 203,
        "Год_постройки": "2004",
        "Тип_материала": "стекло",
        "Площадь_квартиры": 135,
        "Количество_жителей": 315,
        "Наличие_лифта": true,
        "Наличие_охраны": true,
        "Наличие_парковки": false,
        "Расход_энергии_на_дом": 43990,
        "Наличие_спортивного_зала": true,
        "Расстояние_до_центра": 3,
        "Расстояние_до_метро": 8,
        "Расстояние_до_школы": 1
    },
    {
        "Название": "Бристоль",
        "Адрес": "ст. Магнитогорск, пр. Серова, д. 4 к. 621, 150378",
        "Количество_этажей": 22,
        "Количество_квартир": 154,
        "Год_постройки": "2000",
        "Тип_материала": "стекло",
        "Площадь_квартиры": 164,
        "Количество_жителей": 303,
        "Наличие_лифта": true,
        "Наличие_охраны": true,
        "Наличие_парковки": false,
        "Расход_энергии_на_дом": 15965,
        "Наличие_спортивного_зала": true,
        "Расстояние_до_центра": 18,
        "Расстояние_до_метро": 4,
        "Расстояние_до_школы": 5
    },
    {
        "Название": "Русская медная компания",
        "Адрес": "ст. Звенигород, ш. Кузнецова, д. 41 стр. 434, 564816",
        "Количество_этажей": 39,
        "Количество_квартир": 273,
        "Год_постройки": "1980",
        "Тип_материала": "кирпич",
        "Площадь_квартиры": 115,
        "Количество_жителей": 409,
        "Наличие_лифта": true,
        "Наличие_охраны": false,
        "Наличие_парковки": false,
        "Расход_энергии_на_дом": 15950,
        "Наличие_спортивного_зала": true,
        "Расстояние_до_центра": 3,
        "Расстояние_до_метро": 5,
        "Расстояние_до_школы": 4
    },
    {
        "Название": "ИП «Белозеров Гришин»",
        "Адрес": "п. Игарка, бул. Тукая, д. 3 к. 637, 480169",
        "Количество_этажей": 49,
        "Количество_квартир": 343,
        "Год_постройки": "1982",
        "Тип_материала": "железобетон",
        "Площадь_квартиры": 148,
        "Количество_жителей": 249,
        "Наличие_лифта": false,
        "Наличие_охраны": true,
        "Наличие_парковки": true,
        "Расход_энергии_на_дом": 23693,
        "Наличие_спортивного_зала": false,
        "Расстояние_до_центра": 17,
        "Расстояние_до_метро": 3,
        "Расстояние_до_школы": 5
    },
    {
        "Название": "ЗАО «Владимиров Моисеев»",
        "Адрес": "с. Абакан, бул. Суворова, д. 15 к. 4/4, 669888",
        "Количество_этажей": 27,
        "Количество_квартир": 189,
        "Год_постройки": "2004",
        "Тип_материала": "кирпич",
        "Площадь_квартиры": 162,
        "Количество_жителей": 455,
        "Наличие_лифта": true,
        "Наличие_охраны": true,
        "Наличие_парковки": true,
        "Расход_энергии_на_дом": 31388,
        "Наличие_спортивного_зала": false,
        "Расстояние_до_центра": 19,
        "Расстояние_до_метро": 2,
        "Расстояние_до_школы": 1
    }
]