[
    {
        "Название": "ЗАО «Медведев, Власов и Карпов»",
        "Адрес": "г. Троицк (Моск.), бул. Полтавский, д. 27 стр. 3, 383664",
        "Количество_этажей": 33,
        "Количество_квартир": 231,
        "Год_постройки": "1988",
        "Тип_материала": "железобетон",
        "Площадь_квартиры": 69,
        "Количество_жителей": 288,
        "Наличие_лифта": false,
        "Наличие_охраны": false,
        "Наличие_парковки": false,
        "Расход_энергии_на_дом": 18287,
        "Наличие_спортивного_зала": true,
        "Расстояние_до_центра": 11,
        "Расстояние_до_метро": 6,
        "Расстояние_до_школы": 4
    },
    {
        "Название": "ЗАО «Носков, Колобов и Тихонова»",
        "Адрес": "с. Горячий Ключ, наб. Чайковского, д. 6 к. 3/3, 252064",
        "Количество_этажей": 24,
        "Количество_квартир": 168,
        "Год_постройки": "1981",
        "Тип_материала": "железобетон",
        "Площадь_квартиры": 150,
        "Количество_жителей": 485,
        "Наличие_лифта": false,
        "Наличие_охраны": false,
        "Наличие_парковки": false,
        "Расход_энергии_на_дом": 23892,
        "Наличие_спортивного_зала": false,
        "Расстояние_до_центра": 18,
        "Расстояние_до_метро": 10,
        "Расстояние_до_школы": 3
    },
    {
        "Название": "ИП «Осипов»",
        "Адрес": "с. Карпинск, ш. Герцена, д. 74, 930045",
        "Количество_этажей": 33,
        "Количество_квартир": 231,
        "Год_постройки": "1984",
        "Тип_материала": "железобетон",
        "Площадь_квартиры": 154,
        "Количество_жителей": 444,
        "Наличие_лифта": true,
        "Наличие_охраны": true,
        "Наличие_парковки": true,
        "Расход_энергии_на_дом": 35148,
        "Наличие_спортивного_зала": false,
        "Расстояние_до_центра": 2,
        "Расстояние_до_метро": 5,
        "Расстояние_до_школы": 2
    },
    {
        "Название": "ЗАО «Сысоев, Фролов и Баранов»",
        "Адрес": "с. Черняховск, ш. Славянское, д. 8/5, 517631",
        "Количество_этажей": 39,
        "Количество_квартир": 273,
        "Год_постройки": "2021",
        "Тип_материала": "железобетон",
        "Площадь_квартиры": 144,
        "Количество_жителей": 345,
        "Наличие_лифта": true,
        "Наличие_охраны": true,
        "Наличие_парковки": false,
        "Расход_энергии_на_дом": 36052,
        "Наличие_спортивного_зала": true,
        "Расстояние_до_центра": 10,
        "Расстояние_до_метро": 6,
        "Расстояние_до_школы": 1
    },
    {
        "Название": "Голубева Инк",
        "Адрес": "д. Аргаяш, алл. Студенческая, д. 88, 772956",
        "Количество_этажей": 30,
        "Количество_квартир": 210,
        "Год_постройки": "2013",
        "Тип_материала": "кирпич",
        "Площадь_квартиры": 156,
        "Количество_жителей": 471,
        "Наличие_лифта": true,
        "Наличие_охраны": false,
        "Наличие_парковки": false,
        "Расход_энергии_на_дом": 12332,
        "Наличие_спортивного_зала": false,
        "Расстояние_до_центра": 7,
        "Расстояние_до_метро": 6,
        "Расстояние_до_школы": 1
    },
    {
        "Название": "Южуралзолото ГК",
        "Адрес": "клх Борзя, алл. Транспортная, д. 1/1, 614116",
        "Количество_этажей": 37,
        "Количество_квартир": 259,
        "Год_постройки": "1995",
        "Тип_материала": "кирпич",
        "Площадь_квартиры": 161,
        "Количество_жителей": 56,
        "Наличие_лифта": true,
        "Наличие_охраны": true,
        "Наличие_парковки": true,
        "Расход_энергии_на_дом": 35893,
        "Наличие_спортивного_зала": false,
        "Расстояние_до_центра": 4,
        "Расстояние_до_метро": 7,
        "Расстояние_до_школы": 4
    },
    {
        "Название": "ООО «Дроздов, Суворова и Яковлева»",
        "Адрес": "с. Майкоп, алл. Черняховского, д. 9 стр. 2, 316560",
        "Количество_этажей": 37,
        "Количество_квартир": 259,
        "Год_постройки": "2007",
        "Тип_материала": "железобетон",
        "Площадь_квартиры": 81,
        "Количество_жителей": 328,
        "Наличие_лифта": true,
        "Наличие_охраны": true,
        "Наличие_парковки": false,
        "Расход_энергии_на_дом": 25232,
        "Наличие_спортивного_зала": true,
        "Расстояние_до_центра": 13,
        "Расстояние_до_метро": 9,
        "Расстояние_до_школы": 3
    },
    {
        "Название": "РАО «Михеева»",
        "Адрес": "клх Голицыно, ул. Л.Толстого, д. 8 к. 5/8, 770960",
        "Количество_этажей": 27,
        "Количество_квартир": 189,
        "Год_постройки": "1975",
        "Тип_материала": "кирпич",
        "Площадь_квартиры": 175,
        "Количество_жителей": 473,
        "Наличие_лифта": true,
        "Наличие_охраны": true,
        "Наличие_парковки": false,
        "Расход_энергии_на_дом": 25940,
        "Наличие_спортивного_зала": true,
        "Расстояние_до_центра": 12,
        "Расстояние_до_метро": 10,
        "Расстояние_до_школы": 1
    },
    {
        "Название": "НПО «Григорьев, Баранова и Филиппов»",
        "Адрес": "к. Нефедова, пер. Чапаева, д. 8/6 стр. 9/2, 790587",
        "Количество_этажей": 38,
        "Количество_квартир": 266,
        "Год_постройки": "2012",
        "Тип_материала": "стекло",
        "Площадь_квартиры": 91,
        "Количество_жителей": 58,
        "Наличие_лифта": false,
        "Наличие_охраны": true,
        "Наличие_парковки": false,
        "Расход_энергии_на_дом": 41435,
        "Наличие_спортивного_зала": true,
        "Расстояние_до_центра": 17,
        "Расстояние_до_метро": 2,
        "Расстояние_до_школы": 5
    },
    {
        "Название": "АХ Степь",
        "Адрес": "д. Обнинск, алл. Юбилейная, д. 4/3, 117053",
        "Количество_этажей": 29,
        "Количество_квартир": 203,
        "Год_постройки": "1973",
        "Тип_материала": "железобетон",
        "Площадь_квартиры": 83,
        "Количество_жителей": 367,
        "Наличие_лифта": true,
        "Наличие_охраны": true,
        "Наличие_парковки": false,
        "Расход_энергии_на_дом": 40403,
        "Наличие_спортивного_зала": true,
        "Расстояние_до_центра": 11,
        "Расстояние_до_метро": 10,
        "Расстояние_до_школы": 2
    },
    {
        "Название": "Ресурс",
        "Адрес": "с. Ербогачен, ул. Лазурная, д. 622, 982208",
        "Количество_этажей": 46,
        "Количество_квартир": 322,
        "Год_постройки": "1970",
        "Тип_материала": "железобетон",
        "Площадь_квартиры": 149,
        "Количество_жителей": 324,
        "Наличие_лифта": true,
        "Наличие_охраны": false,
        "Наличие_парковки": false,
        "Расход_энергии_на_дом": 26756,
        "Наличие_спортивного_зала": true,
        "Расстояние_до_центра": 11,
        "Расстояние_до_метро": 3,
        "Расстояние_до_школы": 3
    },
    {
        "Название": "ЗАО «Кузнецов, Исакова и Новикова»",
        "Адрес": "ст. Можайск, ш. Ивановское, д. 302 к. 7, 087831",
        "Количество_этажей": 25,
        "Количество_квартир": 175,
        "Год_постройки": "1974",
        "Тип_материала": "стекло",
        "Площадь_квартиры": 98,
        "Количество_жителей": 371,
        "Наличие_лифта": false,
        "Наличие_охраны": true,
        "Наличие_парковки": true,
        "Расход_энергии_на_дом": 21388,
        "Наличие_спортивного_зала": true,
        "Расстояние_до_центра": 5,
        "Расстояние_до_метро": 6,
        "Расстояние_до_школы": 1
    },
    {
        "Название": "АО «Шарапов, Меркушев и Блохина»",
        "Адрес": "ст. Анапа, ш. Тюленина, д. 2/1, 795857",
        "Количество_этажей": 38,
        "Количество_квартир": 266,
        "Год_постройки": "2019",
        "Тип_материала": "кирпич",
        "Площадь_квартиры": 167,
        "Количество_жителей": 75,
        "Наличие_лифта": true,
        "Наличие_охраны": true,
        "Наличие_парковки": true,
        "Расход_энергии_на_дом": 22335,
        "Наличие_спортивного_зала": true,
        "Расстояние_до_центра": 15,
        "Расстояние_до_метро": 3,
        "Расстояние_до_школы": 4
    },
    {
        "Название": "Денисов Лимитед",
        "Адрес": "п. Рославль, пер. Ростовский, д. 29, 744108",
        "Количество_этажей": 27,
        "Количество_квартир": 189,
        "Год_постройки": "1971",
        "Тип_материала": "стекло",
        "Площадь_квартиры": 188,
        "Количество_жителей": 475,
        "Наличие_лифта": true,
        "Наличие_охраны": true,
        "Наличие_парковки": false,
        "Расход_энергии_на_дом": 38415,
        "Наличие_спортивного_зала": false,
        "Расстояние_до_центра": 5,
        "Расстояние_до_метро": 4,
        "Расстояние_до_школы": 2
    },
    {
        "Название": "М Фэшн",
        "Адрес": "г. Кирово-Чепецк, ул. Логовая, д. 308 стр. 345, 366266",
        "Количество_этажей": 45,
        "Количество_квартир": 315,
        "Год_постройки": "1987",
        "Тип_материала": "стекло",
        "Площадь_квартиры": 159,
        "Количество_жителей": 325,
        "Наличие_лифта": true,
        "Наличие_охраны": true,
        "Наличие_парковки": false,
        "Расход_энергии_на_дом": 23020,
        "Наличие_спортивного_зала": false,
        "Расстояние_до_центра": 14,
        "Расстояние_до_метро": 10,
        "Расстояние_до_школы": 2
    }
]