[
    {
        "Название": "Мартынов Инкорпорэйтед",
        "Адрес": "ст. Кош-Агач, пр. Тукая, д. 4/1, 490804",
        "Количество_этажей": 20,
        "Количество_квартир": 140,
        "Год_постройки": "1991",
        "Тип_материала": "железобетон",
        "Площадь_квартиры": 132,
        "Количество_жителей": 230,
        "Наличие_лифта": true,
        "Наличие_охраны": false,
        "Наличие_парковки": false,
        "Расход_энергии_на_дом": 39549,
        "Наличие_спортивного_зала": true,
        "Расстояние_до_центра": 20,
        "Расстояние_до_метро": 8,
        "Расстояние_до_школы": 1
    },
    {
        "Название": "АО «Муравьева-Новикова»",
        "Адрес": "с. Невельск, ул. Нижняя, д. 2/1, 977962",
        "Количество_этажей": 47,
        "Количество_квартир": 329,
        "Год_постройки": "2000",
        "Тип_материала": "кирпич",
        "Площадь_квартиры": 105,
        "Количество_жителей": 172,
        "Наличие_лифта": true,
        "Наличие_охраны": false,
        "Наличие_парковки": false,
        "Расход_энергии_на_дом": 10586,
        "Наличие_спортивного_зала": false,
        "Расстояние_до_центра": 5,
        "Расстояние_до_метро": 9,
        "Расстояние_до_школы": 1
    },
    {
        "Название": "ООО «Горшкова»",
        "Адрес": "ст. Ступино, ул. Ключевая, д. 493 стр. 4, 107855",
        "Количество_этажей": 38,
        "Количество_квартир": 266,
        "Год_постройки": "1992",
        "Тип_материала": "железобетон",
        "Площадь_квартиры": 199,
        "Количество_жителей": 262,
        "Наличие_лифта": true,
        "Наличие_охраны": true,
        "Наличие_парковки": false,
        "Расход_энергии_на_дом": 25281,
        "Наличие_спортивного_зала": true,
        "Расстояние_до_центра": 2,
        "Расстояние_до_метро": 8,
        "Расстояние_до_школы": 1
    },
    {
        "Название": "ЗАО «Пономарева Турова»",
        "Адрес": "клх Верхний Уфалей, ш. Революционное, д. 3/9 стр. 3/4, 114460",
        "Количество_этажей": 37,
        "Количество_квартир": 259,
        "Год_постройки": "2002",
        "Тип_материала": "железобетон",
        "Площадь_квартиры": 154,
        "Количество_жителей": 225,
        "Наличие_лифта": true,
        "Наличие_охраны": true,
        "Наличие_парковки": true,
        "Расход_энергии_на_дом": 32928,
        "Наличие_спортивного_зала": true,
        "Расстояние_до_центра": 4,
        "Расстояние_до_метро": 5,
        "Расстояние_до_школы": 3
    },
    {
        "Название": "ЗАО «Кудряшов Никифорова»",
        "Адрес": "д. Лесной (Сверд.), ул. Новоселов, д. 829 к. 8/1, 727403",
        "Количество_этажей": 33,
        "Количество_квартир": 231,
        "Год_постройки": "1999",
        "Тип_материала": "кирпич",
        "Площадь_квартиры": 139,
        "Количество_жителей": 53,
        "Наличие_лифта": true,
        "Наличие_охраны": true,
        "Наличие_парковки": false,
        "Расход_энергии_на_дом": 18732,
        "Наличие_спортивного_зала": true,
        "Расстояние_до_центра": 13,
        "Расстояние_до_метро": 3,
        "Расстояние_до_школы": 2
    },
    {
        "Название": "ОАО «Пономарева-Павлова»",
        "Адрес": "г. Новая Игирма, бул. Раздольный, д. 2/6 к. 296, 782345",
        "Количество_этажей": 23,
        "Количество_квартир": 161,
        "Год_постройки": "2008",
        "Тип_материала": "стекло",
        "Площадь_квартиры": 187,
        "Количество_жителей": 65,
        "Наличие_лифта": false,
        "Наличие_охраны": true,
        "Наличие_парковки": false,
        "Расход_энергии_на_дом": 36240,
        "Наличие_спортивного_зала": false,
        "Расстояние_до_центра": 17,
        "Расстояние_до_метро": 2,
        "Расстояние_до_школы": 1
    },
    {
        "Название": "Филатов Лимитед",
        "Адрес": "с. Октябрьское (Челяб.), бул. Тамбовский, д. 725 стр. 5, 508616",
        "Количество_этажей": 48,
        "Количество_квартир": 336,
        "Год_постройки": "2002",
        "Тип_материала": "стекло",
        "Площадь_квартиры": 109,
        "Количество_жителей": 52,
        "Наличие_лифта": true,
        "Наличие_охраны": true,
        "Наличие_парковки": false,
        "Расход_энергии_на_дом": 29227,
        "Наличие_спортивного_зала": false,
        "Расстояние_до_центра": 8,
        "Расстояние_до_метро": 7,
        "Расстояние_до_школы": 1
    },
    {
        "Название": "Одинцов Инкорпорэйтед",
        "Адрес": "с. Томпа, бул. Вишневый, д. 419 стр. 95, 392301",
        "Количество_этажей": 39,
        "Количество_квартир": 273,
        "Год_постройки": "1985",
        "Тип_материала": "кирпич",
        "Площадь_квартиры": 198,
        "Количество_жителей": 162,
        "Наличие_лифта": true,
        "Наличие_охраны": true,
        "Наличие_парковки": true,
        "Расход_энергии_на_дом": 45110,
        "Наличие_спортивного_зала": false,
        "Расстояние_до_центра": 11,
        "Расстояние_до_метро": 9,
        "Расстояние_до_школы": 1
    },
    {
        "Название": "НПО «Гуляева Михайлова»",
        "Адрес": "к. Тымовское, алл. Фурманова, д. 35, 428005",
        "Количество_этажей": 43,
        "Количество_квартир": 301,
        "Год_постройки": "1978",
        "Тип_материала": "железобетон",
        "Площадь_квартиры": 196,
        "Количество_жителей": 93,
        "Наличие_лифта": true,
        "Наличие_охраны": true,
        "Наличие_парковки": false,
        "Расход_энергии_на_дом": 48691,
        "Наличие_спортивного_зала": false,
        "Расстояние_до_центра": 6,
        "Расстояние_до_метро": 7,
        "Расстояние_до_школы": 4
    },
    {
        "Название": "ИП «Дьячкова Щербаков»",
        "Адрес": "клх Новочеркасск, ш. Привокзальное, д. 730 стр. 66, 618961",
        "Количество_этажей": 41,
        "Количество_квартир": 287,
        "Год_постройки": "1980",
        "Тип_материала": "стекло",
        "Площадь_квартиры": 151,
        "Количество_жителей": 329,
        "Наличие_лифта": true,
        "Наличие_охраны": true,
        "Наличие_парковки": true,
        "Расход_энергии_на_дом": 37814,
        "Наличие_спортивного_зала": true,
        "Расстояние_до_центра": 6,
        "Расстояние_до_метро": 8,
        "Расстояние_до_школы": 5
    },
    {
        "Название": "ОАО «Коновалова Мясникова»",
        "Адрес": "ст. Соловки, бул. Максима Горького, д. 4/7 к. 7/6, 051321",
        "Количество_этажей": 26,
        "Количество_квартир": 182,
        "Год_постройки": "2004",
        "Тип_материала": "стекло",
        "Площадь_квартиры": 106,
        "Количество_жителей": 361,
        "Наличие_лифта": true,
        "Наличие_охраны": true,
        "Наличие_парковки": false,
        "Расход_энергии_на_дом": 39565,
        "Наличие_спортивного_зала": false,
        "Расстояние_до_центра": 20,
        "Расстояние_до_метро": 7,
        "Расстояние_до_школы": 4
    },
    {
        "Название": "ЗАО «Поляков, Елисеев и Бирюкова»",
        "Адрес": "ст. Карпинск, наб. Максима Горького, д. 8/8, 558666",
        "Количество_этажей": 49,
        "Количество_квартир": 343,
        "Год_постройки": "1988",
        "Тип_материала": "стекло",
        "Площадь_квартиры": 176,
        "Количество_жителей": 94,
        "Наличие_лифта": false,
        "Наличие_охраны": true,
        "Наличие_парковки": true,
        "Расход_энергии_на_дом": 23313,
        "Наличие_спортивного_зала": true,
        "Расстояние_до_центра": 19,
        "Расстояние_до_метро": 10,
        "Расстояние_до_школы": 5
    },
    {
        "Название": "АО «Антонова»",
        "Адрес": "с. Асино, пер. Азина, д. 166 к. 8, 755289",
        "Количество_этажей": 40,
        "Количество_квартир": 280,
        "Год_постройки": "1978",
        "Тип_материала": "железобетон",
        "Площадь_квартиры": 102,
        "Количество_жителей": 243,
        "Наличие_лифта": true,
        "Наличие_охраны": false,
        "Наличие_парковки": false,
        "Расход_энергии_на_дом": 34240,
        "Наличие_спортивного_зала": false,
        "Расстояние_до_центра": 15,
        "Расстояние_до_метро": 7,
        "Расстояние_до_школы": 1
    },
    {
        "Название": "ОАО «Мишина, Быков и Селезнев»",
        "Адрес": "с. Ершов, ул. Индустриальная, д. 307 к. 247, 219299",
        "Количество_этажей": 50,
        "Количество_квартир": 350,
        "Год_постройки": "2015",
        "Тип_материала": "железобетон",
        "Площадь_квартиры": 188,
        "Количество_жителей": 171,
        "Наличие_лифта": true,
        "Наличие_охраны": true,
        "Наличие_парковки": false,
        "Расход_энергии_на_дом": 18258,
        "Наличие_спортивного_зала": true,
        "Расстояние_до_центра": 9,
        "Расстояние_до_метро": 4,
        "Расстояние_до_школы": 1
    },
    {
        "Название": "РАО «Артемьев-Орлов»",
        "Адрес": "клх Билибино, наб. Плеханова, д. 26 к. 731, 034961",
        "Количество_этажей": 46,
        "Количество_квартир": 322,
        "Год_постройки": "2014",
        "Тип_материала": "кирпич",
        "Площадь_квартиры": 76,
        "Количество_жителей": 254,
        "Наличие_лифта": false,
        "Наличие_охраны": true,
        "Наличие_парковки": true,
        "Расход_энергии_на_дом": 31048,
        "Наличие_спортивного_зала": false,
        "Расстояние_до_центра": 19,
        "Расстояние_до_метро": 2,
        "Расстояние_до_школы": 4
    }
]