[
    {
        "Название": "Мартынова Групп",
        "Адрес": "г. Семлячики, наб. Водников, д. 6, 030539",
        "Количество_этажей": 35,
        "Количество_квартир": 245,
        "Год_постройки": "1992",
        "Тип_материала": "кирпич",
        "Площадь_квартиры": 170,
        "Количество_жителей": 263,
        "Наличие_лифта": true,
        "Наличие_охраны": true,
        "Наличие_парковки": false,
        "Расход_энергии_на_дом": 12699,
        "Наличие_спортивного_зала": false,
        "Расстояние_до_центра": 12,
        "Расстояние_до_метро": 8,
        "Расстояние_до_школы": 2
    },
    {
        "Название": "РАО «Маслова-Федоров»",
        "Адрес": "п. Губаха, бул. Енисейский, д. 3 к. 78, 999013",
        "Количество_этажей": 43,
        "Количество_квартир": 301,
        "Год_постройки": "2010",
        "Тип_материала": "кирпич",
        "Площадь_квартиры": 151,
        "Количество_жителей": 339,
        "Наличие_лифта": true,
        "Наличие_охраны": true,
        "Наличие_парковки": false,
        "Расход_энергии_на_дом": 48563,
        "Наличие_спортивного_зала": false,
        "Расстояние_до_центра": 20,
        "Расстояние_до_метро": 8,
        "Расстояние_до_школы": 2
    },
    {
        "Название": "ОАО «Симонова»",
        "Адрес": "клх Нальчик, ш. Моховое, д. 44 стр. 9, 653541",
        "Количество_этажей": 28,
        "Количество_квартир": 196,
        "Год_постройки": "1987",
        "Тип_материала": "железобетон",
        "Площадь_квартиры": 84,
        "Количество_жителей": 481,
        "Наличие_лифта": true,
        "Наличие_охраны": true,
        "Наличие_парковки": false,
        "Расход_энергии_на_дом": 29625,
        "Наличие_спортивного_зала": true,
        "Расстояние_до_центра": 10,
        "Расстояние_до_метро": 9,
        "Расстояние_до_школы": 5
    },
    {
        "Название": "Роснефть",
        "Адрес": "ст. Юрьев-Польский, ш. Герцена, д. 25, 426096",
        "Количество_этажей": 48,
        "Количество_квартир": 336,
        "Год_постройки": "2005",
        "Тип_материала": "стекло",
        "Площадь_квартиры": 87,
        "Количество_жителей": 452,
        "Наличие_лифта": true,
        "Наличие_охраны": true,
        "Наличие_парковки": true,
        "Расход_энергии_на_дом": 24744,
        "Наличие_спортивного_зала": true,
        "Расстояние_до_центра": 12,
        "Расстояние_до_метро": 6,
        "Расстояние_до_школы": 2
    },
    {
        "Название": "Мария-Ра",
        "Адрес": "д. Лабытнанги, алл. Шолохова, д. 66, 209416",
        "Количество_этажей": 35,
        "Количество_квартир": 245,
        "Год_постройки": "1973",
        "Тип_материала": "кирпич",
        "Площадь_квартиры": 182,
        "Количество_жителей": 362,
        "Наличие_лифта": true,
        "Наличие_охраны": true,
        "Наличие_парковки": false,
        "Расход_энергии_на_дом": 10148,
        "Наличие_спортивного_зала": false,
        "Расстояние_до_центра": 17,
        "Расстояние_до_метро": 2,
        "Расстояние_до_школы": 4
    },
    {
        "Название": "ОАО «Юдина Щукина»",
        "Адрес": "клх Находка, бул. Маркса Карла, д. 4/6 к. 29, 755350",
        "Количество_этажей": 45,
        "Количество_квартир": 315,
        "Год_постройки": "2009",
        "Тип_материала": "железобетон",
        "Площадь_квартиры": 88,
        "Количество_жителей": 364,
        "Наличие_лифта": true,
        "Наличие_охраны": true,
        "Наличие_парковки": false,
        "Расход_энергии_на_дом": 21659,
        "Наличие_спортивного_зала": true,
        "Расстояние_до_центра": 18,
        "Расстояние_до_метро": 9,
        "Расстояние_до_школы": 4
    },
    {
        "Название": "НПО «Медведева-Корнилова»",
        "Адрес": "к. Ржев, ул. Чайковского, д. 3, 643575",
        "Количество_этажей": 43,
        "Количество_квартир": 301,
        "Год_постройки": "1992",
        "Тип_материала": "стекло",
        "Площадь_квартиры": 51,
        "Количество_жителей": 168,
        "Наличие_лифта": true,
        "Наличие_охраны": true,
        "Наличие_парковки": true,
        "Расход_энергии_на_дом": 20335,
        "Наличие_спортивного_зала": false,
        "Расстояние_до_центра": 17,
        "Расстояние_до_метро": 3,
        "Расстояние_до_школы": 1
    },
    {
        "Название": "ООО «Кузнецов-Филиппова»",
        "Адрес": "ст. Киренск, бул. Максима Горького, д. 772 стр. 9/5, 484013",
        "Количество_этажей": 48,
        "Количество_квартир": 336,
        "Год_постройки": "1999",
        "Тип_материала": "кирпич",
        "Площадь_квартиры": 150,
        "Количество_жителей": 207,
        "Наличие_лифта": true,
        "Наличие_охраны": false,
        "Наличие_парковки": false,
        "Расход_энергии_на_дом": 46053,
        "Наличие_спортивного_зала": true,
        "Расстояние_до_центра": 8,
        "Расстояние_до_метро": 5,
        "Расстояние_до_школы": 3
    },
    {
        "Название": "ОПХ (Heineken)",
        "Адрес": "клх Волхов, бул. Щербакова, д. 7 стр. 5/5, 481043",
        "Количество_этажей": 32,
        "Количество_квартир": 224,
        "Год_постройки": "2014",
        "Тип_материала": "стекло",
        "Площадь_квартиры": 149,
        "Количество_жителей": 95,
        "Наличие_лифта": true,
        "Наличие_охраны": true,
        "Наличие_парковки": true,
        "Расход_энергии_на_дом": 23668,
        "Наличие_спортивного_зала": true,
        "Расстояние_до_центра": 9,
        "Расстояние_до_метро": 7,
        "Расстояние_до_школы": 5
    },
    {
        "Название": "ЗАО «Прохорова, Савина и Фадеев»",
        "Адрес": "с. Великие Луки, бул. Севастопольский, д. 44 стр. 485, 960216",
        "Количество_этажей": 36,
        "Количество_квартир": 252,
        "Год_постройки": "1999",
        "Тип_материала": "кирпич",
        "Площадь_квартиры": 81,
        "Количество_жителей": 94,
        "Наличие_лифта": true,
        "Наличие_охраны": false,
        "Наличие_парковки": true,
        "Расход_энергии_на_дом": 28175,
        "Наличие_спортивного_зала": true,
        "Расстояние_до_центра": 8,
        "Расстояние_до_метро": 6,
        "Расстояние_до_школы": 4
    },
    {
        "Название": "АО «Бурова Коновалов»",
        "Адрес": "клх Сковородино, пр. Мельничный, д. 68 стр. 2, 435259",
        "Количество_этажей": 45,
        "Количество_квартир": 315,
        "Год_постройки": "1974",
        "Тип_материала": "кирпич",
        "Площадь_квартиры": 181,
        "Количество_жителей": 184,
        "Наличие_лифта": true,
        "Наличие_охраны": true,
        "Наличие_парковки": true,
        "Расход_энергии_на_дом": 43712,
        "Наличие_спортивного_зала": true,
        "Расстояние_до_центра": 15,
        "Расстояние_до_метро": 9,
        "Расстояние_до_школы": 3
    },
    {
        "Название": "ООО «Волкова, Андреев и Ефремов»",
        "Адрес": "с. Новомосковск, ул. Лесхозная, д. 726 к. 47, 381473",
        "Количество_этажей": 50,
        "Количество_квартир": 350,
        "Год_постройки": "1990",
        "Тип_материала": "железобетон",
        "Площадь_квартиры": 87,
        "Количество_жителей": 140,
        "Наличие_лифта": true,
        "Наличие_охраны": true,
        "Наличие_парковки": false,
        "Расход_энергии_на_дом": 23416,
        "Наличие_спортивного_зала": true,
        "Расстояние_до_центра": 8,
        "Расстояние_до_метро": 2,
        "Расстояние_до_школы": 2
    },
    {
        "Название": "ИП «Денисова Наумов»",
        "Адрес": "ст. Палана, ул. Мельничная, д. 5/9 стр. 24, 721106",
        "Количество_этажей": 28,
        "Количество_квартир": 196,
        "Год_постройки": "2023",
        "Тип_материала": "железобетон",
        "Площадь_квартиры": 162,
        "Количество_жителей": 452,
        "Наличие_лифта": true,
        "Наличие_охраны": true,
        "Наличие_парковки": true,
        "Расход_энергии_на_дом": 46484,
        "Наличие_спортивного_зала": false,
        "Расстояние_до_центра": 5,
        "Расстояние_до_метро": 8,
        "Расстояние_до_школы": 3
    },
    {
        "Название": "Независимая нефтегазовая компания",
        "Адрес": "г. Магадан, пер. Восточный, д. 3/1, 213312",
        "Количество_этажей": 30,
        "Количество_квартир": 210,
        "Год_постройки": "2012",
        "Тип_материала": "стекло",
        "Площадь_квартиры": 180,
        "Количество_жителей": 59,
        "Наличие_лифта": true,
        "Наличие_охраны": false,
        "Наличие_парковки": false,
        "Расход_энергии_на_дом": 25901,
        "Наличие_спортивного_зала": true,
        "Расстояние_до_центра": 10,
        "Расстояние_до_метро": 3,
        "Расстояние_до_школы": 4
    },
    {
        "Название": "Муравьев Лимитед",
        "Адрес": "г. Нижневартовск, наб. Волочаевская, д. 80, 415191",
        "Количество_этажей": 20,
        "Количество_квартир": 140,
        "Год_постройки": "1973",
        "Тип_материала": "железобетон",
        "Площадь_квартиры": 93,
        "Количество_жителей": 404,
        "Наличие_лифта": true,
        "Наличие_охраны": false,
        "Наличие_парковки": true,
        "Расход_энергии_на_дом": 45704,
        "Наличие_спортивного_зала": true,
        "Расстояние_до_центра": 18,
        "Расстояние_до_метро": 5,
        "Расстояние_до_школы": 3
    }
]