[
    {
        "Название": "Гуляева и партнеры",
        "Адрес": "к. Архыз, ул. Металлистов, д. 4 стр. 34, 391156",
        "Количество_этажей": 49,
        "Количество_квартир": 343,
        "Год_постройки": "2007",
        "Тип_материала": "железобетон",
        "Площадь_квартиры": 163,
        "Количество_жителей": 408,
        "Наличие_лифта": true,
        "Наличие_охраны": true,
        "Наличие_парковки": false,
        "Расход_энергии_на_дом": 44904,
        "Наличие_спортивного_зала": false,
        "Расстояние_до_центра": 4,
        "Расстояние_до_метро": 8,
        "Расстояние_до_школы": 1
    },
    {
        "Название": "НПО «Сысоев, Котов и Виноградов»",
        "Адрес": "г. Соболево, ш. Осипенко, д. 666 к. 1/9, 700370",
        "Количество_этажей": 43,
        "Количество_квартир": 301,
        "Год_постройки": "2004",
        "Тип_материала": "железобетон",
        "Площадь_квартиры": 150,
        "Количество_жителей": 375,
        "Наличие_лифта": true,
        "Наличие_охраны": false,
        "Наличие_парковки": false,
        "Расход_энергии_на_дом": 18917,
        "Наличие_спортивного_зала": true,
        "Расстояние_до_центра": 6,
        "Расстояние_до_метро": 8,
        "Расстояние_до_школы": 4
    },
    {
        "Название": "РАО «Журавлев-Меркушев»",
        "Адрес": "г. Курумкан, ул. Детская, д. 89 стр. 9/2, 807418",
        "Количество_этажей": 23,
        "Количество_квартир": 161,
        "Год_постройки": "2005",
        "Тип_материала": "стекло",
        "Площадь_квартиры": 65,
        "Количество_жителей": 437,
        "Наличие_лифта": true,
        "Наличие_охраны": true,
        "Наличие_парковки": true,
        "Расход_энергии_на_дом": 48344,
        "Наличие_спортивного_зала": false,
        "Расстояние_до_центра": 6,
        "Расстояние_до_метро": 5,
        "Расстояние_до_школы": 4
    },
    {
        "Название": "АО «Александров Тимофеев»",
        "Адрес": "г. Оса, пр. Восточный, д. 75, 665524",
        "Количество_этажей": 21,
        "Количество_квартир": 147,
        "Год_постройки": "1984",
        "Тип_материала": "стекло",
        "Площадь_квартиры": 88,
        "Количество_жителей": 58,
        "Наличие_лифта": true,
        "Наличие_охраны": false,
        "Наличие_парковки": true,
        "Расход_энергии_на_дом": 26243,
        "Наличие_спортивного_зала": false,
        "Расстояние_до_центра": 4,
        "Расстояние_до_метро": 2,
        "Расстояние_до_школы": 5
    },
    {
        "Название": "ЗАО «Коновалов, Цветкова и Карпова»",
        "Адрес": "с. Ахтубинск, ш. Болотное, д. 4/2 к. 896, 562771",
        "Количество_этажей": 50,
        "Количество_квартир": 350,
        "Год_постройки": "1982",
        "Тип_материала": "железобетон",
        "Площадь_квартиры": 188,
        "Количество_жителей": 406,
        "Наличие_лифта": true,
        "Наличие_охраны": true,
        "Наличие_парковки": false,
        "Расход_энергии_на_дом": 11761,
        "Наличие_спортивного_зала": true,
        "Расстояние_до_центра": 2,
        "Расстояние_до_метро": 3,
        "Расстояние_до_школы": 2
    },
    {
        "Название": "ИП «Воробьев Кондратьева»",
        "Адрес": "д. Змеиногорск, пер. Короленко, д. 7 стр. 3/1, 440189",
        "Количество_этажей": 36,
        "Количество_квартир": 252,
        "Год_постройки": "1993",
        "Тип_материала": "железобетон",
        "Площадь_квартиры": 133,
        "Количество_жителей": 89,
        "Наличие_лифта": true,
        "Наличие_охраны": true,
        "Наличие_парковки": false,
        "Расход_энергии_на_дом": 45866,
        "Наличие_спортивного_зала": false,
        "Расстояние_до_центра": 2,
        "Расстояние_до_метро": 7,
        "Расстояние_до_школы": 2
    },
    {
        "Название": "РАО «Родионова-Хохлова»",
        "Адрес": "клх Домодедово, ш. Дачное, д. 9/1, 635292",
        "Количество_этажей": 49,
        "Количество_квартир": 343,
        "Год_постройки": "1986",
        "Тип_материала": "железобетон",
        "Площадь_квартиры": 194,
        "Количество_жителей": 173,
        "Наличие_лифта": false,
        "Наличие_охраны": true,
        "Наличие_парковки": true,
        "Расход_энергии_на_дом": 29900,
        "Наличие_спортивного_зала": true,
        "Расстояние_до_центра": 15,
        "Расстояние_до_метро": 7,
        "Расстояние_до_школы": 3
    },
    {
        "Название": "Детский мир",
        "Адрес": "п. Яшкуль, алл. Мусы Джалиля, д. 3/2 стр. 7/2, 069639",
        "Количество_этажей": 31,
        "Количество_квартир": 217,
        "Год_постройки": "1995",
        "Тип_материала": "кирпич",
        "Площадь_квартиры": 54,
        "Количество_жителей": 150,
        "Наличие_лифта": true,
        "Наличие_охраны": false,
        "Наличие_парковки": false,
        "Расход_энергии_на_дом": 16404,
        "Наличие_спортивного_зала": true,
        "Расстояние_до_центра": 18,
        "Расстояние_до_метро": 8,
        "Расстояние_до_школы": 5
    },
    {
        "Название": "Вишняков Лтд",
        "Адрес": "клх Самара, ш. Тюленина, д. 2/3, 981949",
        "Количество_этажей": 34,
        "Количество_квартир": 238,
        "Год_постройки": "1975",
        "Тип_материала": "железобетон",
        "Площадь_квартиры": 142,
        "Количество_жителей": 294,
        "Наличие_лифта": false,
        "Наличие_охраны": true,
        "Наличие_парковки": true,
        "Расход_энергии_на_дом": 48962,
        "Наличие_спортивного_зала": false,
        "Расстояние_до_центра": 7,
        "Расстояние_до_метро": 5,
        "Расстояние_до_школы": 4
    },
    {
        "Название": "ЗАО «Владимиров-Бобылева»",
        "Адрес": "г. Кяхта, ул. Розы Люксембург, д. 62, 492209",
        "Количество_этажей": 43,
        "Количество_квартир": 301,
        "Год_постройки": "2017",
        "Тип_материала": "железобетон",
        "Площадь_квартиры": 195,
        "Количество_жителей": 383,
        "Наличие_лифта": true,
        "Наличие_охраны": true,
        "Наличие_парковки": false,
        "Расход_энергии_на_дом": 12323,
        "Наличие_спортивного_зала": false,
        "Расстояние_до_центра": 9,
        "Расстояние_до_метро": 3,
        "Расстояние_до_школы": 5
    },
    {
        "Название": "Карпова Лимитед",
        "Адрес": "клх Ижевск, ул. Калинина, д. 56, 310476",
        "Количество_этажей": 45,
        "Количество_квартир": 315,
        "Год_постройки": "2014",
        "Тип_материала": "кирпич",
        "Площадь_квартиры": 59,
        "Количество_жителей": 110,
        "Наличие_лифта": true,
        "Наличие_охраны": false,
        "Наличие_парковки": true,
        "Расход_энергии_на_дом": 20322,
        "Наличие_спортивного_зала": false,
        "Расстояние_до_центра": 3,
        "Расстояние_до_метро": 6,
        "Расстояние_до_школы": 2
    },
    {
        "Название": "АО «Бобылева»",
        "Адрес": "к. Углич, ш. Майское, д. 369 к. 17, 866158",
        "Количество_этажей": 42,
        "Количество_квартир": 294,
        "Год_постройки": "1982",
        "Тип_материала": "стекло",
        "Площадь_квартиры": 138,
        "Количество_жителей": 104,
        "Наличие_лифта": true,
        "Наличие_охраны": false,
        "Наличие_парковки": true,
        "Расход_энергии_на_дом": 49814,
        "Наличие_спортивного_зала": false,
        "Расстояние_до_центра": 12,
        "Расстояние_до_метро": 5,
        "Расстояние_до_школы": 5
    },
    {
        "Название": "ГВСУ по специальным объектам",
        "Адрес": "ст. Шелехов, наб. Коммуны, д. 70 стр. 57, 749744",
        "Количество_этажей": 38,
        "Количество_квартир": 266,
        "Год_постройки": "1976",
        "Тип_материала": "железобетон",
        "Площадь_квартиры": 114,
        "Количество_жителей": 349,
        "Наличие_лифта": false,
        "Наличие_охраны": false,
        "Наличие_парковки": false,
        "Расход_энергии_на_дом": 27954,
        "Наличие_спортивного_зала": false,
        "Расстояние_до_центра": 5,
        "Расстояние_до_метро": 1,
        "Расстояние_до_школы": 3
    },
    {
        "Название": "НПО «Маслова Савин»",
        "Адрес": "к. Красноярск, бул. Сосновый, д. 8, 219098",
        "Количество_этажей": 25,
        "Количество_квартир": 175,
        "Год_постройки": "2001",
        "Тип_материала": "железобетон",
        "Площадь_квартиры": 141,
        "Количество_жителей": 436,
        "Наличие_лифта": false,
        "Наличие_охраны": false,
        "Наличие_парковки": false,
        "Расход_энергии_на_дом": 49032,
        "Наличие_спортивного_зала": false,
        "Расстояние_до_центра": 7,
        "Расстояние_до_метро": 1,
        "Расстояние_до_школы": 5
    },
    {
        "Название": "Белгранкорм-холдинг",
        "Адрес": "клх Богучар, пр. Клубный, д. 4 стр. 4, 992598",
        "Количество_этажей": 49,
        "Количество_квартир": 343,
        "Год_постройки": "2002",
        "Тип_материала": "кирпич",
        "Площадь_квартиры": 105,
        "Количество_жителей": 415,
        "Наличие_лифта": true,
        "Наличие_охраны": true,
        "Наличие_парковки": false,
        "Расход_энергии_на_дом": 19617,
        "Наличие_спортивного_зала": true,
        "Расстояние_до_центра": 2,
        "Расстояние_до_метро": 6,
        "Расстояние_до_школы": 2
    }
]