[
    {
        "Название": "ООО «Федоров-Савельев»",
        "Адрес": "д. Агата, пр. Ярославский, д. 315 стр. 1/1, 473866",
        "Количество_этажей": 28,
        "Количество_квартир": 196,
        "Год_постройки": "2005",
        "Тип_материала": "кирпич",
        "Площадь_квартиры": 57,
        "Количество_жителей": 157,
        "Наличие_лифта": true,
        "Наличие_охраны": false,
        "Наличие_парковки": false,
        "Расход_энергии_на_дом": 43409,
        "Наличие_спортивного_зала": true,
        "Расстояние_до_центра": 1,
        "Расстояние_до_метро": 5,
        "Расстояние_до_школы": 5
    },
    {
        "Название": "Артис-Агро Экспорт",
        "Адрес": "к. Гаврилов-Ям, пер. Покровский, д. 9 стр. 97, 165146",
        "Количество_этажей": 22,
        "Количество_квартир": 154,
        "Год_постройки": "1998",
        "Тип_материала": "кирпич",
        "Площадь_квартиры": 56,
        "Количество_жителей": 89,
        "Наличие_лифта": true,
        "Наличие_охраны": true,
        "Наличие_парковки": true,
        "Расход_энергии_на_дом": 40598,
        "Наличие_спортивного_зала": false,
        "Расстояние_до_центра": 1,
        "Расстояние_до_метро": 1,
        "Расстояние_до_школы": 3
    },
    {
        "Название": "Николаева и партнеры",
        "Адрес": "д. Зеленоград, ул. Маркса Карла, д. 1, 744709",
        "Количество_этажей": 46,
        "Количество_квартир": 322,
        "Год_постройки": "2023",
        "Тип_материала": "стекло",
        "Площадь_квартиры": 76,
        "Количество_жителей": 368,
        "Наличие_лифта": true,
        "Наличие_охраны": true,
        "Наличие_парковки": false,
        "Расход_энергии_на_дом": 27173,
        "Наличие_спортивного_зала": true,
        "Расстояние_до_центра": 18,
        "Расстояние_до_метро": 3,
        "Расстояние_до_школы": 2
    },
    {
        "Название": "РАО «Ермаков Белозерова»",
        "Адрес": "ст. Жуковский, наб. Ленина, д. 95 стр. 13, 606283",
        "Количество_этажей": 21,
        "Количество_квартир": 147,
        "Год_постройки": "1986",
        "Тип_материала": "кирпич",
        "Площадь_квартиры": 156,
        "Количество_жителей": 457,
        "Наличие_лифта": true,
        "Наличие_охраны": true,
        "Наличие_парковки": false,
        "Расход_энергии_на_дом": 43704,
        "Наличие_спортивного_зала": false,
        "Расстояние_до_центра": 3,
        "Расстояние_до_метро": 8,
        "Расстояние_до_школы": 4
    },
    {
        "Название": "ИП «Марков Иванова»",
        "Адрес": "п. Черняховск, алл. Новосельская, д. 3, 116185",
        "Количество_этажей": 33,
        "Количество_квартир": 231,
        "Год_постройки": "2015",
        "Тип_материала": "стекло",
        "Площадь_квартиры": 125,
        "Количество_жителей": 350,
        "Наличие_лифта": true,
        "Наличие_охраны": true,
        "Наличие_парковки": true,
        "Расход_энергии_на_дом": 44107,
        "Наличие_спортивного_зала": false,
        "Расстояние_до_центра": 20,
        "Расстояние_до_метро": 8,
        "Расстояние_до_школы": 4
    },
    {
        "Название": "ГК Автодилерство",
        "Адрес": "к. Игнашино, алл. Байкальская, д. 4/3, 163204",
        "Количество_этажей": 29,
        "Количество_квартир": 203,
        "Год_постройки": "2006",
        "Тип_материала": "кирпич",
        "Площадь_квартиры": 111,
        "Количество_жителей": 74,
        "Наличие_лифта": true,
        "Наличие_охраны": true,
        "Наличие_парковки": true,
        "Расход_энергии_на_дом": 19533,
        "Наличие_спортивного_зала": false,
        "Расстояние_до_центра": 1,
        "Расстояние_до_метро": 5,
        "Расстояние_до_школы": 2
    },
    {
        "Название": "Щукин и партнеры",
        "Адрес": "к. Гремячинск (Перм.), пер. Красногвардейский, д. 3/8, 047695",
        "Количество_этажей": 35,
        "Количество_квартир": 245,
        "Год_постройки": "1992",
        "Тип_материала": "стекло",
        "Площадь_квартиры": 117,
        "Количество_жителей": 109,
        "Наличие_лифта": false,
        "Наличие_охраны": true,
        "Наличие_парковки": false,
        "Расход_энергии_на_дом": 44717,
        "Наличие_спортивного_зала": false,
        "Расстояние_до_центра": 13,
        "Расстояние_до_метро": 7,
        "Расстояние_до_школы": 4
    },
    {
        "Название": "Тимофеева Лимитед",
        "Адрес": "клх Владикавказ, ш. 8 Марта, д. 157 стр. 4/5, 951937",
        "Количество_этажей": 42,
        "Количество_квартир": 294,
        "Год_постройки": "2016",
        "Тип_материала": "железобетон",
        "Площадь_квартиры": 187,
        "Количество_жителей": 181,
        "Наличие_лифта": true,
        "Наличие_охраны": true,
        "Наличие_парковки": true,
        "Расход_энергии_на_дом": 41246,
        "Наличие_спортивного_зала": false,
        "Расстояние_до_центра": 19,
        "Расстояние_до_метро": 1,
        "Расстояние_до_школы": 2
    },
    {
        "Название": "ОАО «Гусев-Стрелкова»",
        "Адрес": "г. Магадан, наб. Р.Люксембург, д. 14 к. 972, 902497",
        "Количество_этажей": 44,
        "Количество_квартир": 308,
        "Год_постройки": "1994",
        "Тип_материала": "кирпич",
        "Площадь_квартиры": 99,
        "Количество_жителей": 57,
        "Наличие_лифта": true,
        "Наличие_охраны": true,
        "Наличие_парковки": true,
        "Расход_энергии_на_дом": 44096,
        "Наличие_спортивного_зала": false,
        "Расстояние_до_центра": 11,
        "Расстояние_до_метро": 10,
        "Расстояние_до_школы": 5
    },
    {
        "Название": "АО «Шарапов»",
        "Адрес": "п. Боровск, ул. 70 лет Октября, д. 55 к. 146, 117943",
        "Количество_этажей": 20,
        "Количество_квартир": 140,
        "Год_постройки": "1974",
        "Тип_материала": "железобетон",
        "Площадь_квартиры": 172,
        "Количество_жителей": 489,
        "Наличие_лифта": true,
        "Наличие_охраны": false,
        "Наличие_парковки": true,
        "Расход_энергии_на_дом": 21037,
        "Наличие_спортивного_зала": true,
        "Расстояние_до_центра": 17,
        "Расстояние_до_метро": 7,
        "Расстояние_до_школы": 5
    },
    {
        "Название": "Компания Металл Профиль",
        "Адрес": "с. Рыльск, бул. Городской, д. 4 к. 656, 545404",
        "Количество_этажей": 33,
        "Количество_квартир": 231,
        "Год_постройки": "1978",
        "Тип_материала": "стекло",
        "Площадь_квартиры": 124,
        "Количество_жителей": 286,
        "Наличие_лифта": true,
        "Наличие_охраны": false,
        "Наличие_парковки": true,
        "Расход_энергии_на_дом": 27085,
        "Наличие_спортивного_зала": true,
        "Расстояние_до_центра": 6,
        "Расстояние_до_метро": 3,
        "Расстояние_до_школы": 4
    },
    {
        "Название": "СТД Петрович",
        "Адрес": "ст. Красногорск (Моск.), ул. Репина, д. 3, 043611",
        "Количество_этажей": 35,
        "Количество_квартир": 245,
        "Год_постройки": "2017",
        "Тип_материала": "кирпич",
        "Площадь_квартиры": 67,
        "Количество_жителей": 434,
        "Наличие_лифта": true,
        "Наличие_охраны": false,
        "Наличие_парковки": false,
        "Расход_энергии_на_дом": 25134,
        "Наличие_спортивного_зала": false,
        "Расстояние_до_центра": 5,
        "Расстояние_до_метро": 5,
        "Расстояние_до_школы": 4
    },
    {
        "Название": "ОАО «Горшков Королев»",
        "Адрес": "д. Сургут (Хант.), наб. Водников, д. 6, 905541",
        "Количество_этажей": 45,
        "Количество_квартир": 315,
        "Год_постройки": "2014",
        "Тип_материала": "стекло",
        "Площадь_квартиры": 181,
        "Количество_жителей": 483,
        "Наличие_лифта": true,
        "Наличие_охраны": false,
        "Наличие_парковки": true,
        "Расход_энергии_на_дом": 22923,
        "Наличие_спортивного_зала": true,
        "Расстояние_до_центра": 1,
        "Расстояние_до_метро": 1,
        "Расстояние_до_школы": 3
    },
    {
        "Название": "АО «Рожкова, Ефимова и Трофимов»",
        "Адрес": "к. Миасс, алл. Культуры, д. 3 к. 61, 497657",
        "Количество_этажей": 24,
        "Количество_квартир": 168,
        "Год_постройки": "2003",
        "Тип_материала": "кирпич",
        "Площадь_квартиры": 159,
        "Количество_жителей": 306,
        "Наличие_лифта": true,
        "Наличие_охраны": false,
        "Наличие_парковки": true,
        "Расход_энергии_на_дом": 47842,
        "Наличие_спортивного_зала": true,
        "Расстояние_до_центра": 16,
        "Расстояние_до_метро": 1,
        "Расстояние_до_школы": 4
    },
    {
        "Название": "Панфилова Лимитед",
        "Адрес": "клх Балашиха, алл. 40 лет Победы, д. 58 стр. 118, 482513",
        "Количество_этажей": 29,
        "Количество_квартир": 203,
        "Год_постройки": "2015",
        "Тип_материала": "стекло",
        "Площадь_квартиры": 107,
        "Количество_жителей": 207,
        "Наличие_лифта": true,
        "Наличие_охраны": true,
        "Наличие_парковки": false,
        "Расход_энергии_на_дом": 11033,
        "Наличие_спортивного_зала": false,
        "Расстояние_до_центра": 15,
        "Расстояние_до_метро": 10,
        "Расстояние_до_школы": 4
    }
]