[
    {
        "Название": "ОАО «Рожкова»",
        "Адрес": "ст. Ербогачен, бул. Смирнова, д. 637 стр. 36, 576991",
        "Количество_этажей": 48,
        "Количество_квартир": 336,
        "Год_постройки": "1988",
        "Тип_материала": "железобетон",
        "Площадь_квартиры": 194,
        "Количество_жителей": 475,
        "Наличие_лифта": true,
        "Наличие_охраны": true,
        "Наличие_парковки": true,
        "Расход_энергии_на_дом": 35900,
        "Наличие_спортивного_зала": true,
        "Расстояние_до_центра": 8,
        "Расстояние_до_метро": 4,
        "Расстояние_до_школы": 1
    },
    {
        "Название": "АО «Быкова Назарова»",
        "Адрес": "клх Муравленко, пер. Макарова, д. 901 стр. 12, 932412",
        "Количество_этажей": 46,
        "Количество_квартир": 322,
        "Год_постройки": "2016",
        "Тип_материала": "кирпич",
        "Площадь_квартиры": 79,
        "Количество_жителей": 263,
        "Наличие_лифта": true,
        "Наличие_охраны": false,
        "Наличие_парковки": true,
        "Расход_энергии_на_дом": 28336,
        "Наличие_спортивного_зала": false,
        "Расстояние_до_центра": 20,
        "Расстояние_до_метро": 1,
        "Расстояние_до_школы": 2
    },
    {
        "Название": "ИП «Егорова-Крюков»",
        "Адрес": "ст. Шелехов, наб. Запрудная, д. 21 стр. 2, 737526",
        "Количество_этажей": 35,
        "Количество_квартир": 245,
        "Год_постройки": "1986",
        "Тип_материала": "стекло",
        "Площадь_квартиры": 195,
        "Количество_жителей": 89,
        "Наличие_лифта": true,
        "Наличие_охраны": true,
        "Наличие_парковки": true,
        "Расход_энергии_на_дом": 49266,
        "Наличие_спортивного_зала": false,
        "Расстояние_до_центра": 4,
        "Расстояние_до_метро": 10,
        "Расстояние_до_школы": 5
    },
    {
        "Название": "НПО «Панфилова Веселова»",
        "Адрес": "ст. Солнечногорск, пер. Красных Партизан, д. 4/9 к. 5/7, 550599",
        "Количество_этажей": 36,
        "Количество_квартир": 252,
        "Год_постройки": "1999",
        "Тип_материала": "железобетон",
        "Площадь_квартиры": 191,
        "Количество_жителей": 253,
        "Наличие_лифта": true,
        "Наличие_охраны": true,
        "Наличие_парковки": false,
        "Расход_энергии_на_дом": 41729,
        "Наличие_спортивного_зала": true,
        "Расстояние_до_центра": 16,
        "Расстояние_до_метро": 3,
        "Расстояние_до_школы": 5
    },
    {
        "Название": "НПО «Калинина-Абрамов»",
        "Адрес": "г. Миллерово, наб. Ленская, д. 43 стр. 1/4, 310690",
        "Количество_этажей": 47,
        "Количество_квартир": 329,
        "Год_постройки": "2005",
        "Тип_материала": "стекло",
        "Площадь_квартиры": 190,
        "Количество_жителей": 190,
        "Наличие_лифта": true,
        "Наличие_охраны": false,
        "Наличие_парковки": true,
        "Расход_энергии_на_дом": 48085,
        "Наличие_спортивного_зала": false,
        "Расстояние_до_центра": 20,
        "Расстояние_до_метро": 1,
        "Расстояние_до_школы": 2
    },
    {
        "Название": "АХ Степь",
        "Адрес": "п. Луга, пр. Снежный, д. 52 стр. 304, 202607",
        "Количество_этажей": 44,
        "Количество_квартир": 308,
        "Год_постройки": "1994",
        "Тип_материала": "железобетон",
        "Площадь_квартиры": 119,
        "Количество_жителей": 53,
        "Наличие_лифта": true,
        "Наличие_охраны": false,
        "Наличие_парковки": true,
        "Расход_энергии_на_дом": 15999,
        "Наличие_спортивного_зала": true,
        "Расстояние_до_центра": 19,
        "Расстояние_до_метро": 8,
        "Расстояние_до_школы": 3
    },
    {
        "Название": "ЗАО «Орлова-Большаков»",
        "Адрес": "г. Ачхой Мартан, бул. Громова, д. 2, 527664",
        "Количество_этажей": 20,
        "Количество_квартир": 140,
        "Год_постройки": "2018",
        "Тип_материала": "кирпич",
        "Площадь_квартиры": 111,
        "Количество_жителей": 372,
        "Наличие_лифта": false,
        "Наличие_охраны": false,
        "Наличие_парковки": true,
        "Расход_энергии_на_дом": 43723,
        "Наличие_спортивного_зала": false,
        "Расстояние_до_центра": 3,
        "Расстояние_до_метро": 5,
        "Расстояние_до_школы": 2
    },
    {
        "Название": "Бобылева Групп",
        "Адрес": "с. Клин, пер. Кольцевой, д. 498 к. 9, 059666",
        "Количество_этажей": 47,
        "Количество_квартир": 329,
        "Год_постройки": "2017",
        "Тип_материала": "железобетон",
        "Площадь_квартиры": 177,
        "Количество_жителей": 159,
        "Наличие_лифта": true,
        "Наличие_охраны": true,
        "Наличие_парковки": true,
        "Расход_энергии_на_дом": 38286,
        "Наличие_спортивного_зала": true,
        "Расстояние_до_центра": 18,
        "Расстояние_до_метро": 1,
        "Расстояние_до_школы": 1
    },
    {
        "Название": "АО «Владимиров»",
        "Адрес": "клх Канск, пр. Красноярский, д. 3, 733769",
        "Количество_этажей": 41,
        "Количество_квартир": 287,
        "Год_постройки": "2002",
        "Тип_материала": "стекло",
        "Площадь_квартиры": 129,
        "Количество_жителей": 197,
        "Наличие_лифта": false,
        "Наличие_охраны": true,
        "Наличие_парковки": false,
        "Расход_энергии_на_дом": 24281,
        "Наличие_спортивного_зала": true,
        "Расстояние_до_центра": 13,
        "Расстояние_до_метро": 5,
        "Расстояние_до_школы": 5
    },
    {
        "Название": "Банк Возрождение",
        "Адрес": "к. Красновишерск, ул. Ивановская, д. 9/9, 105013",
        "Количество_этажей": 34,
        "Количество_квартир": 238,
        "Год_постройки": "1991",
        "Тип_материала": "железобетон",
        "Площадь_квартиры": 69,
        "Количество_жителей": 282,
        "Наличие_лифта": true,
        "Наличие_охраны": true,
        "Наличие_парковки": false,
        "Расход_энергии_на_дом": 32447,
        "Наличие_спортивного_зала": true,
        "Расстояние_до_центра": 11,
        "Расстояние_до_метро": 7,
        "Расстояние_до_школы": 2
    },
    {
        "Название": "АО «Виноградова»",
        "Адрес": "г. Медногорск, наб. Бригадная, д. 68 к. 2, 746752",
        "Количество_этажей": 38,
        "Количество_квартир": 266,
        "Год_постройки": "1977",
        "Тип_материала": "железобетон",
        "Площадь_квартиры": 198,
        "Количество_жителей": 432,
        "Наличие_лифта": true,
        "Наличие_охраны": true,
        "Наличие_парковки": false,
        "Расход_энергии_на_дом": 49887,
        "Наличие_спортивного_зала": true,
        "Расстояние_до_центра": 16,
        "Расстояние_до_метро": 10,
        "Расстояние_до_школы": 1
    },
    {
        "Название": "ООО «Макарова»",
        "Адрес": "с. Кимры, пр. Микрорайон, д. 51 к. 29, 600200",
        "Количество_этажей": 46,
        "Количество_квартир": 322,
        "Год_постройки": "2019",
        "Тип_материала": "кирпич",
        "Площадь_квартиры": 172,
        "Количество_жителей": 217,
        "Наличие_лифта": true,
        "Наличие_охраны": true,
        "Наличие_парковки": false,
        "Расход_энергии_на_дом": 22402,
        "Наличие_спортивного_зала": true,
        "Расстояние_до_центра": 8,
        "Расстояние_до_метро": 9,
        "Расстояние_до_школы": 3
    },
    {
        "Название": "Артемьева Инк",
        "Адрес": "г. Азов (Рост.), пер. Ставропольский, д. 3/3 к. 9/3, 155432",
        "Количество_этажей": 32,
        "Количество_квартир": 224,
        "Год_постройки": "1979",
        "Тип_материала": "железобетон",
        "Площадь_квартиры": 172,
        "Количество_жителей": 303,
        "Наличие_лифта": false,
        "Наличие_охраны": false,
        "Наличие_парковки": true,
        "Расход_энергии_на_дом": 22113,
        "Наличие_спортивного_зала": false,
        "Расстояние_до_центра": 4,
        "Расстояние_до_метро": 10,
        "Расстояние_до_школы": 1
    },
    {
        "Название": "ИП «Зимина-Воронцов»",
        "Адрес": "г. Туруханск, ул. Гражданская, д. 2/2 к. 505, 094666",
        "Количество_этажей": 36,
        "Количество_квартир": 252,
        "Год_постройки": "2009",
        "Тип_материала": "кирпич",
        "Площадь_квартиры": 105,
        "Количество_жителей": 376,
        "Наличие_лифта": true,
        "Наличие_охраны": true,
        "Наличие_парковки": true,
        "Расход_энергии_на_дом": 43294,
        "Наличие_спортивного_зала": false,
        "Расстояние_до_центра": 1,
        "Расстояние_до_метро": 4,
        "Расстояние_до_школы": 5
    },
    {
        "Название": "ООО «Морозова»",
        "Адрес": "д. Сургут (Хант.), пр. Орджоникидзе, д. 16 к. 3, 091061",
        "Количество_этажей": 29,
        "Количество_квартир": 203,
        "Год_постройки": "2009",
        "Тип_материала": "стекло",
        "Площадь_квартиры": 155,
        "Количество_жителей": 429,
        "Наличие_лифта": true,
        "Наличие_охраны": false,
        "Наличие_парковки": false,
        "Расход_энергии_на_дом": 20799,
        "Наличие_спортивного_зала": false,
        "Расстояние_до_центра": 11,
        "Расстояние_до_метро": 6,
        "Расстояние_до_школы": 4
    }
]