[
    {
        "Название": "Метрострой",
        "Адрес": "клх Самара, ш. Светлое, д. 45 к. 55, 503267",
        "Количество_этажей": 30,
        "Количество_квартир": 210,
        "Год_постройки": "1990",
        "Тип_материала": "кирпич",
        "Площадь_квартиры": 164,
        "Количество_жителей": 382,
        "Наличие_лифта": false,
        "Наличие_охраны": true,
        "Наличие_парковки": true,
        "Расход_энергии_на_дом": 49806,
        "Наличие_спортивного_зала": true,
        "Расстояние_до_центра": 13,
        "Расстояние_до_метро": 9,
        "Расстояние_до_школы": 3
    },
    {
        "Название": "ООО «Мельников-Колобова»",
        "Адрес": "к. Яшалта, наб. Индустриальная, д. 123, 609949",
        "Количество_этажей": 25,
        "Количество_квартир": 175,
        "Год_постройки": "1991",
        "Тип_материала": "железобетон",
        "Площадь_квартиры": 131,
        "Количество_жителей": 150,
        "Наличие_лифта": true,
        "Наличие_охраны": true,
        "Наличие_парковки": false,
        "Расход_энергии_на_дом": 25410,
        "Наличие_спортивного_зала": false,
        "Расстояние_до_центра": 19,
        "Расстояние_до_метро": 7,
        "Расстояние_до_школы": 2
    },
    {
        "Название": "АО «Бурова, Иванова и Герасимова»",
        "Адрес": "д. Избербаш, алл. Трудовая, д. 7 стр. 799, 632735",
        "Количество_этажей": 44,
        "Количество_квартир": 308,
        "Год_постройки": "1996",
        "Тип_материала": "кирпич",
        "Площадь_квартиры": 58,
        "Количество_жителей": 173,
        "Наличие_лифта": true,
        "Наличие_охраны": false,
        "Наличие_парковки": true,
        "Расход_энергии_на_дом": 12782,
        "Наличие_спортивного_зала": true,
        "Расстояние_до_центра": 8,
        "Расстояние_до_метро": 2,
        "Расстояние_до_школы": 3
    },
    {
        "Название": "Носков Инк",
        "Адрес": "г. Нерчинск, ул. Депутатская, д. 2 стр. 99, 825805",
        "Количество_этажей": 35,
        "Количество_квартир": 245,
        "Год_постройки": "1987",
        "Тип_материала": "кирпич",
        "Площадь_квартиры": 160,
        "Количество_жителей": 276,
        "Наличие_лифта": true,
        "Наличие_охраны": false,
        "Наличие_парковки": true,
        "Расход_энергии_на_дом": 25641,
        "Наличие_спортивного_зала": true,
        "Расстояние_до_центра": 3,
        "Расстояние_до_метро": 3,
        "Расстояние_до_школы": 4
    },
    {
        "Название": "АО «Веселов, Шаров и Игнатьева»",
        "Адрес": "ст. Зарайск, ул. Морская, д. 1 к. 3/7, 806620",
        "Количество_этажей": 25,
        "Количество_квартир": 175,
        "Год_постройки": "2018",
        "Тип_материала": "кирпич",
        "Площадь_квартиры": 155,
        "Количество_жителей": 197,
        "Наличие_лифта": true,
        "Наличие_охраны": true,
        "Наличие_парковки": false,
        "Расход_энергии_на_дом": 19613,
        "Наличие_спортивного_зала": false,
        "Расстояние_до_центра": 9,
        "Расстояние_до_метро": 7,
        "Расстояние_до_школы": 5
    },
    {
        "Название": "АО «Мясникова-Гущина»",
        "Адрес": "клх Сладково, пр. Смирнова, д. 375 стр. 28, 376463",
        "Количество_этажей": 37,
        "Количество_квартир": 259,
        "Год_постройки": "1977",
        "Тип_материала": "кирпич",
        "Площадь_квартиры": 167,
        "Количество_жителей": 219,
        "Наличие_лифта": false,
        "Наличие_охраны": false,
        "Наличие_парковки": false,
        "Расход_энергии_на_дом": 11036,
        "Наличие_спортивного_зала": false,
        "Расстояние_до_центра": 16,
        "Расстояние_до_метро": 7,
        "Расстояние_до_школы": 1
    },
    {
        "Название": "РАО «Фомичева, Уваров и Тимофеева»",
        "Адрес": "д. Старый Оскол, бул. Инженерный, д. 8 стр. 5, 188669",
        "Количество_этажей": 49,
        "Количество_квартир": 343,
        "Год_постройки": "1995",
        "Тип_материала": "железобетон",
        "Площадь_квартиры": 84,
        "Количество_жителей": 312,
        "Наличие_лифта": true,
        "Наличие_охраны": true,
        "Наличие_парковки": false,
        "Расход_энергии_на_дом": 20277,
        "Наличие_спортивного_зала": false,
        "Расстояние_до_центра": 17,
        "Расстояние_до_метро": 6,
        "Расстояние_до_школы": 1
    },
    {
        "Название": "ООО «Бирюкова Пономарев»",
        "Адрес": "ст. Красноселькуп, пр. Челюскинцев, д. 2/1 к. 225, 122863",
        "Количество_этажей": 33,
        "Количество_квартир": 231,
        "Год_постройки": "2005",
        "Тип_материала": "железобетон",
        "Площадь_квартиры": 83,
        "Количество_жителей": 211,
        "Наличие_лифта": true,
        "Наличие_охраны": true,
        "Наличие_парковки": false,
        "Расход_энергии_на_дом": 11747,
        "Наличие_спортивного_зала": true,
        "Расстояние_до_центра": 9,
        "Расстояние_до_метро": 9,
        "Расстояние_до_школы": 5
    },
    {
        "Название": "НПО «Соловьева Тарасова»",
        "Адрес": "п. Шелехов, пр. Леваневского, д. 4/6 к. 21, 845785",
        "Количество_этажей": 33,
        "Количество_квартир": 231,
        "Год_постройки": "2017",
        "Тип_материала": "стекло",
        "Площадь_квартиры": 159,
        "Количество_жителей": 55,
        "Наличие_лифта": false,
        "Наличие_охраны": true,
        "Наличие_парковки": true,
        "Расход_энергии_на_дом": 47336,
        "Наличие_спортивного_зала": true,
        "Расстояние_до_центра": 3,
        "Расстояние_до_метро": 5,
        "Расстояние_до_школы": 1
    },
    {
        "Название": "ОАО «Макаров Федоров»",
        "Адрес": "п. Шенкурск, пр. Павлика Морозова, д. 2/5 стр. 6, 165902",
        "Количество_этажей": 49,
        "Количество_квартир": 343,
        "Год_постройки": "2000",
        "Тип_материала": "железобетон",
        "Площадь_квартиры": 133,
        "Количество_жителей": 138,
        "Наличие_лифта": true,
        "Наличие_охраны": true,
        "Наличие_парковки": false,
        "Расход_энергии_на_дом": 19453,
        "Наличие_спортивного_зала": false,
        "Расстояние_до_центра": 1,
        "Расстояние_до_метро": 4,
        "Расстояние_до_школы": 5
    },
    {
        "Название": "РАО «Некрасова Филиппов»",
        "Адрес": "клх Ряжск, пер. Блюхера, д. 404, 910152",
        "Количество_этажей": 42,
        "Количество_квартир": 294,
        "Год_постройки": "2014",
        "Тип_материала": "кирпич",
        "Площадь_квартиры": 152,
        "Количество_жителей": 128,
        "Наличие_лифта": true,
        "Наличие_охраны": true,
        "Наличие_парковки": true,
        "Расход_энергии_на_дом": 12196,
        "Наличие_спортивного_зала": true,
        "Расстояние_до_центра": 11,
        "Расстояние_до_метро": 9,
        "Расстояние_до_школы": 1
    },
    {
        "Название": "Цветков Лимитед",
        "Адрес": "ст. Ряжск, бул. Ломоносова, д. 2/4, 063828",
        "Количество_этажей": 39,
        "Количество_квартир": 273,
        "Год_постройки": "1989",
        "Тип_материала": "стекло",
        "Площадь_квартиры": 154,
        "Количество_жителей": 299,
        "Наличие_лифта": true,
        "Наличие_охраны": false,
        "Наличие_парковки": false,
        "Расход_энергии_на_дом": 48957,
        "Наличие_спортивного_зала": true,
        "Расстояние_до_центра": 2,
        "Расстояние_до_метро": 2,
        "Расстояние_до_школы": 1
    },
    {
        "Название": "ЗАО «Ефимова, Зимина и Белов»",
        "Адрес": "д. Поронайск, пер. Николаева, д. 90 к. 69, 688070",
        "Количество_этажей": 22,
        "Количество_квартир": 154,
        "Год_постройки": "2008",
        "Тип_материала": "стекло",
        "Площадь_квартиры": 132,
        "Количество_жителей": 321,
        "Наличие_лифта": true,
        "Наличие_охраны": false,
        "Наличие_парковки": true,
        "Расход_энергии_на_дом": 43967,
        "Наличие_спортивного_зала": true,
        "Расстояние_до_центра": 13,
        "Расстояние_до_метро": 6,
        "Расстояние_до_школы": 1
    },
    {
        "Название": "Банк Возрождение",
        "Адрес": "клх Куртамыш, ш. Комсомольское, д. 1/5 стр. 5, 010033",
        "Количество_этажей": 28,
        "Количество_квартир": 196,
        "Год_постройки": "1983",
        "Тип_материала": "железобетон",
        "Площадь_квартиры": 196,
        "Количество_жителей": 102,
        "Наличие_лифта": true,
        "Наличие_охраны": true,
        "Наличие_парковки": false,
        "Расход_энергии_на_дом": 48777,
        "Наличие_спортивного_зала": false,
        "Расстояние_до_центра": 15,
        "Расстояние_до_метро": 4,
        "Расстояние_до_школы": 5
    },
    {
        "Название": "ООО «Блинов, Авдеев и Сидорова»",
        "Адрес": "ст. Кулунда, алл. Коллективная, д. 8 стр. 5/3, 283466",
        "Количество_этажей": 38,
        "Количество_квартир": 266,
        "Год_постройки": "1971",
        "Тип_материала": "железобетон",
        "Площадь_квартиры": 111,
        "Количество_жителей": 459,
        "Наличие_лифта": false,
        "Наличие_охраны": false,
        "Наличие_парковки": true,
        "Расход_энергии_на_дом": 19805,
        "Наличие_спортивного_зала": false,
        "Расстояние_до_центра": 13,
        "Расстояние_до_метро": 9,
        "Расстояние_до_школы": 5
    }
]