[
    {
        "Название": "ЗАО «Петрова, Соболев и Власова»",
        "Адрес": "п. Челюскин, пр. Крестьянский, д. 6/1 стр. 937, 821755",
        "Количество_этажей": 26,
        "Количество_квартир": 182,
        "Год_постройки": "1989",
        "Тип_материала": "железобетон",
        "Площадь_квартиры": 55,
        "Количество_жителей": 392,
        "Наличие_лифта": true,
        "Наличие_охраны": true,
        "Наличие_парковки": true,
        "Расход_энергии_на_дом": 12806,
        "Наличие_спортивного_зала": false,
        "Расстояние_до_центра": 1,
        "Расстояние_до_метро": 3,
        "Расстояние_до_школы": 5
    },
    {
        "Название": "ЗАО «Захаров»",
        "Адрес": "п. Саратов, наб. Молодежная, д. 6 стр. 56, 958680",
        "Количество_этажей": 22,
        "Количество_квартир": 154,
        "Год_постройки": "2008",
        "Тип_материала": "стекло",
        "Площадь_квартиры": 141,
        "Количество_жителей": 192,
        "Наличие_лифта": true,
        "Наличие_охраны": true,
        "Наличие_парковки": true,
        "Расход_энергии_на_дом": 10989,
        "Наличие_спортивного_зала": true,
        "Расстояние_до_центра": 11,
        "Расстояние_до_метро": 2,
        "Расстояние_до_школы": 4
    },
    {
        "Название": "РАО «Андреев Осипова»",
        "Адрес": "п. Бийск, пер. Ясный, д. 866, 021017",
        "Количество_этажей": 30,
        "Количество_квартир": 210,
        "Год_постройки": "1995",
        "Тип_материала": "железобетон",
        "Площадь_квартиры": 55,
        "Количество_жителей": 483,
        "Наличие_лифта": true,
        "Наличие_охраны": false,
        "Наличие_парковки": true,
        "Расход_энергии_на_дом": 14588,
        "Наличие_спортивного_зала": false,
        "Расстояние_до_центра": 9,
        "Расстояние_до_метро": 8,
        "Расстояние_до_школы": 5
    },
    {
        "Название": "Андреева Групп",
        "Адрес": "ст. Ахтубинск, алл. Станционная, д. 17, 733732",
        "Количество_этажей": 46,
        "Количество_квартир": 322,
        "Год_постройки": "2008",
        "Тип_материала": "кирпич",
        "Площадь_квартиры": 133,
        "Количество_жителей": 164,
        "Наличие_лифта": true,
        "Наличие_охраны": true,
        "Наличие_парковки": true,
        "Расход_энергии_на_дом": 48273,
        "Наличие_спортивного_зала": false,
        "Расстояние_до_центра": 11,
        "Расстояние_до_метро": 6,
        "Расстояние_до_школы": 5
    },
    {
        "Название": "Рыбакова Инк",
        "Адрес": "с. Апрелевка, алл. Ангарская, д. 573 к. 8/6, 246395",
        "Количество_этажей": 24,
        "Количество_квартир": 168,
        "Год_постройки": "2002",
        "Тип_материала": "стекло",
        "Площадь_квартиры": 76,
        "Количество_жителей": 366,
        "Наличие_лифта": true,
        "Наличие_охраны": false,
        "Наличие_парковки": false,
        "Расход_энергии_на_дом": 48435,
        "Наличие_спортивного_зала": false,
        "Расстояние_до_центра": 10,
        "Расстояние_до_метро": 1,
        "Расстояние_до_школы": 3
    },
    {
        "Название": "Алексеев и партнеры",
        "Адрес": "г. Северобайкальск, пер. Горный, д. 5/4 к. 320, 666333",
        "Количество_этажей": 23,
        "Количество_квартир": 161,
        "Год_постройки": "1983",
        "Тип_материала": "кирпич",
        "Площадь_квартиры": 99,
        "Количество_жителей": 425,
        "Наличие_лифта": true,
        "Наличие_охраны": true,
        "Наличие_парковки": false,
        "Расход_энергии_на_дом": 24182,
        "Наличие_спортивного_зала": false,
        "Расстояние_до_центра": 13,
        "Расстояние_до_метро": 2,
        "Расстояние_до_школы": 2
    },
    {
        "Название": "АО «Орехова Авдеев»",
        "Адрес": "ст. Славянск-на-Кубани, ш. Среднее, д. 285 стр. 293, 580543",
        "Количество_этажей": 30,
        "Количество_квартир": 210,
        "Год_постройки": "1980",
        "Тип_материала": "железобетон",
        "Площадь_квартиры": 143,
        "Количество_жителей": 294,
        "Наличие_лифта": true,
        "Наличие_охраны": true,
        "Наличие_парковки": false,
        "Расход_энергии_на_дом": 17239,
        "Наличие_спортивного_зала": false,
        "Расстояние_до_центра": 18,
        "Расстояние_до_метро": 7,
        "Расстояние_до_школы": 3
    },
    {
        "Название": "ИП «Максимов-Игнатьев»",
        "Адрес": "к. Волхов, пер. Высоковольтный, д. 7, 941953",
        "Количество_этажей": 39,
        "Количество_квартир": 273,
        "Год_постройки": "1978",
        "Тип_материала": "кирпич",
        "Площадь_квартиры": 62,
        "Количество_жителей": 190,
        "Наличие_лифта": true,
        "Наличие_охраны": false,
        "Наличие_парковки": true,
        "Расход_энергии_на_дом": 31968,
        "Наличие_спортивного_зала": false,
        "Расстояние_до_центра": 10,
        "Расстояние_до_метро": 8,
        "Расстояние_до_школы": 4
    },
    {
        "Название": "НПО «Комаров Голубева»",
        "Адрес": "к. Тула, пер. Славянский, д. 5/8 к. 60, 956786",
        "Количество_этажей": 34,
        "Количество_квартир": 238,
        "Год_постройки": "1997",
        "Тип_материала": "кирпич",
        "Площадь_квартиры": 133,
        "Количество_жителей": 61,
        "Наличие_лифта": true,
        "Наличие_охраны": true,
        "Наличие_парковки": false,
        "Расход_энергии_на_дом": 19946,
        "Наличие_спортивного_зала": false,
        "Расстояние_до_центра": 4,
        "Расстояние_до_метро": 9,
        "Расстояние_до_школы": 4
    },
    {
        "Название": "Тетра Пак (Tetra Pak)",
        "Адрес": "к. Партизанск, пр. Рылеева, д. 582 к. 41, 005390",
        "Количество_этажей": 37,
        "Количество_квартир": 259,
        "Год_постройки": "1999",
        "Тип_материала": "кирпич",
        "Площадь_квартиры": 134,
        "Количество_жителей": 409,
        "Наличие_лифта": true,
        "Наличие_охраны": true,
        "Наличие_парковки": true,
        "Расход_энергии_на_дом": 42833,
        "Наличие_спортивного_зала": true,
        "Расстояние_до_центра": 20,
        "Расстояние_до_метро": 2,
        "Расстояние_до_школы": 3
    },
    {
        "Название": "ИП «Беспалова-Щербакова»",
        "Адрес": "г. Рыбинск, алл. Достоевского, д. 1, 041441",
        "Количество_этажей": 38,
        "Количество_квартир": 266,
        "Год_постройки": "1983",
        "Тип_материала": "стекло",
        "Площадь_квартиры": 79,
        "Количество_жителей": 76,
        "Наличие_лифта": false,
        "Наличие_охраны": true,
        "Наличие_парковки": true,
        "Расход_энергии_на_дом": 36309,
        "Наличие_спортивного_зала": false,
        "Расстояние_до_центра": 14,
        "Расстояние_до_метро": 8,
        "Расстояние_до_школы": 4
    },
    {
        "Название": "ИП «Лапина»",
        "Адрес": "д. Усть-Кут, пер. Жуковского, д. 6 стр. 5, 290838",
        "Количество_этажей": 26,
        "Количество_квартир": 182,
        "Год_постройки": "2008",
        "Тип_материала": "стекло",
        "Площадь_квартиры": 162,
        "Количество_жителей": 410,
        "Наличие_лифта": true,
        "Наличие_охраны": true,
        "Наличие_парковки": true,
        "Расход_энергии_на_дом": 40829,
        "Наличие_спортивного_зала": true,
        "Расстояние_до_центра": 1,
        "Расстояние_до_метро": 2,
        "Расстояние_до_школы": 4
    },
    {
        "Название": "ИП «Устинова-Щербаков»",
        "Адрес": "г. Ведено, наб. Славянская, д. 8 стр. 4/4, 774517",
        "Количество_этажей": 34,
        "Количество_квартир": 238,
        "Год_постройки": "2022",
        "Тип_материала": "стекло",
        "Площадь_квартиры": 122,
        "Количество_жителей": 189,
        "Наличие_лифта": true,
        "Наличие_охраны": false,
        "Наличие_парковки": true,
        "Расход_энергии_на_дом": 11445,
        "Наличие_спортивного_зала": true,
        "Расстояние_до_центра": 13,
        "Расстояние_до_метро": 4,
        "Расстояние_до_школы": 4
    },
    {
        "Название": "Дьячков Инк",
        "Адрес": "к. Льгов, пр. Заозерный, д. 63 стр. 304, 860363",
        "Количество_этажей": 43,
        "Количество_квартир": 301,
        "Год_постройки": "1995",
        "Тип_материала": "железобетон",
        "Площадь_квартиры": 82,
        "Количество_жителей": 307,
        "Наличие_лифта": true,
        "Наличие_охраны": true,
        "Наличие_парковки": true,
        "Расход_энергии_на_дом": 49941,
        "Наличие_спортивного_зала": false,
        "Расстояние_до_центра": 14,
        "Расстояние_до_метро": 9,
        "Расстояние_до_школы": 5
    },
    {
        "Название": "Горшкова Лтд",
        "Адрес": "г. Белокуриха, наб. Клубная, д. 4/7 к. 6, 516651",
        "Количество_этажей": 35,
        "Количество_квартир": 245,
        "Год_постройки": "1981",
        "Тип_материала": "железобетон",
        "Площадь_квартиры": 196,
        "Количество_жителей": 476,
        "Наличие_лифта": true,
        "Наличие_охраны": false,
        "Наличие_парковки": true,
        "Расход_энергии_на_дом": 32432,
        "Наличие_спортивного_зала": false,
        "Расстояние_до_центра": 8,
        "Расстояние_до_метро": 5,
        "Расстояние_до_школы": 2
    }
]