[
    {
        "Название": "Белозеров Инк",
        "Адрес": "клх Хабаровск, ул. Загородная, д. 577 стр. 5/1, 098485",
        "Количество_этажей": 36,
        "Количество_квартир": 252,
        "Год_постройки": "2018",
        "Тип_материала": "кирпич",
        "Площадь_квартиры": 187,
        "Количество_жителей": 229,
        "Наличие_лифта": true,
        "Наличие_охраны": true,
        "Наличие_парковки": true,
        "Расход_энергии_на_дом": 30650,
        "Наличие_спортивного_зала": true,
        "Расстояние_до_центра": 1,
        "Расстояние_до_метро": 4,
        "Расстояние_до_школы": 1
    },
    {
        "Название": "ИП «Кузнецов Гущина»",
        "Адрес": "к. Воркута, пр. Снежный, д. 4 к. 30, 534172",
        "Количество_этажей": 30,
        "Количество_квартир": 210,
        "Год_постройки": "1980",
        "Тип_материала": "железобетон",
        "Площадь_квартиры": 111,
        "Количество_жителей": 373,
        "Наличие_лифта": true,
        "Наличие_охраны": true,
        "Наличие_парковки": false,
        "Расход_энергии_на_дом": 48567,
        "Наличие_спортивного_зала": false,
        "Расстояние_до_центра": 19,
        "Расстояние_до_метро": 4,
        "Расстояние_до_школы": 5
    },
    {
        "Название": "ООО «Морозова-Одинцов»",
        "Адрес": "п. Новый Оскол, наб. Высокая, д. 2/7 к. 5/6, 487843",
        "Количество_этажей": 36,
        "Количество_квартир": 252,
        "Год_постройки": "1988",
        "Тип_материала": "стекло",
        "Площадь_квартиры": 121,
        "Количество_жителей": 475,
        "Наличие_лифта": true,
        "Наличие_охраны": true,
        "Наличие_парковки": true,
        "Расход_энергии_на_дом": 38031,
        "Наличие_спортивного_зала": false,
        "Расстояние_до_центра": 17,
        "Расстояние_до_метро": 6,
        "Расстояние_до_школы": 4
    },
    {
        "Название": "НПО «Сазонов-Некрасова»",
        "Адрес": "к. Тутаев, бул. Блюхера, д. 75, 627645",
        "Количество_этажей": 24,
        "Количество_квартир": 168,
        "Год_постройки": "1984",
        "Тип_материала": "кирпич",
        "Площадь_квартиры": 195,
        "Количество_жителей": 449,
        "Наличие_лифта": true,
        "Наличие_охраны": true,
        "Наличие_парковки": true,
        "Расход_энергии_на_дом": 33769,
        "Наличие_спортивного_зала": true,
        "Расстояние_до_центра": 10,
        "Расстояние_до_метро": 1,
        "Расстояние_до_школы": 1
    },
    {
        "Название": "РАО «Галкин, Николаева и Сазонов»",
        "Адрес": "к. Обнинск, ш. Безымянное, д. 4 к. 993, 211638",
        "Количество_этажей": 34,
        "Количество_квартир": 238,
        "Год_постройки": "2018",
        "Тип_материала": "кирпич",
        "Площадь_квартиры": 108,
        "Количество_жителей": 162,
        "Наличие_лифта": true,
        "Наличие_охраны": true,
        "Наличие_парковки": true,
        "Расход_энергии_на_дом": 42173,
        "Наличие_спортивного_зала": true,
        "Расстояние_до_центра": 20,
        "Расстояние_до_метро": 9,
        "Расстояние_до_школы": 2
    },
    {
        "Название": "НПО «Никитин-Пономарева»",
        "Адрес": "д. Вытегра, пер. Садовый, д. 38, 171066",
        "Количество_этажей": 28,
        "Количество_квартир": 196,
        "Год_постройки": "1997",
        "Тип_материала": "стекло",
        "Площадь_квартиры": 192,
        "Количество_жителей": 455,
        "Наличие_лифта": true,
        "Наличие_охраны": true,
        "Наличие_парковки": false,
        "Расход_энергии_на_дом": 10329,
        "Наличие_спортивного_зала": true,
        "Расстояние_до_центра": 5,
        "Расстояние_до_метро": 1,
        "Расстояние_до_школы": 4
    },
    {
        "Название": "НПО «Кононов Королева»",
        "Адрес": "д. Ревда (Сверд.), ш. Добролюбова, д. 756, 174212",
        "Количество_этажей": 31,
        "Количество_квартир": 217,
        "Год_постройки": "2012",
        "Тип_материала": "стекло",
        "Площадь_квартиры": 129,
        "Количество_жителей": 138,
        "Наличие_лифта": true,
        "Наличие_охраны": true,
        "Наличие_парковки": false,
        "Расход_энергии_на_дом": 25960,
        "Наличие_спортивного_зала": true,
        "Расстояние_до_центра": 20,
        "Расстояние_до_метро": 1,
        "Расстояние_до_школы": 4
    },
    {
        "Название": "ЗАО «Лаврентьева»",
        "Адрес": "ст. Томари, пр. Шолохова, д. 156 стр. 5/4, 886197",
        "Количество_этажей": 48,
        "Количество_квартир": 336,
        "Год_постройки": "2016",
        "Тип_материала": "кирпич",
        "Площадь_квартиры": 175,
        "Количество_жителей": 341,
        "Наличие_лифта": true,
        "Наличие_охраны": true,
        "Наличие_парковки": false,
        "Расход_энергии_на_дом": 25016,
        "Наличие_спортивного_зала": false,
        "Расстояние_до_центра": 13,
        "Расстояние_до_метро": 3,
        "Расстояние_до_школы": 2
    },
    {
        "Название": "Николаева Лтд",
        "Адрес": "ст. Ирбит, ул. Ильича, д. 8/9, 193400",
        "Количество_этажей": 28,
        "Количество_квартир": 196,
        "Год_постройки": "1998",
        "Тип_материала": "железобетон",
        "Площадь_квартиры": 199,
        "Количество_жителей": 373,
        "Наличие_лифта": true,
        "Наличие_охраны": false,
        "Наличие_парковки": true,
        "Расход_энергии_на_дом": 35227,
        "Наличие_спортивного_зала": false,
        "Расстояние_до_центра": 9,
        "Расстояние_до_метро": 9,
        "Расстояние_до_школы": 4
    },
    {
        "Название": "ОАО «Воронцова, Белоусов и Попова»",
        "Адрес": "к. Воронеж, пер. Учительский, д. 85 к. 1, 633193",
        "Количество_этажей": 34,
        "Количество_квартир": 238,
        "Год_постройки": "1979",
        "Тип_материала": "кирпич",
        "Площадь_квартиры": 169,
        "Количество_жителей": 480,
        "Наличие_лифта": true,
        "Наличие_охраны": true,
        "Наличие_парковки": false,
        "Расход_энергии_на_дом": 10616,
        "Наличие_спортивного_зала": true,
        "Расстояние_до_центра": 12,
        "Расстояние_до_метро": 1,
        "Расстояние_до_школы": 3
    },
    {
        "Название": "ОАО «Беляева»",
        "Адрес": "д. Стрежевой, алл. Минина, д. 52, 161206",
        "Количество_этажей": 26,
        "Количество_квартир": 182,
        "Год_постройки": "2021",
        "Тип_материала": "железобетон",
        "Площадь_квартиры": 83,
        "Количество_жителей": 206,
        "Наличие_лифта": true,
        "Наличие_охраны": true,
        "Наличие_парковки": false,
        "Расход_энергии_на_дом": 42461,
        "Наличие_спортивного_зала": false,
        "Расстояние_до_центра": 16,
        "Расстояние_до_метро": 7,
        "Расстояние_до_школы": 1
    },
    {
        "Название": "ООО «Вишнякова»",
        "Адрес": "к. Уэлен, наб. Полтавская, д. 370 к. 294, 590591",
        "Количество_этажей": 24,
        "Количество_квартир": 168,
        "Год_постройки": "2002",
        "Тип_материала": "кирпич",
        "Площадь_квартиры": 160,
        "Количество_жителей": 174,
        "Наличие_лифта": true,
        "Наличие_охраны": true,
        "Наличие_парковки": true,
        "Расход_энергии_на_дом": 13591,
        "Наличие_спортивного_зала": true,
        "Расстояние_до_центра": 2,
        "Расстояние_до_метро": 2,
        "Расстояние_до_школы": 5
    },
    {
        "Название": "ОАО «Фокин-Филатова»",
        "Адрес": "п. Невинномысск, ш. Томское, д. 448, 303851",
        "Количество_этажей": 27,
        "Количество_квартир": 189,
        "Год_постройки": "2015",
        "Тип_материала": "железобетон",
        "Площадь_квартиры": 157,
        "Количество_жителей": 334,
        "Наличие_лифта": true,
        "Наличие_охраны": true,
        "Наличие_парковки": true,
        "Расход_энергии_на_дом": 31939,
        "Наличие_спортивного_зала": false,
        "Расстояние_до_центра": 18,
        "Расстояние_до_метро": 2,
        "Расстояние_до_школы": 5
    },
    {
        "Название": "РАО «Кулаков, Гусев и Одинцов»",
        "Адрес": "п. Сунтар, пр. Октябрьский, д. 1 стр. 705, 188079",
        "Количество_этажей": 36,
        "Количество_квартир": 252,
        "Год_постройки": "1989",
        "Тип_материала": "железобетон",
        "Площадь_квартиры": 189,
        "Количество_жителей": 195,
        "Наличие_лифта": false,
        "Наличие_охраны": true,
        "Наличие_парковки": true,
        "Расход_энергии_на_дом": 36321,
        "Наличие_спортивного_зала": false,
        "Расстояние_до_центра": 1,
        "Расстояние_до_метро": 6,
        "Расстояние_до_школы": 2
    },
    {
        "Название": "ОАО «Журавлева-Потапов»",
        "Адрес": "п. Сарапул, ш. Гафури, д. 40 стр. 519, 414511",
        "Количество_этажей": 42,
        "Количество_квартир": 294,
        "Год_постройки": "2020",
        "Тип_материала": "кирпич",
        "Площадь_квартиры": 172,
        "Количество_жителей": 110,
        "Наличие_лифта": true,
        "Наличие_охраны": false,
        "Наличие_парковки": true,
        "Расход_энергии_на_дом": 12249,
        "Наличие_спортивного_зала": false,
        "Расстояние_до_центра": 5,
        "Расстояние_до_метро": 3,
        "Расстояние_до_школы": 3
    }
]