[
    {
        "Название": "АО «Мельников Новиков»",
        "Адрес": "г. Павловская, алл. Горняцкая, д. 5/6, 731939",
        "Количество_этажей": 43,
        "Количество_квартир": 301,
        "Год_постройки": "2023",
        "Тип_материала": "стекло",
        "Площадь_квартиры": 110,
        "Количество_жителей": 469,
        "Наличие_лифта": true,
        "Наличие_охраны": true,
        "Наличие_парковки": false,
        "Расход_энергии_на_дом": 46784,
        "Наличие_спортивного_зала": false,
        "Расстояние_до_центра": 13,
        "Расстояние_до_метро": 6,
        "Расстояние_до_школы": 5
    },
    {
        "Название": "Нефтехимремстрой",
        "Адрес": "д. Гремячинск (Бурят.), алл. Семашко, д. 61 к. 5/7, 854476",
        "Количество_этажей": 23,
        "Количество_квартир": 161,
        "Год_постройки": "1985",
        "Тип_материала": "железобетон",
        "Площадь_квартиры": 186,
        "Количество_жителей": 421,
        "Наличие_лифта": true,
        "Наличие_охраны": false,
        "Наличие_парковки": false,
        "Расход_энергии_на_дом": 30562,
        "Наличие_спортивного_зала": true,
        "Расстояние_до_центра": 14,
        "Расстояние_до_метро": 8,
        "Расстояние_до_школы": 4
    },
    {
        "Название": "Кондратьев Инк",
        "Адрес": "ст. Можга, пер. Целинный, д. 37 стр. 9/2, 797270",
        "Количество_этажей": 33,
        "Количество_квартир": 231,
        "Год_постройки": "2016",
        "Тип_материала": "кирпич",
        "Площадь_квартиры": 62,
        "Количество_жителей": 154,
        "Наличие_лифта": true,
        "Наличие_охраны": true,
        "Наличие_парковки": true,
        "Расход_энергии_на_дом": 22772,
        "Наличие_спортивного_зала": false,
        "Расстояние_до_центра": 2,
        "Расстояние_до_метро": 2,
        "Расстояние_до_школы": 5
    },
    {
        "Название": "ООО «Дроздов Козлов»",
        "Адрес": "ст. Бузулук, наб. Маркса, д. 217, 308921",
        "Количество_этажей": 27,
        "Количество_квартир": 189,
        "Год_постройки": "2017",
        "Тип_материала": "железобетон",
        "Площадь_квартиры": 117,
        "Количество_жителей": 312,
        "Наличие_лифта": true,
        "Наличие_охраны": true,
        "Наличие_парковки": false,
        "Расход_энергии_на_дом": 33647,
        "Наличие_спортивного_зала": true,
        "Расстояние_до_центра": 6,
        "Расстояние_до_метро": 1,
        "Расстояние_до_школы": 3
    },
    {
        "Название": "ИП «Тимофеева-Гришин»",
        "Адрес": "п. Льгов, алл. Сиреневая, д. 9/4 стр. 855, 831324",
        "Количество_этажей": 21,
        "Количество_квартир": 147,
        "Год_постройки": "1992",
        "Тип_материала": "железобетон",
        "Площадь_квартиры": 107,
        "Количество_жителей": 317,
        "Наличие_лифта": true,
        "Наличие_охраны": false,
        "Наличие_парковки": true,
        "Расход_энергии_на_дом": 46381,
        "Наличие_спортивного_зала": true,
        "Расстояние_до_центра": 12,
        "Расстояние_до_метро": 7,
        "Расстояние_до_школы": 5
    },
    {
        "Название": "Дорофеев и партнеры",
        "Адрес": "ст. Кондопога, пр. Украинский, д. 329 стр. 8/7, 677088",
        "Количество_этажей": 23,
        "Количество_квартир": 161,
        "Год_постройки": "2021",
        "Тип_материала": "стекло",
        "Площадь_квартиры": 165,
        "Количество_жителей": 339,
        "Наличие_лифта": true,
        "Наличие_охраны": true,
        "Наличие_парковки": true,
        "Расход_энергии_на_дом": 42466,
        "Наличие_спортивного_зала": false,
        "Расстояние_до_центра": 13,
        "Расстояние_до_метро": 1,
        "Расстояние_до_школы": 3
    },
    {
        "Название": "НПО «Нестерова, Кудряшов и Фролова»",
        "Адрес": "ст. Улан-Удэ, пр. Заводской, д. 86 стр. 5, 644579",
        "Количество_этажей": 23,
        "Количество_квартир": 161,
        "Год_постройки": "1979",
        "Тип_материала": "стекло",
        "Площадь_квартиры": 66,
        "Количество_жителей": 293,
        "Наличие_лифта": false,
        "Наличие_охраны": true,
        "Наличие_парковки": false,
        "Расход_энергии_на_дом": 16104,
        "Наличие_спортивного_зала": true,
        "Расстояние_до_центра": 19,
        "Расстояние_до_метро": 4,
        "Расстояние_до_школы": 2
    },
    {
        "Название": "ЗАО «Белозерова Владимиров»",
        "Адрес": "г. Ивдель, бул. Кленовый, д. 2 к. 6/2, 034774",
        "Количество_этажей": 29,
        "Количество_квартир": 203,
        "Год_постройки": "1974",
        "Тип_материала": "железобетон",
        "Площадь_квартиры": 80,
        "Количество_жителей": 225,
        "Наличие_лифта": true,
        "Наличие_охраны": true,
        "Наличие_парковки": false,
        "Расход_энергии_на_дом": 44968,
        "Наличие_спортивного_зала": false,
        "Расстояние_до_центра": 3,
        "Расстояние_до_метро": 10,
        "Расстояние_до_школы": 2
    },
    {
        "Название": "АО «Кузьмин, Сысоева и Терентьева»",
        "Адрес": "ст. Анадырь, ул. Майская, д. 64, 186846",
        "Количество_этажей": 47,
        "Количество_квартир": 329,
        "Год_постройки": "1998",
        "Тип_материала": "кирпич",
        "Площадь_квартиры": 113,
        "Количество_жителей": 75,
        "Наличие_лифта": true,
        "Наличие_охраны": true,
        "Наличие_парковки": false,
        "Расход_энергии_на_дом": 21724,
        "Наличие_спортивного_зала": false,
        "Расстояние_до_центра": 12,
        "Расстояние_до_метро": 4,
        "Расстояние_до_школы": 4
    },
    {
        "Название": "РАО «Харитонова Фокин»",
        "Адрес": "клх Саров (Морд.), пер. Клубный, д. 85, 129527",
        "Количество_этажей": 50,
        "Количество_квартир": 350,
        "Год_постройки": "2023",
        "Тип_материала": "стекло",
        "Площадь_квартиры": 84,
        "Количество_жителей": 396,
        "Наличие_лифта": true,
        "Наличие_охраны": true,
        "Наличие_парковки": false,
        "Расход_энергии_на_дом": 39970,
        "Наличие_спортивного_зала": true,
        "Расстояние_до_центра": 12,
        "Расстояние_до_метро": 7,
        "Расстояние_до_школы": 3
    },
    {
        "Название": "РАО «Белякова, Кабанова и Макарова»",
        "Адрес": "д. Красноуральск, пер. Сельский, д. 95, 502600",
        "Количество_этажей": 27,
        "Количество_квартир": 189,
        "Год_постройки": "2005",
        "Тип_материала": "стекло",
        "Площадь_квартиры": 113,
        "Количество_жителей": 433,
        "Наличие_лифта": true,
        "Наличие_охраны": true,
        "Наличие_парковки": true,
        "Расход_энергии_на_дом": 18847,
        "Наличие_спортивного_зала": false,
        "Расстояние_до_центра": 7,
        "Расстояние_до_метро": 10,
        "Расстояние_до_школы": 3
    },
    {
        "Название": "Казаков Инкорпорэйтед",
        "Адрес": "к. Омск, наб. Подлесная, д. 546 стр. 105, 357333",
        "Количество_этажей": 20,
        "Количество_квартир": 140,
        "Год_постройки": "1988",
        "Тип_материала": "стекло",
        "Площадь_квартиры": 98,
        "Количество_жителей": 283,
        "Наличие_лифта": true,
        "Наличие_охраны": true,
        "Наличие_парковки": false,
        "Расход_энергии_на_дом": 38793,
        "Наличие_спортивного_зала": true,
        "Расстояние_до_центра": 16,
        "Расстояние_до_метро": 4,
        "Расстояние_до_школы": 1
    },
    {
        "Название": "АО «Титов»",
        "Адрес": "п. Заводоуковск, алл. Кленовая, д. 2/7 к. 822, 241804",
        "Количество_этажей": 34,
        "Количество_квартир": 238,
        "Год_постройки": "1996",
        "Тип_материала": "железобетон",
        "Площадь_квартиры": 116,
        "Количество_жителей": 266,
        "Наличие_лифта": true,
        "Наличие_охраны": true,
        "Наличие_парковки": false,
        "Расход_энергии_на_дом": 35322,
        "Наличие_спортивного_зала": true,
        "Расстояние_до_центра": 1,
        "Расстояние_до_метро": 1,
        "Расстояние_до_школы": 2
    },
    {
        "Название": "ОАО «Селиверстова»",
        "Адрес": "ст. Урус-Мартан, алл. Ударная, д. 62 стр. 80, 289138",
        "Количество_этажей": 43,
        "Количество_квартир": 301,
        "Год_постройки": "1981",
        "Тип_материала": "стекло",
        "Площадь_квартиры": 199,
        "Количество_жителей": 205,
        "Наличие_лифта": true,
        "Наличие_охраны": false,
        "Наличие_парковки": false,
        "Расход_энергии_на_дом": 25109,
        "Наличие_спортивного_зала": false,
        "Расстояние_до_центра": 11,
        "Расстояние_до_метро": 4,
        "Расстояние_до_школы": 2
    },
    {
        "Название": "Горшков Инкорпорэйтед",
        "Адрес": "п. Калязин, наб. Гафури, д. 720, 860660",
        "Количество_этажей": 35,
        "Количество_квартир": 245,
        "Год_постройки": "2018",
        "Тип_материала": "железобетон",
        "Площадь_квартиры": 188,
        "Количество_жителей": 487,
        "Наличие_лифта": true,
        "Наличие_охраны": true,
        "Наличие_парковки": false,
        "Расход_энергии_на_дом": 44521,
        "Наличие_спортивного_зала": false,
        "Расстояние_до_центра": 14,
        "Расстояние_до_метро": 7,
        "Расстояние_до_школы": 2
    }
]