[
    {
        "Название": "РАО «Чернова-Попова»",
        "Адрес": "п. Алексин, пр. Кузнецкий, д. 3/9 стр. 60, 713722",
        "Количество_этажей": 35,
        "Количество_квартир": 245,
        "Год_постройки": "2001",
        "Тип_материала": "железобетон",
        "Площадь_квартиры": 194,
        "Количество_жителей": 248,
        "Наличие_лифта": true,
        "Наличие_охраны": false,
        "Наличие_парковки": true,
        "Расход_энергии_на_дом": 20333,
        "Наличие_спортивного_зала": false,
        "Расстояние_до_центра": 3,
        "Расстояние_до_метро": 10,
        "Расстояние_до_школы": 5
    },
    {
        "Название": "РАО «Блинов-Лазарева»",
        "Адрес": "п. Коломна, ш. Цветочное, д. 90 к. 764, 928067",
        "Количество_этажей": 36,
        "Количество_квартир": 252,
        "Год_постройки": "2005",
        "Тип_материала": "стекло",
        "Площадь_квартиры": 111,
        "Количество_жителей": 447,
        "Наличие_лифта": true,
        "Наличие_охраны": false,
        "Наличие_парковки": true,
        "Расход_энергии_на_дом": 41706,
        "Наличие_спортивного_зала": true,
        "Расстояние_до_центра": 7,
        "Расстояние_до_метро": 8,
        "Расстояние_до_школы": 1
    },
    {
        "Название": "НПО «Гурьева, Андреев и Колесников»",
        "Адрес": "д. Сосногорск, ш. Приозерное, д. 72 стр. 3/4, 359946",
        "Количество_этажей": 30,
        "Количество_квартир": 210,
        "Год_постройки": "2010",
        "Тип_материала": "железобетон",
        "Площадь_квартиры": 192,
        "Количество_жителей": 265,
        "Наличие_лифта": true,
        "Наличие_охраны": true,
        "Наличие_парковки": false,
        "Расход_энергии_на_дом": 28253,
        "Наличие_спортивного_зала": true,
        "Расстояние_до_центра": 19,
        "Расстояние_до_метро": 7,
        "Расстояние_до_школы": 2
    },
    {
        "Название": "РАО «Яковлев Ершов»",
        "Адрес": "п. Серов, алл. Вольная, д. 840 к. 1, 463415",
        "Количество_этажей": 23,
        "Количество_квартир": 161,
        "Год_постройки": "2011",
        "Тип_материала": "кирпич",
        "Площадь_квартиры": 113,
        "Количество_жителей": 432,
        "Наличие_лифта": true,
        "Наличие_охраны": true,
        "Наличие_парковки": true,
        "Расход_энергии_на_дом": 21051,
        "Наличие_спортивного_зала": true,
        "Расстояние_до_центра": 11,
        "Расстояние_до_метро": 5,
        "Расстояние_до_школы": 3
    },
    {
        "Название": "ООО «Русакова, Емельянов и Прохоров»",
        "Адрес": "п. Чусовой, ул. Ветеранов, д. 3/1 к. 6, 734451",
        "Количество_этажей": 34,
        "Количество_квартир": 238,
        "Год_постройки": "1981",
        "Тип_материала": "железобетон",
        "Площадь_квартиры": 135,
        "Количество_жителей": 128,
        "Наличие_лифта": true,
        "Наличие_охраны": true,
        "Наличие_парковки": true,
        "Расход_энергии_на_дом": 17081,
        "Наличие_спортивного_зала": true,
        "Расстояние_до_центра": 18,
        "Расстояние_до_метро": 6,
        "Расстояние_до_школы": 2
    },
    {
        "Название": "Велесстрой",
        "Адрес": "ст. Валдай, пер. Енисейский, д. 9 к. 10, 707007",
        "Количество_этажей": 41,
        "Количество_квартир": 287,
        "Год_постройки": "1975",
        "Тип_материала": "стекло",
        "Площадь_квартиры": 52,
        "Количество_жителей": 156,
        "Наличие_лифта": true,
        "Наличие_охраны": true,
        "Наличие_парковки": true,
        "Расход_энергии_на_дом": 30142,
        "Наличие_спортивного_зала": true,
        "Расстояние_до_центра": 20,
        "Расстояние_до_метро": 9,
        "Расстояние_до_школы": 5
    },
    {
        "Название": "ЗАО «Хохлов-Мельников»",
        "Адрес": "к. Чехов, наб. Гафури, д. 4/3, 415337",
        "Количество_этажей": 31,
        "Количество_квартир": 217,
        "Год_постройки": "2020",
        "Тип_материала": "железобетон",
        "Площадь_квартиры": 69,
        "Количество_жителей": 276,
        "Наличие_лифта": true,
        "Наличие_охраны": true,
        "Наличие_парковки": false,
        "Расход_энергии_на_дом": 35546,
        "Наличие_спортивного_зала": false,
        "Расстояние_до_центра": 6,
        "Расстояние_до_метро": 4,
        "Расстояние_до_школы": 3
    },
    {
        "Название": "АО «Овчинников Веселов»",
        "Адрес": "д. Абинск, наб. Сенная, д. 28 к. 7/8, 316018",
        "Количество_этажей": 31,
        "Количество_квартир": 217,
        "Год_постройки": "2009",
        "Тип_материала": "железобетон",
        "Площадь_квартиры": 185,
        "Количество_жителей": 218,
        "Наличие_лифта": true,
        "Наличие_охраны": true,
        "Наличие_парковки": true,
        "Расход_энергии_на_дом": 41481,
        "Наличие_спортивного_зала": false,
        "Расстояние_до_центра": 9,
        "Расстояние_до_метро": 3,
        "Расстояние_до_школы": 3
    },
    {
        "Название": "ОАО «Николаева-Быков»",
        "Адрес": "п. Териберка, ул. Сибирская, д. 5 к. 55, 108657",
        "Количество_этажей": 23,
        "Количество_квартир": 161,
        "Год_постройки": "1990",
        "Тип_материала": "железобетон",
        "Площадь_квартиры": 59,
        "Количество_жителей": 489,
        "Наличие_лифта": true,
        "Наличие_охраны": false,
        "Наличие_парковки": false,
        "Расход_энергии_на_дом": 12729,
        "Наличие_спортивного_зала": false,
        "Расстояние_до_центра": 11,
        "Расстояние_до_метро": 2,
        "Расстояние_до_школы": 2
    },
    {
        "Название": "Горбунов и партнеры",
        "Адрес": "к. Уфа, ул. Красноярская, д. 4 к. 3, 065828",
        "Количество_этажей": 28,
        "Количество_квартир": 196,
        "Год_постройки": "2021",
        "Тип_материала": "стекло",
        "Площадь_квартиры": 127,
        "Количество_жителей": 412,
        "Наличие_лифта": true,
        "Наличие_охраны": true,
        "Наличие_парковки": false,
        "Расход_энергии_на_дом": 16171,
        "Наличие_спортивного_зала": false,
        "Расстояние_до_центра": 20,
        "Расстояние_до_метро": 7,
        "Расстояние_до_школы": 2
    },
    {
        "Название": "ЗАО «Мамонтова-Королева»",
        "Адрес": "п. Нязепетровск, наб. Окружная, д. 4/6 к. 8/3, 490596",
        "Количество_этажей": 46,
        "Количество_квартир": 322,
        "Год_постройки": "2007",
        "Тип_материала": "железобетон",
        "Площадь_квартиры": 187,
        "Количество_жителей": 409,
        "Наличие_лифта": true,
        "Наличие_охраны": true,
        "Наличие_парковки": false,
        "Расход_энергии_на_дом": 40597,
        "Наличие_спортивного_зала": false,
        "Расстояние_до_центра": 20,
        "Расстояние_до_метро": 2,
        "Расстояние_до_школы": 3
    },
    {
        "Название": "ЗАО «Русаков Николаев»",
        "Адрес": "клх Игнашино, наб. Красноармейская, д. 8 стр. 6/6, 298862",
        "Количество_этажей": 22,
        "Количество_квартир": 154,
        "Год_постройки": "2006",
        "Тип_материала": "стекло",
        "Площадь_квартиры": 61,
        "Количество_жителей": 195,
        "Наличие_лифта": true,
        "Наличие_охраны": true,
        "Наличие_парковки": false,
        "Расход_энергии_на_дом": 46185,
        "Наличие_спортивного_зала": false,
        "Расстояние_до_центра": 9,
        "Расстояние_до_метро": 6,
        "Расстояние_до_школы": 3
    },
    {
        "Название": "РАО «Кудрявцева Елисеева»",
        "Адрес": "д. Завьялиха, пер. 50 лет ВЛКСМ, д. 7 стр. 717, 436021",
        "Количество_этажей": 28,
        "Количество_квартир": 196,
        "Год_постройки": "2011",
        "Тип_материала": "кирпич",
        "Площадь_квартиры": 134,
        "Количество_жителей": 147,
        "Наличие_лифта": true,
        "Наличие_охраны": false,
        "Наличие_парковки": false,
        "Расход_энергии_на_дом": 20726,
        "Наличие_спортивного_зала": true,
        "Расстояние_до_центра": 10,
        "Расстояние_до_метро": 4,
        "Расстояние_до_школы": 2
    },
    {
        "Название": "АО «Рябова»",
        "Адрес": "д. Чебаркуль, ул. Демьяна Бедного, д. 133 к. 2, 728633",
        "Количество_этажей": 35,
        "Количество_квартир": 245,
        "Год_постройки": "1975",
        "Тип_материала": "железобетон",
        "Площадь_квартиры": 62,
        "Количество_жителей": 207,
        "Наличие_лифта": false,
        "Наличие_охраны": true,
        "Наличие_парковки": true,
        "Расход_энергии_на_дом": 41284,
        "Наличие_спортивного_зала": true,
        "Расстояние_до_центра": 13,
        "Расстояние_до_метро": 3,
        "Расстояние_до_школы": 5
    },
    {
        "Название": "НПО «Мамонтова, Аксенов и Фадеева»",
        "Адрес": "клх Агинское (Забайк.), наб. Юбилейная, д. 9 стр. 9/6, 429867",
        "Количество_этажей": 33,
        "Количество_квартир": 231,
        "Год_постройки": "1987",
        "Тип_материала": "стекло",
        "Площадь_квартиры": 58,
        "Количество_жителей": 401,
        "Наличие_лифта": true,
        "Наличие_охраны": true,
        "Наличие_парковки": false,
        "Расход_энергии_на_дом": 18423,
        "Наличие_спортивного_зала": false,
        "Расстояние_до_центра": 14,
        "Расстояние_до_метро": 9,
        "Расстояние_до_школы": 4
    }
]