[
    {
        "Название": "ООО «Соловьева-Ильин»",
        "Адрес": "г. Льгов, пр. Вавилова, д. 655 стр. 3, 786835",
        "Количество_этажей": 39,
        "Количество_квартир": 273,
        "Год_постройки": "2006",
        "Тип_материала": "железобетон",
        "Площадь_квартиры": 148,
        "Количество_жителей": 415,
        "Наличие_лифта": true,
        "Наличие_охраны": true,
        "Наличие_парковки": true,
        "Расход_энергии_на_дом": 10675,
        "Наличие_спортивного_зала": false,
        "Расстояние_до_центра": 17,
        "Расстояние_до_метро": 5,
        "Расстояние_до_школы": 3
    },
    {
        "Название": "Турова Лимитед",
        "Адрес": "п. Бийск, пр. Новоселов, д. 7, 311181",
        "Количество_этажей": 25,
        "Количество_квартир": 175,
        "Год_постройки": "2008",
        "Тип_материала": "стекло",
        "Площадь_квартиры": 92,
        "Количество_жителей": 51,
        "Наличие_лифта": true,
        "Наличие_охраны": true,
        "Наличие_парковки": true,
        "Расход_энергии_на_дом": 24266,
        "Наличие_спортивного_зала": true,
        "Расстояние_до_центра": 12,
        "Расстояние_до_метро": 2,
        "Расстояние_до_школы": 4
    },
    {
        "Название": "ОАО «Панфилов-Уваров»",
        "Адрес": "с. Саратов, ш. Светлое, д. 7, 317449",
        "Количество_этажей": 22,
        "Количество_квартир": 154,
        "Год_постройки": "1975",
        "Тип_материала": "стекло",
        "Площадь_квартиры": 195,
        "Количество_жителей": 208,
        "Наличие_лифта": true,
        "Наличие_охраны": true,
        "Наличие_парковки": true,
        "Расход_энергии_на_дом": 48188,
        "Наличие_спортивного_зала": false,
        "Расстояние_до_центра": 3,
        "Расстояние_до_метро": 5,
        "Расстояние_до_школы": 1
    },
    {
        "Название": "ОАО «Кабанова, Зыков и Никитин»",
        "Адрес": "к. Тавда, алл. Курчатова, д. 1, 935575",
        "Количество_этажей": 26,
        "Количество_квартир": 182,
        "Год_постройки": "2016",
        "Тип_материала": "железобетон",
        "Площадь_квартиры": 122,
        "Количество_жителей": 458,
        "Наличие_лифта": true,
        "Наличие_охраны": false,
        "Наличие_парковки": false,
        "Расход_энергии_на_дом": 10393,
        "Наличие_спортивного_зала": false,
        "Расстояние_до_центра": 2,
        "Расстояние_до_метро": 6,
        "Расстояние_до_школы": 4
    },
    {
        "Название": "РАО «Афанасьев»",
        "Адрес": "клх Бирск, пер. Алтайский, д. 832 стр. 81, 361210",
        "Количество_этажей": 48,
        "Количество_квартир": 336,
        "Год_постройки": "2005",
        "Тип_материала": "стекло",
        "Площадь_квартиры": 99,
        "Количество_жителей": 272,
        "Наличие_лифта": true,
        "Наличие_охраны": true,
        "Наличие_парковки": false,
        "Расход_энергии_на_дом": 15192,
        "Наличие_спортивного_зала": true,
        "Расстояние_до_центра": 7,
        "Расстояние_до_метро": 4,
        "Расстояние_до_школы": 1
    },
    {
        "Название": "АСР-Углесбыт",
        "Адрес": "к. Раменское, ул. Песчаная, д. 35 к. 714, 691192",
        "Количество_этажей": 36,
        "Количество_квартир": 252,
        "Год_постройки": "2006",
        "Тип_материала": "стекло",
        "Площадь_квартиры": 161,
        "Количество_жителей": 73,
        "Наличие_лифта": true,
        "Наличие_охраны": false,
        "Наличие_парковки": false,
        "Расход_энергии_на_дом": 24718,
        "Наличие_спортивного_зала": false,
        "Расстояние_до_центра": 16,
        "Расстояние_до_метро": 7,
        "Расстояние_до_школы": 5
    },
    {
        "Название": "Исаев Групп",
        "Адрес": "г. Кинешма, алл. Розы Люксембург, д. 6 к. 214, 054699",
        "Количество_этажей": 25,
        "Количество_квартир": 175,
        "Год_постройки": "1982",
        "Тип_материала": "кирпич",
        "Площадь_квартиры": 138,
        "Количество_жителей": 368,
        "Наличие_лифта": true,
        "Наличие_охраны": true,
        "Наличие_парковки": false,
        "Расход_энергии_на_дом": 38302,
        "Наличие_спортивного_зала": false,
        "Расстояние_до_центра": 5,
        "Расстояние_до_метро": 3,
        "Расстояние_до_школы": 3
    },
    {
        "Название": "Дочки-Сыночки",
        "Адрес": "д. Соловки, наб. Дарвина, д. 6/8 стр. 35, 262623",
        "Количество_этажей": 44,
        "Количество_квартир": 308,
        "Год_постройки": "1973",
        "Тип_материала": "кирпич",
        "Площадь_квартиры": 115,
        "Количество_жителей": 330,
        "Наличие_лифта": true,
        "Наличие_охраны": false,
        "Наличие_парковки": true,
        "Расход_энергии_на_дом": 15700,
        "Наличие_спортивного_зала": false,
        "Расстояние_до_центра": 4,
        "Расстояние_до_метро": 1,
        "Расстояние_до_школы": 3
    },
    {
        "Название": "РАО «Евсеева-Уваров»",
        "Адрес": "клх Череповец, пер. Громова, д. 1 к. 521, 753827",
        "Количество_этажей": 22,
        "Количество_квартир": 154,
        "Год_постройки": "2018",
        "Тип_материала": "стекло",
        "Площадь_квартиры": 75,
        "Количество_жителей": 316,
        "Наличие_лифта": true,
        "Наличие_охраны": true,
        "Наличие_парковки": true,
        "Расход_энергии_на_дом": 34380,
        "Наличие_спортивного_зала": false,
        "Расстояние_до_центра": 5,
        "Расстояние_до_метро": 3,
        "Расстояние_до_школы": 2
    },
    {
        "Название": "ООО «Костин»",
        "Адрес": "клх Воскресенск, ш. Чехова, д. 65 к. 99, 128942",
        "Количество_этажей": 34,
        "Количество_квартир": 238,
        "Год_постройки": "1988",
        "Тип_материала": "стекло",
        "Площадь_квартиры": 135,
        "Количество_жителей": 238,
        "Наличие_лифта": true,
        "Наличие_охраны": false,
        "Наличие_парковки": true,
        "Расход_энергии_на_дом": 36951,
        "Наличие_спортивного_зала": false,
        "Расстояние_до_центра": 15,
        "Расстояние_до_метро": 6,
        "Расстояние_до_школы": 2
    },
    {
        "Название": "НПО «Горбачева-Гордеев»",
        "Адрес": "клх Дно, ул. Локомотивная, д. 3, 701615",
        "Количество_этажей": 26,
        "Количество_квартир": 182,
        "Год_постройки": "1971",
        "Тип_материала": "стекло",
        "Площадь_квартиры": 117,
        "Количество_жителей": 456,
        "Наличие_лифта": true,
        "Наличие_охраны": true,
        "Наличие_парковки": true,
        "Расход_энергии_на_дом": 30891,
        "Наличие_спортивного_зала": false,
        "Расстояние_до_центра": 9,
        "Расстояние_до_метро": 6,
        "Расстояние_до_школы": 2
    },
    {
        "Название": "Большакова Инк",
        "Адрес": "ст. Касимов, ул. Макаренко, д. 917 к. 33, 385438",
        "Количество_этажей": 20,
        "Количество_квартир": 140,
        "Год_постройки": "1977",
        "Тип_материала": "железобетон",
        "Площадь_квартиры": 158,
        "Количество_жителей": 336,
        "Наличие_лифта": true,
        "Наличие_охраны": false,
        "Наличие_парковки": true,
        "Расход_энергии_на_дом": 39599,
        "Наличие_спортивного_зала": true,
        "Расстояние_до_центра": 19,
        "Расстояние_до_метро": 9,
        "Расстояние_до_школы": 3
    },
    {
        "Название": "ИП «Лыткин, Игнатова и Шашкова»",
        "Адрес": "д. Красноуфимск, ш. Школьное, д. 6, 576732",
        "Количество_этажей": 22,
        "Количество_квартир": 154,
        "Год_постройки": "2006",
        "Тип_материала": "стекло",
        "Площадь_квартиры": 181,
        "Количество_жителей": 372,
        "Наличие_лифта": false,
        "Наличие_охраны": false,
        "Наличие_парковки": false,
        "Расход_энергии_на_дом": 29110,
        "Наличие_спортивного_зала": true,
        "Расстояние_до_центра": 10,
        "Расстояние_до_метро": 1,
        "Расстояние_до_школы": 5
    },
    {
        "Название": "ООО «Николаева, Романов и Архипова»",
        "Адрес": "п. Оренбург, бул. Юбилейный, д. 2/3 стр. 92, 572265",
        "Количество_этажей": 49,
        "Количество_квартир": 343,
        "Год_постройки": "2004",
        "Тип_материала": "кирпич",
        "Площадь_квартиры": 129,
        "Количество_жителей": 191,
        "Наличие_лифта": true,
        "Наличие_охраны": true,
        "Наличие_парковки": true,
        "Расход_энергии_на_дом": 26212,
        "Наличие_спортивного_зала": false,
        "Расстояние_до_центра": 16,
        "Расстояние_до_метро": 6,
        "Расстояние_до_школы": 1
    },
    {
        "Название": "Борисхоф 1 (Inchcape)",
        "Адрес": "ст. Сосногорск, алл. Ярославская, д. 849, 731718",
        "Количество_этажей": 47,
        "Количество_квартир": 329,
        "Год_постройки": "1991",
        "Тип_материала": "железобетон",
        "Площадь_квартиры": 189,
        "Количество_жителей": 401,
        "Наличие_лифта": true,
        "Наличие_охраны": true,
        "Наличие_парковки": false,
        "Расход_энергии_на_дом": 41593,
        "Наличие_спортивного_зала": false,
        "Расстояние_до_центра": 19,
        "Расстояние_до_метро": 9,
        "Расстояние_до_школы": 4
    }
]