[
    {
        "Название": "АО «Дмитриева-Коновалова»",
        "Адрес": "клх Ивдель, пр. Кочубея, д. 7 стр. 41, 343368",
        "Количество_этажей": 30,
        "Количество_квартир": 210,
        "Год_постройки": "2004",
        "Тип_материала": "кирпич",
        "Площадь_квартиры": 110,
        "Количество_жителей": 144,
        "Наличие_лифта": true,
        "Наличие_охраны": true,
        "Наличие_парковки": false,
        "Расход_энергии_на_дом": 28465,
        "Наличие_спортивного_зала": false,
        "Расстояние_до_центра": 14,
        "Расстояние_до_метро": 4,
        "Расстояние_до_школы": 2
    },
    {
        "Название": "РАО «Тарасов-Комиссарова»",
        "Адрес": "г. Камышин, ш. Трудовое, д. 11 к. 5/7, 951183",
        "Количество_этажей": 40,
        "Количество_квартир": 280,
        "Год_постройки": "2002",
        "Тип_материала": "железобетон",
        "Площадь_квартиры": 192,
        "Количество_жителей": 478,
        "Наличие_лифта": true,
        "Наличие_охраны": true,
        "Наличие_парковки": false,
        "Расход_энергии_на_дом": 14800,
        "Наличие_спортивного_зала": true,
        "Расстояние_до_центра": 12,
        "Расстояние_до_метро": 4,
        "Расстояние_до_школы": 4
    },
    {
        "Название": "ОАО «Ковалева Филатова»",
        "Адрес": "п. Мостовской, ул. Нефтяников, д. 69, 708891",
        "Количество_этажей": 42,
        "Количество_квартир": 294,
        "Год_постройки": "1975",
        "Тип_материала": "железобетон",
        "Площадь_квартиры": 117,
        "Количество_жителей": 317,
        "Наличие_лифта": true,
        "Наличие_охраны": true,
        "Наличие_парковки": true,
        "Расход_энергии_на_дом": 27484,
        "Наличие_спортивного_зала": true,
        "Расстояние_до_центра": 15,
        "Расстояние_до_метро": 8,
        "Расстояние_до_школы": 3
    },
    {
        "Название": "ЗАО «Воробьев Селиверстова»",
        "Адрес": "д. Ряжск, пр. Советов, д. 330 стр. 5, 906452",
        "Количество_этажей": 50,
        "Количество_квартир": 350,
        "Год_постройки": "1998",
        "Тип_материала": "стекло",
        "Площадь_квартиры": 159,
        "Количество_жителей": 215,
        "Наличие_лифта": true,
        "Наличие_охраны": true,
        "Наличие_парковки": true,
        "Расход_энергии_на_дом": 43916,
        "Наличие_спортивного_зала": false,
        "Расстояние_до_центра": 13,
        "Расстояние_до_метро": 5,
        "Расстояние_до_школы": 1
    },
    {
        "Название": "Гугл (Google)",
        "Адрес": "к. Лодейное Поле, ул. Седова, д. 890 стр. 94, 739731",
        "Количество_этажей": 27,
        "Количество_квартир": 189,
        "Год_постройки": "2011",
        "Тип_материала": "кирпич",
        "Площадь_квартиры": 82,
        "Количество_жителей": 492,
        "Наличие_лифта": false,
        "Наличие_охраны": false,
        "Наличие_парковки": false,
        "Расход_энергии_на_дом": 45762,
        "Наличие_спортивного_зала": false,
        "Расстояние_до_центра": 20,
        "Расстояние_до_метро": 9,
        "Расстояние_до_школы": 5
    },
    {
        "Название": "ИП «Орлова Зыкова»",
        "Адрес": "к. Елец, пер. Слободской, д. 5/5 к. 671, 211970",
        "Количество_этажей": 48,
        "Количество_квартир": 336,
        "Год_постройки": "1993",
        "Тип_материала": "кирпич",
        "Площадь_квартиры": 79,
        "Количество_жителей": 333,
        "Наличие_лифта": true,
        "Наличие_охраны": true,
        "Наличие_парковки": false,
        "Расход_энергии_на_дом": 14447,
        "Наличие_спортивного_зала": false,
        "Расстояние_до_центра": 17,
        "Расстояние_до_метро": 5,
        "Расстояние_до_школы": 5
    },
    {
        "Название": "РАО «Зыкова-Попова»",
        "Адрес": "с. Тольятти, бул. 1 Мая, д. 25, 332548",
        "Количество_этажей": 38,
        "Количество_квартир": 266,
        "Год_постройки": "2004",
        "Тип_материала": "железобетон",
        "Площадь_квартиры": 74,
        "Количество_жителей": 275,
        "Наличие_лифта": false,
        "Наличие_охраны": true,
        "Наличие_парковки": true,
        "Расход_энергии_на_дом": 42833,
        "Наличие_спортивного_зала": false,
        "Расстояние_до_центра": 2,
        "Расстояние_до_метро": 8,
        "Расстояние_до_школы": 3
    },
    {
        "Название": "ИП «Уваров, Лебедева и Максимов»",
        "Адрес": "д. Ковров, пр. Азовский, д. 691 к. 2/1, 957879",
        "Количество_этажей": 31,
        "Количество_квартир": 217,
        "Год_постройки": "2008",
        "Тип_материала": "железобетон",
        "Площадь_квартиры": 54,
        "Количество_жителей": 103,
        "Наличие_лифта": true,
        "Наличие_охраны": true,
        "Наличие_парковки": true,
        "Расход_энергии_на_дом": 18142,
        "Наличие_спортивного_зала": true,
        "Расстояние_до_центра": 6,
        "Расстояние_до_метро": 4,
        "Расстояние_до_школы": 5
    },
    {
        "Название": "ЗАО «Горшков»",
        "Адрес": "д. Североуральск, ш. Короткое, д. 99, 820183",
        "Количество_этажей": 40,
        "Количество_квартир": 280,
        "Год_постройки": "2004",
        "Тип_материала": "кирпич",
        "Площадь_квартиры": 181,
        "Количество_жителей": 183,
        "Наличие_лифта": true,
        "Наличие_охраны": true,
        "Наличие_парковки": true,
        "Расход_энергии_на_дом": 19061,
        "Наличие_спортивного_зала": true,
        "Расстояние_до_центра": 12,
        "Расстояние_до_метро": 7,
        "Расстояние_до_школы": 1
    },
    {
        "Название": "Кабанов и партнеры",
        "Адрес": "с. Домбай, пр. Береговой, д. 583 стр. 632, 728671",
        "Количество_этажей": 35,
        "Количество_квартир": 245,
        "Год_постройки": "2007",
        "Тип_материала": "кирпич",
        "Площадь_квартиры": 85,
        "Количество_жителей": 273,
        "Наличие_лифта": true,
        "Наличие_охраны": true,
        "Наличие_парковки": true,
        "Расход_энергии_на_дом": 29460,
        "Наличие_спортивного_зала": false,
        "Расстояние_до_центра": 19,
        "Расстояние_до_метро": 8,
        "Расстояние_до_школы": 3
    },
    {
        "Название": "НПО «Пономарев»",
        "Адрес": "г. Ногинск (Моск.), ш. Л.Толстого, д. 60 стр. 2, 591247",
        "Количество_этажей": 22,
        "Количество_квартир": 154,
        "Год_постройки": "2019",
        "Тип_материала": "железобетон",
        "Площадь_квартиры": 188,
        "Количество_жителей": 142,
        "Наличие_лифта": true,
        "Наличие_охраны": false,
        "Наличие_парковки": true,
        "Расход_энергии_на_дом": 38238,
        "Наличие_спортивного_зала": false,
        "Расстояние_до_центра": 13,
        "Расстояние_до_метро": 1,
        "Расстояние_до_школы": 3
    },
    {
        "Название": "Жданов Инкорпорэйтед",
        "Адрес": "д. Игнашино, ул. 60 лет СССР, д. 868, 681259",
        "Количество_этажей": 43,
        "Количество_квартир": 301,
        "Год_постройки": "1981",
        "Тип_материала": "железобетон",
        "Площадь_квартиры": 149,
        "Количество_жителей": 316,
        "Наличие_лифта": true,
        "Наличие_охраны": true,
        "Наличие_парковки": false,
        "Расход_энергии_на_дом": 22612,
        "Наличие_спортивного_зала": false,
        "Расстояние_до_центра": 5,
        "Расстояние_до_метро": 9,
        "Расстояние_до_школы": 2
    },
    {
        "Название": "Новороссийский морской торговый порт",
        "Адрес": "д. Оленегорск (Якут.), пр. Механический, д. 921 стр. 7, 403766",
        "Количество_этажей": 24,
        "Количество_квартир": 168,
        "Год_постройки": "2000",
        "Тип_материала": "кирпич",
        "Площадь_квартиры": 165,
        "Количество_жителей": 316,
        "Наличие_лифта": true,
        "Наличие_охраны": true,
        "Наличие_парковки": true,
        "Расход_энергии_на_дом": 34977,
        "Наличие_спортивного_зала": true,
        "Расстояние_до_центра": 19,
        "Расстояние_до_метро": 10,
        "Расстояние_до_школы": 5
    },
    {
        "Название": "Мартынов Инкорпорэйтед",
        "Адрес": "клх Кинешма, наб. Тюленина, д. 78 к. 5/7, 261345",
        "Количество_этажей": 21,
        "Количество_квартир": 147,
        "Год_постройки": "2006",
        "Тип_материала": "стекло",
        "Площадь_квартиры": 188,
        "Количество_жителей": 209,
        "Наличие_лифта": true,
        "Наличие_охраны": true,
        "Наличие_парковки": false,
        "Расход_энергии_на_дом": 17822,
        "Наличие_спортивного_зала": false,
        "Расстояние_до_центра": 4,
        "Расстояние_до_метро": 7,
        "Расстояние_до_школы": 4
    },
    {
        "Название": "АО «Громов»",
        "Адрес": "д. Троицко-Печорск, бул. Кузнецкий, д. 6/9 стр. 706, 527423",
        "Количество_этажей": 34,
        "Количество_квартир": 238,
        "Год_постройки": "1982",
        "Тип_материала": "кирпич",
        "Площадь_квартиры": 112,
        "Количество_жителей": 471,
        "Наличие_лифта": true,
        "Наличие_охраны": true,
        "Наличие_парковки": false,
        "Расход_энергии_на_дом": 24061,
        "Наличие_спортивного_зала": false,
        "Расстояние_до_центра": 17,
        "Расстояние_до_метро": 10,
        "Расстояние_до_школы": 3
    }
]