[
    {
        "Название": "АО «Владимирова, Кузьмин и Белозерова»",
        "Адрес": "г. Уссурийск, наб. Алтайская, д. 805 к. 993, 220632",
        "Количество_этажей": 40,
        "Количество_квартир": 280,
        "Год_постройки": "2016",
        "Тип_материала": "железобетон",
        "Площадь_квартиры": 177,
        "Количество_жителей": 452,
        "Наличие_лифта": true,
        "Наличие_охраны": true,
        "Наличие_парковки": false,
        "Расход_энергии_на_дом": 39618,
        "Наличие_спортивного_зала": false,
        "Расстояние_до_центра": 7,
        "Расстояние_до_метро": 8,
        "Расстояние_до_школы": 5
    },
    {
        "Название": "ИП «Панфилова»",
        "Адрес": "с. Прохладный, ул. Черемушки, д. 86 к. 2, 460216",
        "Количество_этажей": 28,
        "Количество_квартир": 196,
        "Год_постройки": "1989",
        "Тип_материала": "железобетон",
        "Площадь_квартиры": 89,
        "Количество_жителей": 427,
        "Наличие_лифта": true,
        "Наличие_охраны": true,
        "Наличие_парковки": true,
        "Расход_энергии_на_дом": 35346,
        "Наличие_спортивного_зала": false,
        "Расстояние_до_центра": 12,
        "Расстояние_до_метро": 8,
        "Расстояние_до_школы": 4
    },
    {
        "Название": "Филиппова Лимитед",
        "Адрес": "д. Шелагонцы, бул. 8-е Марта, д. 766, 028768",
        "Количество_этажей": 47,
        "Количество_квартир": 329,
        "Год_постройки": "1996",
        "Тип_материала": "железобетон",
        "Площадь_квартиры": 110,
        "Количество_жителей": 329,
        "Наличие_лифта": false,
        "Наличие_охраны": true,
        "Наличие_парковки": false,
        "Расход_энергии_на_дом": 31264,
        "Наличие_спортивного_зала": false,
        "Расстояние_до_центра": 10,
        "Расстояние_до_метро": 3,
        "Расстояние_до_школы": 5
    },
    {
        "Название": "Васильева Групп",
        "Адрес": "клх Каменск-Шахтинский, алл. Рылеева, д. 89 стр. 71, 705913",
        "Количество_этажей": 44,
        "Количество_квартир": 308,
        "Год_постройки": "2001",
        "Тип_материала": "стекло",
        "Площадь_квартиры": 68,
        "Количество_жителей": 87,
        "Наличие_лифта": true,
        "Наличие_охраны": true,
        "Наличие_парковки": false,
        "Расход_энергии_на_дом": 15060,
        "Наличие_спортивного_зала": true,
        "Расстояние_до_центра": 2,
        "Расстояние_до_метро": 3,
        "Расстояние_до_школы": 1
    },
    {
        "Название": "НПО «Данилова Шубин»",
        "Адрес": "п. Валаам, пер. Торговый, д. 4/4 стр. 90, 312163",
        "Количество_этажей": 22,
        "Количество_квартир": 154,
        "Год_постройки": "2014",
        "Тип_материала": "железобетон",
        "Площадь_квартиры": 170,
        "Количество_жителей": 205,
        "Наличие_лифта": false,
        "Наличие_охраны": true,
        "Наличие_парковки": false,
        "Расход_энергии_на_дом": 47995,
        "Наличие_спортивного_зала": true,
        "Расстояние_до_центра": 6,
        "Расстояние_до_метро": 2,
        "Расстояние_до_школы": 4
    },
    {
        "Название": "АО «Терентьева»",
        "Адрес": "к. Хасан, ш. Медицинское, д. 87 к. 36, 083215",
        "Количество_этажей": 43,
        "Количество_квартир": 301,
        "Год_постройки": "1999",
        "Тип_материала": "железобетон",
        "Площадь_квартиры": 177,
        "Количество_жителей": 250,
        "Наличие_лифта": true,
        "Наличие_охраны": true,
        "Наличие_парковки": false,
        "Расход_энергии_на_дом": 38858,
        "Наличие_спортивного_зала": false,
        "Расстояние_до_центра": 20,
        "Расстояние_до_метро": 5,
        "Расстояние_до_школы": 3
    },
    {
        "Название": "НПО «Фокин-Селиверстова»",
        "Адрес": "г. Коломна, пр. Придорожный, д. 429, 881325",
        "Количество_этажей": 38,
        "Количество_квартир": 266,
        "Год_постройки": "2019",
        "Тип_материала": "железобетон",
        "Площадь_квартиры": 108,
        "Количество_жителей": 276,
        "Наличие_лифта": true,
        "Наличие_охраны": false,
        "Наличие_парковки": false,
        "Расход_энергии_на_дом": 27830,
        "Наличие_спортивного_зала": true,
        "Расстояние_до_центра": 11,
        "Расстояние_до_метро": 6,
        "Расстояние_до_школы": 3
    },
    {
        "Название": "ОАО «Петухов Федотова»",
        "Адрес": "д. Кандалакша, бул. Фурманова, д. 817, 659088",
        "Количество_этажей": 23,
        "Количество_квартир": 161,
        "Год_постройки": "2002",
        "Тип_материала": "кирпич",
        "Площадь_квартиры": 87,
        "Количество_жителей": 464,
        "Наличие_лифта": true,
        "Наличие_охраны": true,
        "Наличие_парковки": true,
        "Расход_энергии_на_дом": 48509,
        "Наличие_спортивного_зала": false,
        "Расстояние_до_центра": 19,
        "Расстояние_до_метро": 10,
        "Расстояние_до_школы": 5
    },
    {
        "Название": "ИП «Агафонова, Нестерова и Брагина»",
        "Адрес": "д. Моршанск, ул. Сосновая, д. 10, 521365",
        "Количество_этажей": 28,
        "Количество_квартир": 196,
        "Год_постройки": "2013",
        "Тип_материала": "железобетон",
        "Площадь_квартиры": 112,
        "Количество_жителей": 187,
        "Наличие_лифта": false,
        "Наличие_охраны": false,
        "Наличие_парковки": false,
        "Расход_энергии_на_дом": 10355,
        "Наличие_спортивного_зала": false,
        "Расстояние_до_центра": 17,
        "Расстояние_до_метро": 4,
        "Расстояние_до_школы": 5
    },
    {
        "Название": "РАО «Гусева-Марков»",
        "Адрес": "д. Быково (метеост.), наб. Ватутина, д. 336 к. 7, 407696",
        "Количество_этажей": 48,
        "Количество_квартир": 336,
        "Год_постройки": "1983",
        "Тип_материала": "кирпич",
        "Площадь_квартиры": 194,
        "Количество_жителей": 375,
        "Наличие_лифта": true,
        "Наличие_охраны": true,
        "Наличие_парковки": true,
        "Расход_энергии_на_дом": 31200,
        "Наличие_спортивного_зала": true,
        "Расстояние_до_центра": 17,
        "Расстояние_до_метро": 7,
        "Расстояние_до_школы": 5
    },
    {
        "Название": "Степанов Лтд",
        "Адрес": "д. Ступино, алл. Восточная, д. 6 к. 6, 532450",
        "Количество_этажей": 34,
        "Количество_квартир": 238,
        "Год_постройки": "2001",
        "Тип_материала": "стекло",
        "Площадь_квартиры": 147,
        "Количество_жителей": 55,
        "Наличие_лифта": true,
        "Наличие_охраны": true,
        "Наличие_парковки": false,
        "Расход_энергии_на_дом": 38011,
        "Наличие_спортивного_зала": false,
        "Расстояние_до_центра": 2,
        "Расстояние_до_метро": 10,
        "Расстояние_до_школы": 3
    },
    {
        "Название": "АО «Кондратьева»",
        "Адрес": "с. Североуральск, бул. Совхозный, д. 5, 077771",
        "Количество_этажей": 33,
        "Количество_квартир": 231,
        "Год_постройки": "2001",
        "Тип_материала": "железобетон",
        "Площадь_квартиры": 177,
        "Количество_жителей": 162,
        "Наличие_лифта": false,
        "Наличие_охраны": true,
        "Наличие_парковки": false,
        "Расход_энергии_на_дом": 26376,
        "Наличие_спортивного_зала": true,
        "Расстояние_до_центра": 20,
        "Расстояние_до_метро": 5,
        "Расстояние_до_школы": 4
    },
    {
        "Название": "ООО «Бобылев»",
        "Адрес": "с. Дербент, бул. Линейный, д. 13 стр. 6, 802951",
        "Количество_этажей": 28,
        "Количество_квартир": 196,
        "Год_постройки": "1990",
        "Тип_материала": "кирпич",
        "Площадь_квартиры": 170,
        "Количество_жителей": 464,
        "Наличие_лифта": false,
        "Наличие_охраны": true,
        "Наличие_парковки": true,
        "Расход_энергии_на_дом": 12069,
        "Наличие_спортивного_зала": false,
        "Расстояние_до_центра": 3,
        "Расстояние_до_метро": 2,
        "Расстояние_до_школы": 4
    },
    {
        "Название": "ЛГ Электроникс Рус (LG)",
        "Адрес": "с. Чебаркуль, наб. Белинского, д. 6/8 стр. 84, 905961",
        "Количество_этажей": 29,
        "Количество_квартир": 203,
        "Год_постройки": "2019",
        "Тип_материала": "железобетон",
        "Площадь_квартиры": 59,
        "Количество_жителей": 236,
        "Наличие_лифта": true,
        "Наличие_охраны": false,
        "Наличие_парковки": true,
        "Расход_энергии_на_дом": 12535,
        "Наличие_спортивного_зала": false,
        "Расстояние_до_центра": 19,
        "Расстояние_до_метро": 5,
        "Расстояние_до_школы": 2
    },
    {
        "Название": "АО «Рогова Логинов»",
        "Адрес": "ст. Оленек, алл. Карла Либкнехта, д. 3 стр. 226, 937235",
        "Количество_этажей": 25,
        "Количество_квартир": 175,
        "Год_постройки": "2021",
        "Тип_материала": "кирпич",
        "Площадь_квартиры": 110,
        "Количество_жителей": 176,
        "Наличие_лифта": true,
        "Наличие_охраны": false,
        "Наличие_парковки": true,
        "Расход_энергии_на_дом": 40081,
        "Наличие_спортивного_зала": false,
        "Расстояние_до_центра": 6,
        "Расстояние_до_метро": 8,
        "Расстояние_до_школы": 3
    }
]