[
    {
        "Название": "НПО «Королева»",
        "Адрес": "д. Плесецк, ул. Тургенева, д. 681 стр. 18, 429855",
        "Количество_этажей": 37,
        "Количество_квартир": 259,
        "Год_постройки": "1973",
        "Тип_материала": "железобетон",
        "Площадь_квартиры": 80,
        "Количество_жителей": 440,
        "Наличие_лифта": true,
        "Наличие_охраны": false,
        "Наличие_парковки": true,
        "Расход_энергии_на_дом": 30165,
        "Наличие_спортивного_зала": true,
        "Расстояние_до_центра": 11,
        "Расстояние_до_метро": 4,
        "Расстояние_до_школы": 1
    },
    {
        "Название": "ОАО «Рожкова, Панфилов и Котов»",
        "Адрес": "с. Амурск, наб. Братская, д. 10, 838619",
        "Количество_этажей": 40,
        "Количество_квартир": 280,
        "Год_постройки": "1992",
        "Тип_материала": "стекло",
        "Площадь_квартиры": 149,
        "Количество_жителей": 334,
        "Наличие_лифта": true,
        "Наличие_охраны": true,
        "Наличие_парковки": false,
        "Расход_энергии_на_дом": 32515,
        "Наличие_спортивного_зала": false,
        "Расстояние_до_центра": 15,
        "Расстояние_до_метро": 4,
        "Расстояние_до_школы": 4
    },
    {
        "Название": "Русэнергоресурс",
        "Адрес": "клх Шарья, наб. Макаренко, д. 5/1 стр. 2/8, 305545",
        "Количество_этажей": 49,
        "Количество_квартир": 343,
        "Год_постройки": "2016",
        "Тип_материала": "кирпич",
        "Площадь_квартиры": 165,
        "Количество_жителей": 414,
        "Наличие_лифта": true,
        "Наличие_охраны": false,
        "Наличие_парковки": true,
        "Расход_энергии_на_дом": 31385,
        "Наличие_спортивного_зала": false,
        "Расстояние_до_центра": 2,
        "Расстояние_до_метро": 10,
        "Расстояние_до_школы": 1
    },
    {
        "Название": "ИП «Попова»",
        "Адрес": "с. Губкинский, бул. Березовый, д. 6/1 к. 8, 925907",
        "Количество_этажей": 43,
        "Количество_квартир": 301,
        "Год_постройки": "2017",
        "Тип_материала": "кирпич",
        "Площадь_квартиры": 143,
        "Количество_жителей": 256,
        "Наличие_лифта": true,
        "Наличие_охраны": true,
        "Наличие_парковки": false,
        "Расход_энергии_на_дом": 26108,
        "Наличие_спортивного_зала": false,
        "Расстояние_до_центра": 11,
        "Расстояние_до_метро": 10,
        "Расстояние_до_школы": 1
    },
    {
        "Название": "ОАО «Соколов Меркушев»",
        "Адрес": "к. Саратов, ш. Интернациональное, д. 487 к. 4, 646473",
        "Количество_этажей": 33,
        "Количество_квартир": 231,
        "Год_постройки": "2020",
        "Тип_материала": "стекло",
        "Площадь_квартиры": 193,
        "Количество_жителей": 144,
        "Наличие_лифта": true,
        "Наличие_охраны": false,
        "Наличие_парковки": true,
        "Расход_энергии_на_дом": 30760,
        "Наличие_спортивного_зала": false,
        "Расстояние_до_центра": 16,
        "Расстояние_до_метро": 10,
        "Расстояние_до_школы": 3
    },
    {
        "Название": "Казакова Инк",
        "Адрес": "ст. Бугуруслан, пер. Угольный, д. 5/7 стр. 24, 657660",
        "Количество_этажей": 49,
        "Количество_квартир": 343,
        "Год_постройки": "2021",
        "Тип_материала": "стекло",
        "Площадь_квартиры": 51,
        "Количество_жителей": 380,
        "Наличие_лифта": true,
        "Наличие_охраны": true,
        "Наличие_парковки": true,
        "Расход_энергии_на_дом": 19291,
        "Наличие_спортивного_зала": false,
        "Расстояние_до_центра": 18,
        "Расстояние_до_метро": 7,
        "Расстояние_до_школы": 5
    },
    {
        "Название": "АО «Тихонова Юдина»",
        "Адрес": "д. Снежногорск (Мурм.), ш. Маяковского, д. 625 стр. 82, 805274",
        "Количество_этажей": 24,
        "Количество_квартир": 168,
        "Год_постройки": "1993",
        "Тип_материала": "стекло",
        "Площадь_квартиры": 119,
        "Количество_жителей": 460,
        "Наличие_лифта": true,
        "Наличие_охраны": true,
        "Наличие_парковки": false,
        "Расход_энергии_на_дом": 19738,
        "Наличие_спортивного_зала": false,
        "Расстояние_до_центра": 5,
        "Расстояние_до_метро": 4,
        "Расстояние_до_школы": 2
    },
    {
        "Название": "ИП «Харитонов-Филиппов»",
        "Адрес": "к. Нарткала, ш. Кольцевое, д. 6 к. 32, 724531",
        "Количество_этажей": 33,
        "Количество_квартир": 231,
        "Год_постройки": "2021",
        "Тип_материала": "кирпич",
        "Площадь_квартиры": 79,
        "Количество_жителей": 371,
        "Наличие_лифта": false,
        "Наличие_охраны": true,
        "Наличие_парковки": false,
        "Расход_энергии_на_дом": 43761,
        "Наличие_спортивного_зала": false,
        "Расстояние_до_центра": 7,
        "Расстояние_до_метро": 7,
        "Расстояние_до_школы": 5
    },
    {
        "Название": "ЗАО «Крылова Соловьев»",
        "Адрес": "к. Улан-Удэ, наб. Торговая, д. 6, 082973",
        "Количество_этажей": 35,
        "Количество_квартир": 245,
        "Год_постройки": "2001",
        "Тип_материала": "стекло",
        "Площадь_квартиры": 133,
        "Количество_жителей": 374,
        "Наличие_лифта": true,
        "Наличие_охраны": true,
        "Наличие_парковки": true,
        "Расход_энергии_на_дом": 18686,
        "Наличие_спортивного_зала": false,
        "Расстояние_до_центра": 11,
        "Расстояние_до_метро": 5,
        "Расстояние_до_школы": 5
    },
    {
        "Название": "ИП «Фомичева, Лобанов и Владимирова»",
        "Адрес": "к. Наро-Фоминск, алл. Машиностроителей, д. 375, 166242",
        "Количество_этажей": 36,
        "Количество_квартир": 252,
        "Год_постройки": "1995",
        "Тип_материала": "железобетон",
        "Площадь_квартиры": 84,
        "Количество_жителей": 199,
        "Наличие_лифта": true,
        "Наличие_охраны": true,
        "Наличие_парковки": true,
        "Расход_энергии_на_дом": 14908,
        "Наличие_спортивного_зала": true,
        "Расстояние_до_центра": 14,
        "Расстояние_до_метро": 2,
        "Расстояние_до_школы": 5
    },
    {
        "Название": "АО «Ковалева»",
        "Адрес": "г. Улан-Удэ, алл. Маркса Карла, д. 4 стр. 6/4, 125068",
        "Количество_этажей": 22,
        "Количество_квартир": 154,
        "Год_постройки": "2012",
        "Тип_материала": "стекло",
        "Площадь_квартиры": 50,
        "Количество_жителей": 195,
        "Наличие_лифта": false,
        "Наличие_охраны": true,
        "Наличие_парковки": false,
        "Расход_энергии_на_дом": 31527,
        "Наличие_спортивного_зала": true,
        "Расстояние_до_центра": 18,
        "Расстояние_до_метро": 1,
        "Расстояние_до_школы": 2
    },
    {
        "Название": "Гознак",
        "Адрес": "к. Курильск, алл. Казанская, д. 345 к. 7/3, 667621",
        "Количество_этажей": 35,
        "Количество_квартир": 245,
        "Год_постройки": "1997",
        "Тип_материала": "стекло",
        "Площадь_квартиры": 73,
        "Количество_жителей": 385,
        "Наличие_лифта": true,
        "Наличие_охраны": false,
        "Наличие_парковки": false,
        "Расход_энергии_на_дом": 25004,
        "Наличие_спортивного_зала": true,
        "Расстояние_до_центра": 16,
        "Расстояние_до_метро": 5,
        "Расстояние_до_школы": 5
    },
    {
        "Название": "Зиновьева Групп",
        "Адрес": "п. Жигулевск, пр. Молодежный, д. 9/1 стр. 9/7, 712621",
        "Количество_этажей": 33,
        "Количество_квартир": 231,
        "Год_постройки": "1975",
        "Тип_материала": "кирпич",
        "Площадь_квартиры": 145,
        "Количество_жителей": 462,
        "Наличие_лифта": false,
        "Наличие_охраны": true,
        "Наличие_парковки": true,
        "Расход_энергии_на_дом": 40305,
        "Наличие_спортивного_зала": false,
        "Расстояние_до_центра": 6,
        "Расстояние_до_метро": 7,
        "Расстояние_до_школы": 2
    },
    {
        "Название": "АО «Жуков»",
        "Адрес": "г. Вендинга, бул. Пограничный, д. 988, 491155",
        "Количество_этажей": 23,
        "Количество_квартир": 161,
        "Год_постройки": "1993",
        "Тип_материала": "кирпич",
        "Площадь_квартиры": 114,
        "Количество_жителей": 145,
        "Наличие_лифта": true,
        "Наличие_охраны": true,
        "Наличие_парковки": false,
        "Расход_энергии_на_дом": 22261,
        "Наличие_спортивного_зала": false,
        "Расстояние_до_центра": 3,
        "Расстояние_до_метро": 2,
        "Расстояние_до_школы": 5
    },
    {
        "Название": "Гущин Инкорпорэйтед",
        "Адрес": "ст. Амурск, пер. Социалистический, д. 6 к. 5, 907967",
        "Количество_этажей": 38,
        "Количество_квартир": 266,
        "Год_постройки": "1995",
        "Тип_материала": "стекло",
        "Площадь_квартиры": 52,
        "Количество_жителей": 66,
        "Наличие_лифта": true,
        "Наличие_охраны": true,
        "Наличие_парковки": true,
        "Расход_энергии_на_дом": 41423,
        "Наличие_спортивного_зала": false,
        "Расстояние_до_центра": 2,
        "Расстояние_до_метро": 10,
        "Расстояние_до_школы": 2
    }
]