[
    {
        "Название": "Т Плюс",
        "Адрес": "п. Кижи, пер. Дальний, д. 507, 523141",
        "Количество_этажей": 24,
        "Количество_квартир": 168,
        "Год_постройки": "2015",
        "Тип_материала": "кирпич",
        "Площадь_квартиры": 186,
        "Количество_жителей": 162,
        "Наличие_лифта": false,
        "Наличие_охраны": true,
        "Наличие_парковки": true,
        "Расход_энергии_на_дом": 27810,
        "Наличие_спортивного_зала": false,
        "Расстояние_до_центра": 20,
        "Расстояние_до_метро": 9,
        "Расстояние_до_школы": 1
    },
    {
        "Название": "ООО «Пахомов»",
        "Адрес": "п. Домодедово, пер. Овражный, д. 7/8, 877077",
        "Количество_этажей": 49,
        "Количество_квартир": 343,
        "Год_постройки": "2004",
        "Тип_материала": "кирпич",
        "Площадь_квартиры": 152,
        "Количество_жителей": 421,
        "Наличие_лифта": false,
        "Наличие_охраны": true,
        "Наличие_парковки": true,
        "Расход_энергии_на_дом": 23403,
        "Наличие_спортивного_зала": false,
        "Расстояние_до_центра": 8,
        "Расстояние_до_метро": 9,
        "Расстояние_до_школы": 4
    },
    {
        "Название": "РАО «Ларионов, Шарова и Анисимова»",
        "Адрес": "д. Уренгой, бул. Нахимова, д. 7, 557281",
        "Количество_этажей": 27,
        "Количество_квартир": 189,
        "Год_постройки": "2005",
        "Тип_материала": "железобетон",
        "Площадь_квартиры": 95,
        "Количество_жителей": 120,
        "Наличие_лифта": false,
        "Наличие_охраны": false,
        "Наличие_парковки": true,
        "Расход_энергии_на_дом": 44864,
        "Наличие_спортивного_зала": true,
        "Расстояние_до_центра": 15,
        "Расстояние_до_метро": 6,
        "Расстояние_до_школы": 1
    },
    {
        "Название": "Металлоинвест",
        "Адрес": "к. Богучар, пр. Льва Толстого, д. 5/4 стр. 475, 643396",
        "Количество_этажей": 21,
        "Количество_квартир": 147,
        "Год_постройки": "1987",
        "Тип_материала": "стекло",
        "Площадь_квартиры": 145,
        "Количество_жителей": 66,
        "Наличие_лифта": true,
        "Наличие_охраны": true,
        "Наличие_парковки": true,
        "Расход_энергии_на_дом": 18008,
        "Наличие_спортивного_зала": false,
        "Расстояние_до_центра": 13,
        "Расстояние_до_метро": 3,
        "Расстояние_до_школы": 4
    },
    {
        "Название": "РАО «Емельянова Дмитриев»",
        "Адрес": "к. Нарткала, наб. Орловская, д. 15 к. 6/8, 700521",
        "Количество_этажей": 45,
        "Количество_квартир": 315,
        "Год_постройки": "2023",
        "Тип_материала": "железобетон",
        "Площадь_квартиры": 200,
        "Количество_жителей": 145,
        "Наличие_лифта": true,
        "Наличие_охраны": true,
        "Наличие_парковки": false,
        "Расход_энергии_на_дом": 16087,
        "Наличие_спортивного_зала": false,
        "Расстояние_до_центра": 8,
        "Расстояние_до_метро": 8,
        "Расстояние_до_школы": 3
    },
    {
        "Название": "Московский метрополитен",
        "Адрес": "с. Усть-Катав, наб. Куйбышева, д. 2/5 стр. 7/4, 071974",
        "Количество_этажей": 43,
        "Количество_квартир": 301,
        "Год_постройки": "2014",
        "Тип_материала": "стекло",
        "Площадь_квартиры": 137,
        "Количество_жителей": 242,
        "Наличие_лифта": true,
        "Наличие_охраны": true,
        "Наличие_парковки": false,
        "Расход_энергии_на_дом": 26576,
        "Наличие_спортивного_зала": false,
        "Расстояние_до_центра": 13,
        "Расстояние_до_метро": 8,
        "Расстояние_до_школы": 2
    },
    {
        "Название": "АО «Сысоева Беспалов»",
        "Адрес": "к. Асино, бул. Тракторный, д. 7/5 стр. 76, 795071",
        "Количество_этажей": 31,
        "Количество_квартир": 217,
        "Год_постройки": "2009",
        "Тип_материала": "стекло",
        "Площадь_квартиры": 101,
        "Количество_жителей": 113,
        "Наличие_лифта": true,
        "Наличие_охраны": false,
        "Наличие_парковки": true,
        "Расход_энергии_на_дом": 34339,
        "Наличие_спортивного_зала": false,
        "Расстояние_до_центра": 3,
        "Расстояние_до_метро": 3,
        "Расстояние_до_школы": 2
    },
    {
        "Название": "ОАО «Фокин-Субботин»",
        "Адрес": "г. Ряжск, бул. Малый, д. 2 к. 4, 744881",
        "Количество_этажей": 20,
        "Количество_квартир": 140,
        "Год_постройки": "2014",
        "Тип_материала": "кирпич",
        "Площадь_квартиры": 129,
        "Количество_жителей": 263,
        "Наличие_лифта": false,
        "Наличие_охраны": false,
        "Наличие_парковки": false,
        "Расход_энергии_на_дом": 45046,
        "Наличие_спортивного_зала": false,
        "Расстояние_до_центра": 7,
        "Расстояние_до_метро": 3,
        "Расстояние_до_школы": 2
    },
    {
        "Название": "САП СНГ (SAP)",
        "Адрес": "ст. Александров, пр. Привольный, д. 188 к. 7/2, 912589",
        "Количество_этажей": 43,
        "Количество_квартир": 301,
        "Год_постройки": "2002",
        "Тип_материала": "кирпич",
        "Площадь_квартиры": 72,
        "Количество_жителей": 374,
        "Наличие_лифта": true,
        "Наличие_охраны": false,
        "Наличие_парковки": true,
        "Расход_энергии_на_дом": 18295,
        "Наличие_спортивного_зала": false,
        "Расстояние_до_центра": 15,
        "Расстояние_до_метро": 8,
        "Расстояние_до_школы": 3
    },
    {
        "Название": "ЗАО «Маслов, Антонов и Гаврилов»",
        "Адрес": "г. Черняховск, бул. Фурманова, д. 86, 772151",
        "Количество_этажей": 37,
        "Количество_квартир": 259,
        "Год_постройки": "1997",
        "Тип_материала": "железобетон",
        "Площадь_квартиры": 61,
        "Количество_жителей": 244,
        "Наличие_лифта": false,
        "Наличие_охраны": true,
        "Наличие_парковки": true,
        "Расход_энергии_на_дом": 15965,
        "Наличие_спортивного_зала": false,
        "Расстояние_до_центра": 1,
        "Расстояние_до_метро": 1,
        "Расстояние_до_школы": 3
    },
    {
        "Название": "АО «Виноградова, Абрамов и Лебедев»",
        "Адрес": "к. Тосно, пр. Тракторный, д. 260 стр. 34, 032127",
        "Количество_этажей": 50,
        "Количество_квартир": 350,
        "Год_постройки": "2011",
        "Тип_материала": "железобетон",
        "Площадь_квартиры": 191,
        "Количество_жителей": 246,
        "Наличие_лифта": false,
        "Наличие_охраны": true,
        "Наличие_парковки": true,
        "Расход_энергии_на_дом": 13395,
        "Наличие_спортивного_зала": true,
        "Расстояние_до_центра": 10,
        "Расстояние_до_метро": 5,
        "Расстояние_до_школы": 4
    },
    {
        "Название": "НПО «Денисов, Сидорова и Рожков»",
        "Адрес": "п. Карачаевск, ул. Космическая, д. 9, 901225",
        "Количество_этажей": 24,
        "Количество_квартир": 168,
        "Год_постройки": "2013",
        "Тип_материала": "стекло",
        "Площадь_квартиры": 138,
        "Количество_жителей": 354,
        "Наличие_лифта": true,
        "Наличие_охраны": true,
        "Наличие_парковки": true,
        "Расход_энергии_на_дом": 21262,
        "Наличие_спортивного_зала": false,
        "Расстояние_до_центра": 6,
        "Расстояние_до_метро": 2,
        "Расстояние_до_школы": 5
    },
    {
        "Название": "АО «Яковлева, Бирюкова и Костина»",
        "Адрес": "с. Сусуман, пер. Кочубея, д. 931 к. 7/6, 104640",
        "Количество_этажей": 42,
        "Количество_квартир": 294,
        "Год_постройки": "2008",
        "Тип_материала": "кирпич",
        "Площадь_квартиры": 167,
        "Количество_жителей": 452,
        "Наличие_лифта": true,
        "Наличие_охраны": true,
        "Наличие_парковки": true,
        "Расход_энергии_на_дом": 13466,
        "Наличие_спортивного_зала": false,
        "Расстояние_до_центра": 1,
        "Расстояние_до_метро": 7,
        "Расстояние_до_школы": 4
    },
    {
        "Название": "РАО «Васильев»",
        "Адрес": "клх Ямбург, ш. Радужное, д. 2 стр. 67, 176161",
        "Количество_этажей": 39,
        "Количество_квартир": 273,
        "Год_постройки": "2001",
        "Тип_материала": "кирпич",
        "Площадь_квартиры": 76,
        "Количество_жителей": 314,
        "Наличие_лифта": false,
        "Наличие_охраны": true,
        "Наличие_парковки": true,
        "Расход_энергии_на_дом": 25697,
        "Наличие_спортивного_зала": true,
        "Расстояние_до_центра": 5,
        "Расстояние_до_метро": 8,
        "Расстояние_до_школы": 1
    },
    {
        "Название": "ИП «Ковалева Силин»",
        "Адрес": "ст. Верхний Тагил, пер. Нефтяников, д. 5, 716836",
        "Количество_этажей": 26,
        "Количество_квартир": 182,
        "Год_постройки": "2000",
        "Тип_материала": "железобетон",
        "Площадь_квартиры": 146,
        "Количество_жителей": 471,
        "Наличие_лифта": true,
        "Наличие_охраны": true,
        "Наличие_парковки": false,
        "Расход_энергии_на_дом": 42046,
        "Наличие_спортивного_зала": false,
        "Расстояние_до_центра": 9,
        "Расстояние_до_метро": 8,
        "Расстояние_до_школы": 4
    }
]