[
    {
        "Название": "Яковлев Лимитед",
        "Адрес": "д. Диксон, ш. Юбилейное, д. 86, 193517",
        "Количество_этажей": 24,
        "Количество_квартир": 168,
        "Год_постройки": "1994",
        "Тип_материала": "железобетон",
        "Площадь_квартиры": 190,
        "Количество_жителей": 341,
        "Наличие_лифта": false,
        "Наличие_охраны": true,
        "Наличие_парковки": false,
        "Расход_энергии_на_дом": 17001,
        "Наличие_спортивного_зала": false,
        "Расстояние_до_центра": 14,
        "Расстояние_до_метро": 2,
        "Расстояние_до_школы": 2
    },
    {
        "Название": "РАО «Владимирова-Артемьева»",
        "Адрес": "клх Сорочинск, бул. Ручейный, д. 133 стр. 472, 206796",
        "Количество_этажей": 33,
        "Количество_квартир": 231,
        "Год_постройки": "2020",
        "Тип_материала": "кирпич",
        "Площадь_квартиры": 125,
        "Количество_жителей": 83,
        "Наличие_лифта": true,
        "Наличие_охраны": true,
        "Наличие_парковки": true,
        "Расход_энергии_на_дом": 48935,
        "Наличие_спортивного_зала": false,
        "Расстояние_до_центра": 5,
        "Расстояние_до_метро": 4,
        "Расстояние_до_школы": 1
    },
    {
        "Название": "ОАО «Хохлов Веселов»",
        "Адрес": "ст. Павловская, алл. Островского, д. 7/4 стр. 475, 231641",
        "Количество_этажей": 24,
        "Количество_квартир": 168,
        "Год_постройки": "1974",
        "Тип_материала": "стекло",
        "Площадь_квартиры": 62,
        "Количество_жителей": 227,
        "Наличие_лифта": true,
        "Наличие_охраны": true,
        "Наличие_парковки": true,
        "Расход_энергии_на_дом": 42741,
        "Наличие_спортивного_зала": false,
        "Расстояние_до_центра": 16,
        "Расстояние_до_метро": 7,
        "Расстояние_до_школы": 4
    },
    {
        "Название": "АО «Куликова-Суворов»",
        "Адрес": "г. Кудымкар, ш. Амурское, д. 5/2, 243436",
        "Количество_этажей": 23,
        "Количество_квартир": 161,
        "Год_постройки": "2004",
        "Тип_материала": "стекло",
        "Площадь_квартиры": 149,
        "Количество_жителей": 112,
        "Наличие_лифта": true,
        "Наличие_охраны": false,
        "Наличие_парковки": true,
        "Расход_энергии_на_дом": 30258,
        "Наличие_спортивного_зала": false,
        "Расстояние_до_центра": 4,
        "Расстояние_до_метро": 7,
        "Расстояние_до_школы": 2
    },
    {
        "Название": "ИП «Блохина»",
        "Адрес": "клх Шерегеш, пр. Привольный, д. 58 стр. 42, 099827",
        "Количество_этажей": 39,
        "Количество_квартир": 273,
        "Год_постройки": "2011",
        "Тип_материала": "кирпич",
        "Площадь_квартиры": 129,
        "Количество_жителей": 303,
        "Наличие_лифта": true,
        "Наличие_охраны": true,
        "Наличие_парковки": false,
        "Расход_энергии_на_дом": 47751,
        "Наличие_спортивного_зала": false,
        "Расстояние_до_центра": 1,
        "Расстояние_до_метро": 9,
        "Расстояние_до_школы": 2
    },
    {
        "Название": "РАО «Артемьева-Фадеева»",
        "Адрес": "к. Партизанск, бул. Куйбышева, д. 4, 015301",
        "Количество_этажей": 45,
        "Количество_квартир": 315,
        "Год_постройки": "1970",
        "Тип_материала": "железобетон",
        "Площадь_квартиры": 58,
        "Количество_жителей": 454,
        "Наличие_лифта": true,
        "Наличие_охраны": false,
        "Наличие_парковки": true,
        "Расход_энергии_на_дом": 39662,
        "Наличие_спортивного_зала": false,
        "Расстояние_до_центра": 20,
        "Расстояние_до_метро": 3,
        "Расстояние_до_школы": 4
    },
    {
        "Название": "Лебедев Лтд",
        "Адрес": "п. Новый Уренгой, пр. Советов, д. 5/1, 360381",
        "Количество_этажей": 44,
        "Количество_квартир": 308,
        "Год_постройки": "2009",
        "Тип_материала": "железобетон",
        "Площадь_квартиры": 153,
        "Количество_жителей": 173,
        "Наличие_лифта": false,
        "Наличие_охраны": true,
        "Наличие_парковки": true,
        "Расход_энергии_на_дом": 19910,
        "Наличие_спортивного_зала": true,
        "Расстояние_до_центра": 8,
        "Расстояние_до_метро": 1,
        "Расстояние_до_школы": 3
    },
    {
        "Название": "ООО «Сидорова Поляков»",
        "Адрес": "г. Тутончаны, ул. Демьяна Бедного, д. 1, 694187",
        "Количество_этажей": 30,
        "Количество_квартир": 210,
        "Год_постройки": "1994",
        "Тип_материала": "железобетон",
        "Площадь_квартиры": 80,
        "Количество_жителей": 453,
        "Наличие_лифта": true,
        "Наличие_охраны": false,
        "Наличие_парковки": false,
        "Расход_энергии_на_дом": 20585,
        "Наличие_спортивного_зала": true,
        "Расстояние_до_центра": 18,
        "Расстояние_до_метро": 1,
        "Расстояние_до_школы": 5
    },
    {
        "Название": "НПО «Маслов, Павлова и Авдеева»",
        "Адрес": "клх Тула, пер. Калужский, д. 327 стр. 8/5, 083942",
        "Количество_этажей": 20,
        "Количество_квартир": 140,
        "Год_постройки": "1984",
        "Тип_материала": "стекло",
        "Площадь_квартиры": 111,
        "Количество_жителей": 55,
        "Наличие_лифта": false,
        "Наличие_охраны": true,
        "Наличие_парковки": true,
        "Расход_энергии_на_дом": 34378,
        "Наличие_спортивного_зала": false,
        "Расстояние_до_центра": 8,
        "Расстояние_до_метро": 1,
        "Расстояние_до_школы": 4
    },
    {
        "Название": "АО «Горбачева Силина»",
        "Адрес": "с. Южноуральск, пр. Инженерный, д. 80 стр. 60, 581590",
        "Количество_этажей": 27,
        "Количество_квартир": 189,
        "Год_постройки": "1994",
        "Тип_материала": "кирпич",
        "Площадь_квартиры": 176,
        "Количество_жителей": 401,
        "Наличие_лифта": true,
        "Наличие_охраны": true,
        "Наличие_парковки": true,
        "Расход_энергии_на_дом": 24875,
        "Наличие_спортивного_зала": true,
        "Расстояние_до_центра": 11,
        "Расстояние_до_метро": 2,
        "Расстояние_до_школы": 4
    },
    {
        "Название": "ОАО «Гордеев Мишин»",
        "Адрес": "ст. Лабытнанги, ш. Медицинское, д. 48 стр. 24, 995640",
        "Количество_этажей": 45,
        "Количество_квартир": 315,
        "Год_постройки": "2015",
        "Тип_материала": "стекло",
        "Площадь_квартиры": 123,
        "Количество_жителей": 462,
        "Наличие_лифта": true,
        "Наличие_охраны": true,
        "Наличие_парковки": true,
        "Расход_энергии_на_дом": 23685,
        "Наличие_спортивного_зала": false,
        "Расстояние_до_центра": 9,
        "Расстояние_до_метро": 8,
        "Расстояние_до_школы": 2
    },
    {
        "Название": "ИП «Ильина, Пестов и Осипова»",
        "Адрес": "клх Каспийск, пр. Пархоменко, д. 8/7 к. 2/9, 207542",
        "Количество_этажей": 36,
        "Количество_квартир": 252,
        "Год_постройки": "1972",
        "Тип_материала": "кирпич",
        "Площадь_квартиры": 165,
        "Количество_жителей": 363,
        "Наличие_лифта": true,
        "Наличие_охраны": true,
        "Наличие_парковки": false,
        "Расход_энергии_на_дом": 28843,
        "Наличие_спортивного_зала": false,
        "Расстояние_до_центра": 14,
        "Расстояние_до_метро": 3,
        "Расстояние_до_школы": 5
    },
    {
        "Название": "ЗАО «Орлова-Смирнов»",
        "Адрес": "ст. Тихвин, алл. Большая, д. 1, 244382",
        "Количество_этажей": 22,
        "Количество_квартир": 154,
        "Год_постройки": "1983",
        "Тип_материала": "стекло",
        "Площадь_квартиры": 166,
        "Количество_жителей": 102,
        "Наличие_лифта": true,
        "Наличие_охраны": false,
        "Наличие_парковки": true,
        "Расход_энергии_на_дом": 36247,
        "Наличие_спортивного_зала": true,
        "Расстояние_до_центра": 11,
        "Расстояние_до_метро": 8,
        "Расстояние_до_школы": 5
    },
    {
        "Название": "ЗАО «Морозов, Доронин и Лихачев»",
        "Адрес": "ст. Уфа, бул. Новый, д. 25 стр. 420, 846530",
        "Количество_этажей": 47,
        "Количество_квартир": 329,
        "Год_постройки": "1988",
        "Тип_материала": "кирпич",
        "Площадь_квартиры": 159,
        "Количество_жителей": 70,
        "Наличие_лифта": true,
        "Наличие_охраны": true,
        "Наличие_парковки": false,
        "Расход_энергии_на_дом": 15073,
        "Наличие_спортивного_зала": false,
        "Расстояние_до_центра": 14,
        "Расстояние_до_метро": 1,
        "Расстояние_до_школы": 5
    },
    {
        "Название": "ЗАО «Емельянов Фомин»",
        "Адрес": "к. Каспийск, пер. Огородный, д. 941, 883820",
        "Количество_этажей": 40,
        "Количество_квартир": 280,
        "Год_постройки": "1994",
        "Тип_материала": "стекло",
        "Площадь_квартиры": 59,
        "Количество_жителей": 199,
        "Наличие_лифта": true,
        "Наличие_охраны": true,
        "Наличие_парковки": false,
        "Расход_энергии_на_дом": 10946,
        "Наличие_спортивного_зала": false,
        "Расстояние_до_центра": 19,
        "Расстояние_до_метро": 3,
        "Расстояние_до_школы": 4
    }
]