[
    {
        "Название": "НПО «Кузнецова-Герасимова»",
        "Адрес": "с. Саратов, ш. Сплавное, д. 2 стр. 480, 888775",
        "Количество_этажей": 26,
        "Количество_квартир": 182,
        "Год_постройки": "1987",
        "Тип_материала": "железобетон",
        "Площадь_квартиры": 74,
        "Количество_жителей": 204,
        "Наличие_лифта": true,
        "Наличие_охраны": false,
        "Наличие_парковки": true,
        "Расход_энергии_на_дом": 49969,
        "Наличие_спортивного_зала": false,
        "Расстояние_до_центра": 10,
        "Расстояние_до_метро": 2,
        "Расстояние_до_школы": 4
    },
    {
        "Название": "НПО «Харитонова»",
        "Адрес": "п. Абакан, наб. Энергетиков, д. 8/4 к. 691, 482258",
        "Количество_этажей": 20,
        "Количество_квартир": 140,
        "Год_постройки": "2016",
        "Тип_материала": "железобетон",
        "Площадь_квартиры": 194,
        "Количество_жителей": 424,
        "Наличие_лифта": true,
        "Наличие_охраны": true,
        "Наличие_парковки": false,
        "Расход_энергии_на_дом": 17035,
        "Наличие_спортивного_зала": true,
        "Расстояние_до_центра": 4,
        "Расстояние_до_метро": 5,
        "Расстояние_до_школы": 5
    },
    {
        "Название": "ООО «Мясникова, Шаров и Дьячков»",
        "Адрес": "д. Североуральск, алл. Рабочая, д. 100, 416187",
        "Количество_этажей": 24,
        "Количество_квартир": 168,
        "Год_постройки": "2017",
        "Тип_материала": "кирпич",
        "Площадь_квартиры": 164,
        "Количество_жителей": 420,
        "Наличие_лифта": true,
        "Наличие_охраны": true,
        "Наличие_парковки": true,
        "Расход_энергии_на_дом": 14455,
        "Наличие_спортивного_зала": true,
        "Расстояние_до_центра": 10,
        "Расстояние_до_метро": 2,
        "Расстояние_до_школы": 5
    },
    {
        "Название": "ИП «Дмитриев»",
        "Адрес": "ст. Ростов-на-Дону, алл. Космическая, д. 932 стр. 7/5, 948472",
        "Количество_этажей": 26,
        "Количество_квартир": 182,
        "Год_постройки": "1979",
        "Тип_материала": "железобетон",
        "Площадь_квартиры": 183,
        "Количество_жителей": 489,
        "Наличие_лифта": true,
        "Наличие_охраны": false,
        "Наличие_парковки": true,
        "Расход_энергии_на_дом": 14597,
        "Наличие_спортивного_зала": false,
        "Расстояние_до_центра": 8,
        "Расстояние_до_метро": 2,
        "Расстояние_до_школы": 1
    },
    {
        "Название": "ВымпелКом",
        "Адрес": "к. Санкт-Петербург, пр. Сибирский, д. 79 к. 773, 717492",
        "Количество_этажей": 50,
        "Количество_квартир": 350,
        "Год_постройки": "1981",
        "Тип_материала": "железобетон",
        "Площадь_квартиры": 191,
        "Количество_жителей": 425,
        "Наличие_лифта": true,
        "Наличие_охраны": true,
        "Наличие_парковки": false,
        "Расход_энергии_на_дом": 11062,
        "Наличие_спортивного_зала": true,
        "Расстояние_до_центра": 7,
        "Расстояние_до_метро": 5,
        "Расстояние_до_школы": 3
    },
    {
        "Название": "ОАО «Рогов-Беляев»",
        "Адрес": "г. Дзержинск, ул. Культуры, д. 25, 574078",
        "Количество_этажей": 45,
        "Количество_квартир": 315,
        "Год_постройки": "1991",
        "Тип_материала": "стекло",
        "Площадь_квартиры": 153,
        "Количество_жителей": 198,
        "Наличие_лифта": true,
        "Наличие_охраны": false,
        "Наличие_парковки": true,
        "Расход_энергии_на_дом": 33083,
        "Наличие_спортивного_зала": false,
        "Расстояние_до_центра": 13,
        "Расстояние_до_метро": 3,
        "Расстояние_до_школы": 5
    },
    {
        "Название": "Зайцев Групп",
        "Адрес": "ст. Краснотурьинск, пр. Полевой, д. 87 к. 379, 973271",
        "Количество_этажей": 26,
        "Количество_квартир": 182,
        "Год_постройки": "1985",
        "Тип_материала": "стекло",
        "Площадь_квартиры": 173,
        "Количество_жителей": 367,
        "Наличие_лифта": true,
        "Наличие_охраны": true,
        "Наличие_парковки": false,
        "Расход_энергии_на_дом": 21554,
        "Наличие_спортивного_зала": true,
        "Расстояние_до_центра": 13,
        "Расстояние_до_метро": 8,
        "Расстояние_до_школы": 4
    },
    {
        "Название": "Луидор",
        "Адрес": "ст. Дзержинск, наб. Азовская, д. 2 стр. 6/7, 891284",
        "Количество_этажей": 48,
        "Количество_квартир": 336,
        "Год_постройки": "2023",
        "Тип_материала": "железобетон",
        "Площадь_квартиры": 196,
        "Количество_жителей": 443,
        "Наличие_лифта": true,
        "Наличие_охраны": false,
        "Наличие_парковки": true,
        "Расход_энергии_на_дом": 30223,
        "Наличие_спортивного_зала": false,
        "Расстояние_до_центра": 12,
        "Расстояние_до_метро": 7,
        "Расстояние_до_школы": 3
    },
    {
        "Название": "НПО «Рябов»",
        "Адрес": "с. Ершов, ул. Главная, д. 53 к. 6, 018803",
        "Количество_этажей": 33,
        "Количество_квартир": 231,
        "Год_постройки": "2019",
        "Тип_материала": "кирпич",
        "Площадь_квартиры": 64,
        "Количество_жителей": 423,
        "Наличие_лифта": true,
        "Наличие_охраны": false,
        "Наличие_парковки": true,
        "Расход_энергии_на_дом": 38301,
        "Наличие_спортивного_зала": true,
        "Расстояние_до_центра": 15,
        "Расстояние_до_метро": 4,
        "Расстояние_до_школы": 5
    },
    {
        "Название": "ОАО «Гришина-Жданова»",
        "Адрес": "с. Слюдянка, алл. Нефтяников, д. 6 стр. 9, 887235",
        "Количество_этажей": 46,
        "Количество_квартир": 322,
        "Год_постройки": "2014",
        "Тип_материала": "стекло",
        "Площадь_квартиры": 158,
        "Количество_жителей": 374,
        "Наличие_лифта": true,
        "Наличие_охраны": false,
        "Наличие_парковки": true,
        "Расход_энергии_на_дом": 15565,
        "Наличие_спортивного_зала": true,
        "Расстояние_до_центра": 19,
        "Расстояние_до_метро": 5,
        "Расстояние_до_школы": 2
    },
    {
        "Название": "Быкова Инкорпорэйтед",
        "Адрес": "г. Сосновый Бор, ул. Почтовая, д. 41, 487611",
        "Количество_этажей": 22,
        "Количество_квартир": 154,
        "Год_постройки": "2018",
        "Тип_материала": "стекло",
        "Площадь_квартиры": 189,
        "Количество_жителей": 144,
        "Наличие_лифта": true,
        "Наличие_охраны": true,
        "Наличие_парковки": true,
        "Расход_энергии_на_дом": 33059,
        "Наличие_спортивного_зала": true,
        "Расстояние_до_центра": 2,
        "Расстояние_до_метро": 6,
        "Расстояние_до_школы": 3
    },
    {
        "Название": "ОАО «Горшков-Савельев»",
        "Адрес": "д. Ноябрьск, пр. Космодемьянской, д. 337, 526195",
        "Количество_этажей": 49,
        "Количество_квартир": 343,
        "Год_постройки": "2003",
        "Тип_материала": "железобетон",
        "Площадь_квартиры": 86,
        "Количество_жителей": 190,
        "Наличие_лифта": true,
        "Наличие_охраны": true,
        "Наличие_парковки": true,
        "Расход_энергии_на_дом": 16723,
        "Наличие_спортивного_зала": false,
        "Расстояние_до_центра": 13,
        "Расстояние_до_метро": 8,
        "Расстояние_до_школы": 3
    },
    {
        "Название": "Банковский холдинг Альфа-банка",
        "Адрес": "ст. Орехово-Зуево, пр. Орловский, д. 9/1 стр. 379, 651327",
        "Количество_этажей": 22,
        "Количество_квартир": 154,
        "Год_постройки": "2011",
        "Тип_материала": "кирпич",
        "Площадь_квартиры": 157,
        "Количество_жителей": 439,
        "Наличие_лифта": true,
        "Наличие_охраны": true,
        "Наличие_парковки": false,
        "Расход_энергии_на_дом": 15748,
        "Наличие_спортивного_зала": true,
        "Расстояние_до_центра": 6,
        "Расстояние_до_метро": 5,
        "Расстояние_до_школы": 2
    },
    {
        "Название": "НПО «Афанасьева»",
        "Адрес": "с. Токма, пер. Главный, д. 33 стр. 8/6, 636739",
        "Количество_этажей": 31,
        "Количество_квартир": 217,
        "Год_постройки": "1999",
        "Тип_материала": "кирпич",
        "Площадь_квартиры": 67,
        "Количество_жителей": 412,
        "Наличие_лифта": true,
        "Наличие_охраны": true,
        "Наличие_парковки": false,
        "Расход_энергии_на_дом": 28407,
        "Наличие_спортивного_зала": true,
        "Расстояние_до_центра": 19,
        "Расстояние_до_метро": 5,
        "Расстояние_до_школы": 5
    },
    {
        "Название": "Захарова и партнеры",
        "Адрес": "к. Верхний Уфалей, пр. Запорожский, д. 8/1 стр. 626, 490376",
        "Количество_этажей": 21,
        "Количество_квартир": 147,
        "Год_постройки": "1984",
        "Тип_материала": "кирпич",
        "Площадь_квартиры": 110,
        "Количество_жителей": 351,
        "Наличие_лифта": true,
        "Наличие_охраны": true,
        "Наличие_парковки": true,
        "Расход_энергии_на_дом": 33191,
        "Наличие_спортивного_зала": false,
        "Расстояние_до_центра": 4,
        "Расстояние_до_метро": 8,
        "Расстояние_до_школы": 5
    }
]