[
    {
        "Название": "ЗАО «Тимофеева-Виноградова»",
        "Адрес": "к. Билибино, алл. Кленовая, д. 80, 110971",
        "Количество_этажей": 26,
        "Количество_квартир": 182,
        "Год_постройки": "2007",
        "Тип_материала": "железобетон",
        "Площадь_квартиры": 96,
        "Количество_жителей": 398,
        "Наличие_лифта": true,
        "Наличие_охраны": false,
        "Наличие_парковки": true,
        "Расход_энергии_на_дом": 37594,
        "Наличие_спортивного_зала": true,
        "Расстояние_до_центра": 13,
        "Расстояние_до_метро": 6,
        "Расстояние_до_школы": 5
    },
    {
        "Название": "ООО «Борисова»",
        "Адрес": "к. Магас, бул. Ильича, д. 1, 233548",
        "Количество_этажей": 23,
        "Количество_квартир": 161,
        "Год_постройки": "1985",
        "Тип_материала": "стекло",
        "Площадь_квартиры": 166,
        "Количество_жителей": 85,
        "Наличие_лифта": false,
        "Наличие_охраны": true,
        "Наличие_парковки": true,
        "Расход_энергии_на_дом": 22071,
        "Наличие_спортивного_зала": true,
        "Расстояние_до_центра": 1,
        "Расстояние_до_метро": 7,
        "Расстояние_до_школы": 4
    },
    {
        "Название": "Ингосстрах",
        "Адрес": "п. Горячий Ключ, бул. Морозова, д. 3 стр. 92, 375249",
        "Количество_этажей": 40,
        "Количество_квартир": 280,
        "Год_постройки": "1977",
        "Тип_материала": "железобетон",
        "Площадь_квартиры": 77,
        "Количество_жителей": 223,
        "Наличие_лифта": true,
        "Наличие_охраны": false,
        "Наличие_парковки": false,
        "Расход_энергии_на_дом": 41739,
        "Наличие_спортивного_зала": false,
        "Расстояние_до_центра": 18,
        "Расстояние_до_метро": 1,
        "Расстояние_до_школы": 4
    },
    {
        "Название": "Зыкова Инк",
        "Адрес": "к. Малая Вишера, ул. Куйбышева, д. 16, 488316",
        "Количество_этажей": 26,
        "Количество_квартир": 182,
        "Год_постройки": "1974",
        "Тип_материала": "кирпич",
        "Площадь_квартиры": 132,
        "Количество_жителей": 200,
        "Наличие_лифта": true,
        "Наличие_охраны": true,
        "Наличие_парковки": true,
        "Расход_энергии_на_дом": 36438,
        "Наличие_спортивного_зала": true,
        "Расстояние_до_центра": 17,
        "Расстояние_до_метро": 7,
        "Расстояние_до_школы": 4
    },
    {
        "Название": "ЗАО «Васильева Михеева»",
        "Адрес": "д. Каргополь, ул. Халтурина, д. 9/2 стр. 429, 599823",
        "Количество_этажей": 27,
        "Количество_квартир": 189,
        "Год_постройки": "1974",
        "Тип_материала": "стекло",
        "Площадь_квартиры": 112,
        "Количество_жителей": 422,
        "Наличие_лифта": false,
        "Наличие_охраны": false,
        "Наличие_парковки": true,
        "Расход_энергии_на_дом": 35749,
        "Наличие_спортивного_зала": true,
        "Расстояние_до_центра": 6,
        "Расстояние_до_метро": 1,
        "Расстояние_до_школы": 2
    },
    {
        "Название": "ЗАО «Игнатьев, Дорофеева и Рогова»",
        "Адрес": "клх Магас, ул. Безымянная, д. 1 стр. 882, 053007",
        "Количество_этажей": 42,
        "Количество_квартир": 294,
        "Год_постройки": "1980",
        "Тип_материала": "стекло",
        "Площадь_квартиры": 71,
        "Количество_жителей": 486,
        "Наличие_лифта": true,
        "Наличие_охраны": false,
        "Наличие_парковки": true,
        "Расход_энергии_на_дом": 44071,
        "Наличие_спортивного_зала": true,
        "Расстояние_до_центра": 18,
        "Расстояние_до_метро": 1,
        "Расстояние_до_школы": 3
    },
    {
        "Название": "РАО «Елисеева, Лапина и Белоусова»",
        "Адрес": "г. Беслан, пер. Макаренко, д. 5 к. 741, 945745",
        "Количество_этажей": 23,
        "Количество_квартир": 161,
        "Год_постройки": "1983",
        "Тип_материала": "стекло",
        "Площадь_квартиры": 152,
        "Количество_жителей": 93,
        "Наличие_лифта": true,
        "Наличие_охраны": true,
        "Наличие_парковки": true,
        "Расход_энергии_на_дом": 11048,
        "Наличие_спортивного_зала": false,
        "Расстояние_до_центра": 17,
        "Расстояние_до_метро": 2,
        "Расстояние_до_школы": 3
    },
    {
        "Название": "ОАО «Владимирова-Терентьева»",
        "Адрес": "ст. Истра, пр. Новоселов, д. 4 к. 6, 475138",
        "Количество_этажей": 20,
        "Количество_квартир": 140,
        "Год_постройки": "1976",
        "Тип_материала": "железобетон",
        "Площадь_квартиры": 59,
        "Количество_жителей": 387,
        "Наличие_лифта": true,
        "Наличие_охраны": true,
        "Наличие_парковки": false,
        "Расход_энергии_на_дом": 20785,
        "Наличие_спортивного_зала": true,
        "Расстояние_до_центра": 16,
        "Расстояние_до_метро": 8,
        "Расстояние_до_школы": 5
    },
    {
        "Название": "ЗАО «Лебедева Петухов»",
        "Адрес": "п. Шелехов, бул. Ленина, д. 38 стр. 47, 674166",
        "Количество_этажей": 45,
        "Количество_квартир": 315,
        "Год_постройки": "1986",
        "Тип_материала": "железобетон",
        "Площадь_квартиры": 73,
        "Количество_жителей": 178,
        "Наличие_лифта": false,
        "Наличие_охраны": true,
        "Наличие_парковки": true,
        "Расход_энергии_на_дом": 14128,
        "Наличие_спортивного_зала": true,
        "Расстояние_до_центра": 18,
        "Расстояние_до_метро": 1,
        "Расстояние_до_школы": 1
    },
    {
        "Название": "Мираторг",
        "Адрес": "с. Нягань, бул. Циолковского, д. 6/1 к. 1/5, 897358",
        "Количество_этажей": 25,
        "Количество_квартир": 175,
        "Год_постройки": "2006",
        "Тип_материала": "кирпич",
        "Площадь_квартиры": 162,
        "Количество_жителей": 249,
        "Наличие_лифта": true,
        "Наличие_охраны": false,
        "Наличие_парковки": true,
        "Расход_энергии_на_дом": 33489,
        "Наличие_спортивного_зала": true,
        "Расстояние_до_центра": 1,
        "Расстояние_до_метро": 7,
        "Расстояние_до_школы": 3
    },
    {
        "Название": "Пестов и партнеры",
        "Адрес": "д. Нижний Тагил, алл. Болотная, д. 6/8 стр. 71, 029406",
        "Количество_этажей": 33,
        "Количество_квартир": 231,
        "Год_постройки": "2002",
        "Тип_материала": "стекло",
        "Площадь_квартиры": 91,
        "Количество_жителей": 157,
        "Наличие_лифта": true,
        "Наличие_охраны": true,
        "Наличие_парковки": false,
        "Расход_энергии_на_дом": 27767,
        "Наличие_спортивного_зала": false,
        "Расстояние_до_центра": 3,
        "Расстояние_до_метро": 8,
        "Расстояние_до_школы": 2
    },
    {
        "Название": "Зыков Лимитед",
        "Адрес": "п. Котлас, наб. Литейная, д. 99, 512418",
        "Количество_этажей": 30,
        "Количество_квартир": 210,
        "Год_постройки": "1987",
        "Тип_материала": "железобетон",
        "Площадь_квартиры": 111,
        "Количество_жителей": 499,
        "Наличие_лифта": true,
        "Наличие_охраны": false,
        "Наличие_парковки": true,
        "Расход_энергии_на_дом": 12756,
        "Наличие_спортивного_зала": false,
        "Расстояние_до_центра": 14,
        "Расстояние_до_метро": 9,
        "Расстояние_до_школы": 4
    },
    {
        "Название": "Мишлен (Michelin)",
        "Адрес": "к. Палана, алл. Красноармейская, д. 8, 735916",
        "Количество_этажей": 48,
        "Количество_квартир": 336,
        "Год_постройки": "2001",
        "Тип_материала": "стекло",
        "Площадь_квартиры": 53,
        "Количество_жителей": 334,
        "Наличие_лифта": true,
        "Наличие_охраны": true,
        "Наличие_парковки": true,
        "Расход_энергии_на_дом": 34580,
        "Наличие_спортивного_зала": false,
        "Расстояние_до_центра": 12,
        "Расстояние_до_метро": 4,
        "Расстояние_до_школы": 2
    },
    {
        "Название": "НОВАТЭК",
        "Адрес": "с. Шереметьево, ул. Заозерная, д. 76 стр. 3, 968851",
        "Количество_этажей": 42,
        "Количество_квартир": 294,
        "Год_постройки": "2018",
        "Тип_материала": "кирпич",
        "Площадь_квартиры": 199,
        "Количество_жителей": 107,
        "Наличие_лифта": true,
        "Наличие_охраны": true,
        "Наличие_парковки": true,
        "Расход_энергии_на_дом": 22663,
        "Наличие_спортивного_зала": false,
        "Расстояние_до_центра": 15,
        "Расстояние_до_метро": 1,
        "Расстояние_до_школы": 1
    },
    {
        "Название": "НПО «Ширяев Игнатьева»",
        "Адрес": "с. Алапаевск, пр. Васильковый, д. 198 к. 309, 701088",
        "Количество_этажей": 33,
        "Количество_квартир": 231,
        "Год_постройки": "1996",
        "Тип_материала": "стекло",
        "Площадь_квартиры": 71,
        "Количество_жителей": 483,
        "Наличие_лифта": true,
        "Наличие_охраны": false,
        "Наличие_парковки": true,
        "Расход_энергии_на_дом": 10433,
        "Наличие_спортивного_зала": false,
        "Расстояние_до_центра": 10,
        "Расстояние_до_метро": 4,
        "Расстояние_до_школы": 5
    }
]