[
    {
        "Название": "РАО «Борисов»",
        "Адрес": "клх Москва, МГУ, алл. Поперечная, д. 471, 245832",
        "Количество_этажей": 22,
        "Количество_квартир": 154,
        "Год_постройки": "1985",
        "Тип_материала": "кирпич",
        "Площадь_квартиры": 114,
        "Количество_жителей": 157,
        "Наличие_лифта": true,
        "Наличие_охраны": true,
        "Наличие_парковки": false,
        "Расход_энергии_на_дом": 22658,
        "Наличие_спортивного_зала": true,
        "Расстояние_до_центра": 14,
        "Расстояние_до_метро": 5,
        "Расстояние_до_школы": 3
    },
    {
        "Название": "Первый завод",
        "Адрес": "п. Новый Оскол, бул. Владимирский, д. 5 стр. 8, 843715",
        "Количество_этажей": 32,
        "Количество_квартир": 224,
        "Год_постройки": "2010",
        "Тип_материала": "стекло",
        "Площадь_квартиры": 103,
        "Количество_жителей": 288,
        "Наличие_лифта": true,
        "Наличие_охраны": true,
        "Наличие_парковки": true,
        "Расход_энергии_на_дом": 35286,
        "Наличие_спортивного_зала": true,
        "Расстояние_до_центра": 20,
        "Расстояние_до_метро": 7,
        "Расстояние_до_школы": 4
    },
    {
        "Название": "Прохорова Лтд",
        "Адрес": "к. Минусинск, пр. Баумана, д. 2/1, 620752",
        "Количество_этажей": 42,
        "Количество_квартир": 294,
        "Год_постройки": "1971",
        "Тип_материала": "кирпич",
        "Площадь_квартиры": 162,
        "Количество_жителей": 217,
        "Наличие_лифта": false,
        "Наличие_охраны": false,
        "Наличие_парковки": false,
        "Расход_энергии_на_дом": 41596,
        "Наличие_спортивного_зала": false,
        "Расстояние_до_центра": 1,
        "Расстояние_до_метро": 1,
        "Расстояние_до_школы": 4
    },
    {
        "Название": "Яндекс",
        "Адрес": "к. Нефтекамск, ш. Байкальское, д. 702, 252348",
        "Количество_этажей": 41,
        "Количество_квартир": 287,
        "Год_постройки": "1970",
        "Тип_материала": "железобетон",
        "Площадь_квартиры": 114,
        "Количество_жителей": 458,
        "Наличие_лифта": true,
        "Наличие_охраны": false,
        "Наличие_парковки": false,
        "Расход_энергии_на_дом": 46599,
        "Наличие_спортивного_зала": false,
        "Расстояние_до_центра": 13,
        "Расстояние_до_метро": 5,
        "Расстояние_до_школы": 4
    },
    {
        "Название": "ИП «Мамонтов»",
        "Адрес": "к. Цимлянск, пер. Кузнецкий, д. 9 к. 95, 826382",
        "Количество_этажей": 39,
        "Количество_квартир": 273,
        "Год_постройки": "1986",
        "Тип_материала": "стекло",
        "Площадь_квартиры": 63,
        "Количество_жителей": 194,
        "Наличие_лифта": false,
        "Наличие_охраны": true,
        "Наличие_парковки": true,
        "Расход_энергии_на_дом": 15531,
        "Наличие_спортивного_зала": false,
        "Расстояние_до_центра": 4,
        "Расстояние_до_метро": 6,
        "Расстояние_до_школы": 2
    },
    {
        "Название": "АО «Красильникова, Селезнев и Белов»",
        "Адрес": "д. Таганрог, ул. Балтийская, д. 632 к. 537, 678746",
        "Количество_этажей": 25,
        "Количество_квартир": 175,
        "Год_постройки": "1997",
        "Тип_материала": "стекло",
        "Площадь_квартиры": 58,
        "Количество_жителей": 340,
        "Наличие_лифта": true,
        "Наличие_охраны": false,
        "Наличие_парковки": true,
        "Расход_энергии_на_дом": 22715,
        "Наличие_спортивного_зала": false,
        "Расстояние_до_центра": 8,
        "Расстояние_до_метро": 3,
        "Расстояние_до_школы": 2
    },
    {
        "Название": "НПО «Беляков Орехова»",
        "Адрес": "г. Курумкан, наб. Шаумяна, д. 8/8 к. 7/6, 302582",
        "Количество_этажей": 47,
        "Количество_квартир": 329,
        "Год_постройки": "1999",
        "Тип_материала": "железобетон",
        "Площадь_квартиры": 105,
        "Количество_жителей": 432,
        "Наличие_лифта": true,
        "Наличие_охраны": true,
        "Наличие_парковки": true,
        "Расход_энергии_на_дом": 20796,
        "Наличие_спортивного_зала": false,
        "Расстояние_до_центра": 4,
        "Расстояние_до_метро": 7,
        "Расстояние_до_школы": 3
    },
    {
        "Название": "Бобылева Инк",
        "Адрес": "п. Дно, наб. 8-е Марта, д. 26 стр. 9/2, 867289",
        "Количество_этажей": 36,
        "Количество_квартир": 252,
        "Год_постройки": "1982",
        "Тип_материала": "железобетон",
        "Площадь_квартиры": 64,
        "Количество_жителей": 339,
        "Наличие_лифта": true,
        "Наличие_охраны": false,
        "Наличие_парковки": false,
        "Расход_энергии_на_дом": 37776,
        "Наличие_спортивного_зала": false,
        "Расстояние_до_центра": 6,
        "Расстояние_до_метро": 6,
        "Расстояние_до_школы": 2
    },
    {
        "Название": "ЗАО «Ильин Петухов»",
        "Адрес": "к. Сузун, алл. Терешковой, д. 7, 486803",
        "Количество_этажей": 28,
        "Количество_квартир": 196,
        "Год_постройки": "2014",
        "Тип_материала": "железобетон",
        "Площадь_квартиры": 132,
        "Количество_жителей": 64,
        "Наличие_лифта": true,
        "Наличие_охраны": true,
        "Наличие_парковки": true,
        "Расход_энергии_на_дом": 11398,
        "Наличие_спортивного_зала": true,
        "Расстояние_до_центра": 15,
        "Расстояние_до_метро": 5,
        "Расстояние_до_школы": 4
    },
    {
        "Название": "Сазонов Инкорпорэйтед",
        "Адрес": "ст. Саратов, наб. Астраханская, д. 7/1 к. 681, 650202",
        "Количество_этажей": 24,
        "Количество_квартир": 168,
        "Год_постройки": "1989",
        "Тип_материала": "кирпич",
        "Площадь_квартиры": 158,
        "Количество_жителей": 492,
        "Наличие_лифта": false,
        "Наличие_охраны": false,
        "Наличие_парковки": false,
        "Расход_энергии_на_дом": 22717,
        "Наличие_спортивного_зала": true,
        "Расстояние_до_центра": 3,
        "Расстояние_до_метро": 5,
        "Расстояние_до_школы": 3
    },
    {
        "Название": "ИП «Калинина, Блинов и Богданова»",
        "Адрес": "п. Пушкин, ш. Геологов, д. 368 стр. 5/4, 395465",
        "Количество_этажей": 24,
        "Количество_квартир": 168,
        "Год_постройки": "1982",
        "Тип_материала": "стекло",
        "Площадь_квартиры": 97,
        "Количество_жителей": 454,
        "Наличие_лифта": true,
        "Наличие_охраны": true,
        "Наличие_парковки": false,
        "Расход_энергии_на_дом": 46927,
        "Наличие_спортивного_зала": true,
        "Расстояние_до_центра": 12,
        "Расстояние_до_метро": 1,
        "Расстояние_до_школы": 5
    },
    {
        "Название": "РАО «Кошелев Рябова»",
        "Адрес": "п. Тюмень, наб. Фурманова, д. 1/8 к. 93, 865453",
        "Количество_этажей": 44,
        "Количество_квартир": 308,
        "Год_постройки": "1972",
        "Тип_материала": "стекло",
        "Площадь_квартиры": 145,
        "Количество_жителей": 61,
        "Наличие_лифта": true,
        "Наличие_охраны": true,
        "Наличие_парковки": true,
        "Расход_энергии_на_дом": 49442,
        "Наличие_спортивного_зала": false,
        "Расстояние_до_центра": 6,
        "Расстояние_до_метро": 2,
        "Расстояние_до_школы": 3
    },
    {
        "Название": "Продо",
        "Адрес": "п. Амдерма, пр. Труда, д. 6 стр. 309, 030496",
        "Количество_этажей": 46,
        "Количество_квартир": 322,
        "Год_постройки": "2007",
        "Тип_материала": "кирпич",
        "Площадь_квартиры": 187,
        "Количество_жителей": 141,
        "Наличие_лифта": true,
        "Наличие_охраны": true,
        "Наличие_парковки": true,
        "Расход_энергии_на_дом": 32856,
        "Наличие_спортивного_зала": true,
        "Расстояние_до_центра": 4,
        "Расстояние_до_метро": 3,
        "Расстояние_до_школы": 4
    },
    {
        "Название": "ООО «Гущин, Белозеров и Андреев»",
        "Адрес": "д. Яр-Сале, наб. Фестивальная, д. 10 стр. 81, 884093",
        "Количество_этажей": 46,
        "Количество_квартир": 322,
        "Год_постройки": "1985",
        "Тип_материала": "железобетон",
        "Площадь_квартиры": 167,
        "Количество_жителей": 297,
        "Наличие_лифта": false,
        "Наличие_охраны": true,
        "Наличие_парковки": false,
        "Расход_энергии_на_дом": 31734,
        "Наличие_спортивного_зала": true,
        "Расстояние_до_центра": 10,
        "Расстояние_до_метро": 9,
        "Расстояние_до_школы": 1
    },
    {
        "Название": "НПО «Ершова-Панова»",
        "Адрес": "к. Дубна, пр. Васильковый, д. 762 к. 9/7, 950676",
        "Количество_этажей": 26,
        "Количество_квартир": 182,
        "Год_постройки": "2016",
        "Тип_материала": "кирпич",
        "Площадь_квартиры": 98,
        "Количество_жителей": 331,
        "Наличие_лифта": true,
        "Наличие_охраны": true,
        "Наличие_парковки": false,
        "Расход_энергии_на_дом": 20832,
        "Наличие_спортивного_зала": false,
        "Расстояние_до_центра": 9,
        "Расстояние_до_метро": 10,
        "Расстояние_до_школы": 5
    }
]