[
    {
        "Название": "Северный ветер",
        "Адрес": "д. Вязьма, наб. Спартака, д. 53 к. 673, 081582",
        "Количество_этажей": 25,
        "Количество_квартир": 175,
        "Год_постройки": "2001",
        "Тип_материала": "железобетон",
        "Площадь_квартиры": 88,
        "Количество_жителей": 345,
        "Наличие_лифта": true,
        "Наличие_охраны": false,
        "Наличие_парковки": true,
        "Расход_энергии_на_дом": 29247,
        "Наличие_спортивного_зала": true,
        "Расстояние_до_центра": 3,
        "Расстояние_до_метро": 6,
        "Расстояние_до_школы": 5
    },
    {
        "Название": "ЗАО «Красильников, Чернов и Матвеева»",
        "Адрес": "п. Ачинск, пр. Нижний, д. 3, 178551",
        "Количество_этажей": 22,
        "Количество_квартир": 154,
        "Год_постройки": "2001",
        "Тип_материала": "стекло",
        "Площадь_квартиры": 165,
        "Количество_жителей": 112,
        "Наличие_лифта": true,
        "Наличие_охраны": true,
        "Наличие_парковки": true,
        "Расход_энергии_на_дом": 22530,
        "Наличие_спортивного_зала": false,
        "Расстояние_до_центра": 11,
        "Расстояние_до_метро": 2,
        "Расстояние_до_школы": 3
    },
    {
        "Название": "Капустин Инк",
        "Адрес": "п. Шатки, пр. Лесозаводский, д. 278 стр. 7, 290139",
        "Количество_этажей": 27,
        "Количество_квартир": 189,
        "Год_постройки": "1993",
        "Тип_материала": "стекло",
        "Площадь_квартиры": 147,
        "Количество_жителей": 406,
        "Наличие_лифта": true,
        "Наличие_охраны": true,
        "Наличие_парковки": true,
        "Расход_энергии_на_дом": 47222,
        "Наличие_спортивного_зала": true,
        "Расстояние_до_центра": 14,
        "Расстояние_до_метро": 4,
        "Расстояние_до_школы": 3
    },
    {
        "Название": "Самойлов Инкорпорэйтед",
        "Адрес": "д. Саранск, ш. Воронежское, д. 601, 990110",
        "Количество_этажей": 47,
        "Количество_квартир": 329,
        "Год_постройки": "1996",
        "Тип_материала": "стекло",
        "Площадь_квартиры": 60,
        "Количество_жителей": 440,
        "Наличие_лифта": true,
        "Наличие_охраны": false,
        "Наличие_парковки": true,
        "Расход_энергии_на_дом": 32258,
        "Наличие_спортивного_зала": true,
        "Расстояние_до_центра": 2,
        "Расстояние_до_метро": 10,
        "Расстояние_до_школы": 5
    },
    {
        "Название": "Белгранкорм-холдинг",
        "Адрес": "п. Беломорск, пр. Харьковский, д. 943 к. 35, 183091",
        "Количество_этажей": 42,
        "Количество_квартир": 294,
        "Год_постройки": "2018",
        "Тип_материала": "кирпич",
        "Площадь_квартиры": 126,
        "Количество_жителей": 246,
        "Наличие_лифта": true,
        "Наличие_охраны": true,
        "Наличие_парковки": false,
        "Расход_энергии_на_дом": 16218,
        "Наличие_спортивного_зала": false,
        "Расстояние_до_центра": 6,
        "Расстояние_до_метро": 4,
        "Расстояние_до_школы": 3
    },
    {
        "Название": "НПО «Макаров»",
        "Адрес": "клх Охотск, пер. Братский, д. 536, 705030",
        "Количество_этажей": 41,
        "Количество_квартир": 287,
        "Год_постройки": "1984",
        "Тип_материала": "железобетон",
        "Площадь_квартиры": 57,
        "Количество_жителей": 383,
        "Наличие_лифта": true,
        "Наличие_охраны": false,
        "Наличие_парковки": false,
        "Расход_энергии_на_дом": 28726,
        "Наличие_спортивного_зала": true,
        "Расстояние_до_центра": 11,
        "Расстояние_до_метро": 4,
        "Расстояние_до_школы": 5
    },
    {
        "Название": "АО «Куликов Авдеева»",
        "Адрес": "клх Жуковский, пр. Тихий, д. 1 стр. 5, 465537",
        "Количество_этажей": 41,
        "Количество_квартир": 287,
        "Год_постройки": "1990",
        "Тип_материала": "стекло",
        "Площадь_квартиры": 176,
        "Количество_жителей": 224,
        "Наличие_лифта": true,
        "Наличие_охраны": true,
        "Наличие_парковки": true,
        "Расход_энергии_на_дом": 42232,
        "Наличие_спортивного_зала": true,
        "Расстояние_до_центра": 2,
        "Расстояние_до_метро": 4,
        "Расстояние_до_школы": 5
    },
    {
        "Название": "Красильников Инкорпорэйтед",
        "Адрес": "г. Киржач, ул. Серафимовича, д. 42 стр. 17, 284229",
        "Количество_этажей": 47,
        "Количество_квартир": 329,
        "Год_постройки": "2002",
        "Тип_материала": "кирпич",
        "Площадь_квартиры": 143,
        "Количество_жителей": 379,
        "Наличие_лифта": true,
        "Наличие_охраны": true,
        "Наличие_парковки": false,
        "Расход_энергии_на_дом": 39271,
        "Наличие_спортивного_зала": false,
        "Расстояние_до_центра": 1,
        "Расстояние_до_метро": 2,
        "Расстояние_до_школы": 2
    },
    {
        "Название": "ЗАО «Сидорова Кузьмин»",
        "Адрес": "г. Мирный, пер. Лесхозный, д. 77 стр. 484, 237912",
        "Количество_этажей": 36,
        "Количество_квартир": 252,
        "Год_постройки": "1988",
        "Тип_материала": "кирпич",
        "Площадь_квартиры": 85,
        "Количество_жителей": 421,
        "Наличие_лифта": false,
        "Наличие_охраны": false,
        "Наличие_парковки": true,
        "Расход_энергии_на_дом": 21997,
        "Наличие_спортивного_зала": false,
        "Расстояние_до_центра": 1,
        "Расстояние_до_метро": 6,
        "Расстояние_до_школы": 3
    },
    {
        "Название": "ЗАО «Соловьева Пономарев»",
        "Адрес": "с. Южноуральск, бул. Балтийский, д. 9/4 к. 261, 721476",
        "Количество_этажей": 27,
        "Количество_квартир": 189,
        "Год_постройки": "1987",
        "Тип_материала": "железобетон",
        "Площадь_квартиры": 118,
        "Количество_жителей": 194,
        "Наличие_лифта": false,
        "Наличие_охраны": false,
        "Наличие_парковки": true,
        "Расход_энергии_на_дом": 35508,
        "Наличие_спортивного_зала": true,
        "Расстояние_до_центра": 8,
        "Расстояние_до_метро": 3,
        "Расстояние_до_школы": 4
    },
    {
        "Название": "Виноградов Инк",
        "Адрес": "г. Ярославль, алл. Терешковой, д. 990 стр. 190, 668948",
        "Количество_этажей": 25,
        "Количество_квартир": 175,
        "Год_постройки": "2003",
        "Тип_материала": "кирпич",
        "Площадь_квартиры": 60,
        "Количество_жителей": 242,
        "Наличие_лифта": false,
        "Наличие_охраны": false,
        "Наличие_парковки": false,
        "Расход_энергии_на_дом": 31515,
        "Наличие_спортивного_зала": false,
        "Расстояние_до_центра": 5,
        "Расстояние_до_метро": 1,
        "Расстояние_до_школы": 2
    },
    {
        "Название": "НПО «Капустина, Соколов и Панов»",
        "Адрес": "к. Усть-Баргузин, ул. Октябрьская, д. 3/3 стр. 96, 789766",
        "Количество_этажей": 21,
        "Количество_квартир": 147,
        "Год_постройки": "2018",
        "Тип_материала": "железобетон",
        "Площадь_квартиры": 123,
        "Количество_жителей": 290,
        "Наличие_лифта": false,
        "Наличие_охраны": true,
        "Наличие_парковки": false,
        "Расход_энергии_на_дом": 45741,
        "Наличие_спортивного_зала": true,
        "Расстояние_до_центра": 5,
        "Расстояние_до_метро": 9,
        "Расстояние_до_школы": 5
    },
    {
        "Название": "АО «Кабанов Орлов»",
        "Адрес": "клх Муром, наб. Геологическая, д. 6/8 к. 202, 734671",
        "Количество_этажей": 40,
        "Количество_квартир": 280,
        "Год_постройки": "1982",
        "Тип_материала": "кирпич",
        "Площадь_квартиры": 167,
        "Количество_жителей": 157,
        "Наличие_лифта": true,
        "Наличие_охраны": true,
        "Наличие_парковки": false,
        "Расход_энергии_на_дом": 27506,
        "Наличие_спортивного_зала": true,
        "Расстояние_до_центра": 9,
        "Расстояние_до_метро": 7,
        "Расстояние_до_школы": 2
    },
    {
        "Название": "ИП «Гордеев-Цветкова»",
        "Адрес": "к. Воткинск, ш. Пограничное, д. 216 стр. 549, 102234",
        "Количество_этажей": 20,
        "Количество_квартир": 140,
        "Год_постройки": "1970",
        "Тип_материала": "стекло",
        "Площадь_квартиры": 62,
        "Количество_жителей": 432,
        "Наличие_лифта": true,
        "Наличие_охраны": true,
        "Наличие_парковки": true,
        "Расход_энергии_на_дом": 12461,
        "Наличие_спортивного_зала": true,
        "Расстояние_до_центра": 17,
        "Расстояние_до_метро": 3,
        "Расстояние_до_школы": 2
    },
    {
        "Название": "РАО «Силина, Белякова и Блинов»",
        "Адрес": "клх Норильск, алл. Дружба, д. 47, 297790",
        "Количество_этажей": 21,
        "Количество_квартир": 147,
        "Год_постройки": "2018",
        "Тип_материала": "стекло",
        "Площадь_квартиры": 185,
        "Количество_жителей": 177,
        "Наличие_лифта": false,
        "Наличие_охраны": true,
        "Наличие_парковки": false,
        "Расход_энергии_на_дом": 48736,
        "Наличие_спортивного_зала": true,
        "Расстояние_до_центра": 18,
        "Расстояние_до_метро": 1,
        "Расстояние_до_школы": 2
    }
]