[
    {
        "Название": "ООО «Григорьев, Колобов и Шилов»",
        "Адрес": "к. Псебай, алл. Колхозная, д. 1 стр. 864, 982076",
        "Количество_этажей": 21,
        "Количество_квартир": 147,
        "Год_постройки": "1978",
        "Тип_материала": "кирпич",
        "Площадь_квартиры": 98,
        "Количество_жителей": 414,
        "Наличие_лифта": true,
        "Наличие_охраны": true,
        "Наличие_парковки": true,
        "Расход_энергии_на_дом": 42942,
        "Наличие_спортивного_зала": true,
        "Расстояние_до_центра": 9,
        "Расстояние_до_метро": 9,
        "Расстояние_до_школы": 5
    },
    {
        "Название": "Карпов Инк",
        "Адрес": "к. Новый Оскол, алл. Волжская, д. 1 к. 137, 192825",
        "Количество_этажей": 23,
        "Количество_квартир": 161,
        "Год_постройки": "1987",
        "Тип_материала": "стекло",
        "Площадь_квартиры": 84,
        "Количество_жителей": 350,
        "Наличие_лифта": true,
        "Наличие_охраны": true,
        "Наличие_парковки": true,
        "Расход_энергии_на_дом": 24100,
        "Наличие_спортивного_зала": false,
        "Расстояние_до_центра": 5,
        "Расстояние_до_метро": 7,
        "Расстояние_до_школы": 2
    },
    {
        "Название": "ООО «Одинцова-Устинова»",
        "Адрес": "клх Иркутск, алл. Путевая, д. 4, 941932",
        "Количество_этажей": 44,
        "Количество_квартир": 308,
        "Год_постройки": "1989",
        "Тип_материала": "стекло",
        "Площадь_квартиры": 165,
        "Количество_жителей": 200,
        "Наличие_лифта": false,
        "Наличие_охраны": true,
        "Наличие_парковки": true,
        "Расход_энергии_на_дом": 22726,
        "Наличие_спортивного_зала": false,
        "Расстояние_до_центра": 11,
        "Расстояние_до_метро": 3,
        "Расстояние_до_школы": 3
    },
    {
        "Название": "ЗАО «Куликова Ситникова»",
        "Адрес": "д. Канск, ш. Загородное, д. 3/3, 699242",
        "Количество_этажей": 47,
        "Количество_квартир": 329,
        "Год_постройки": "1984",
        "Тип_материала": "кирпич",
        "Площадь_квартиры": 196,
        "Количество_жителей": 481,
        "Наличие_лифта": true,
        "Наличие_охраны": true,
        "Наличие_парковки": true,
        "Расход_энергии_на_дом": 39329,
        "Наличие_спортивного_зала": false,
        "Расстояние_до_центра": 12,
        "Расстояние_до_метро": 6,
        "Расстояние_до_школы": 5
    },
    {
        "Название": "ИП «Брагин-Шестаков»",
        "Адрес": "клх Борзя, наб. Рябиновая, д. 9/1 стр. 452, 517391",
        "Количество_этажей": 26,
        "Количество_квартир": 182,
        "Год_постройки": "2003",
        "Тип_материала": "железобетон",
        "Площадь_квартиры": 87,
        "Количество_жителей": 234,
        "Наличие_лифта": false,
        "Наличие_охраны": false,
        "Наличие_парковки": true,
        "Расход_энергии_на_дом": 27191,
        "Наличие_спортивного_зала": true,
        "Расстояние_до_центра": 8,
        "Расстояние_до_метро": 10,
        "Расстояние_до_школы": 4
    },
    {
        "Название": "ИП «Дроздов-Петухов»",
        "Адрес": "г. Балашов, ш. Киевское, д. 92 стр. 9/1, 104518",
        "Количество_этажей": 23,
        "Количество_квартир": 161,
        "Год_постройки": "2012",
        "Тип_материала": "кирпич",
        "Площадь_квартиры": 84,
        "Количество_жителей": 228,
        "Наличие_лифта": false,
        "Наличие_охраны": true,
        "Наличие_парковки": true,
        "Расход_энергии_на_дом": 16967,
        "Наличие_спортивного_зала": false,
        "Расстояние_до_центра": 19,
        "Расстояние_до_метро": 9,
        "Расстояние_до_школы": 4
    },
    {
        "Название": "НПО «Рогов Денисов»",
        "Адрес": "д. Находка, ш. Льва Толстого, д. 3/7 к. 6, 615697",
        "Количество_этажей": 35,
        "Количество_квартир": 245,
        "Год_постройки": "2014",
        "Тип_материала": "стекло",
        "Площадь_квартиры": 182,
        "Количество_жителей": 159,
        "Наличие_лифта": true,
        "Наличие_охраны": true,
        "Наличие_парковки": false,
        "Расход_энергии_на_дом": 41455,
        "Наличие_спортивного_зала": false,
        "Расстояние_до_центра": 20,
        "Расстояние_до_метро": 5,
        "Расстояние_до_школы": 3
    },
    {
        "Название": "ЗАО «Гусев»",
        "Адрес": "к. Кемерово, наб. Щетинкина, д. 5 стр. 33, 852705",
        "Количество_этажей": 37,
        "Количество_квартир": 259,
        "Год_постройки": "1992",
        "Тип_материала": "кирпич",
        "Площадь_квартиры": 91,
        "Количество_жителей": 108,
        "Наличие_лифта": true,
        "Наличие_охраны": true,
        "Наличие_парковки": true,
        "Расход_энергии_на_дом": 46044,
        "Наличие_спортивного_зала": false,
        "Расстояние_до_центра": 16,
        "Расстояние_до_метро": 10,
        "Расстояние_до_школы": 4
    },
    {
        "Название": "Аксенова Инкорпорэйтед",
        "Адрес": "д. Игарка, пр. Щорса, д. 5 стр. 2, 524718",
        "Количество_этажей": 38,
        "Количество_квартир": 266,
        "Год_постройки": "2011",
        "Тип_материала": "кирпич",
        "Площадь_квартиры": 121,
        "Количество_жителей": 249,
        "Наличие_лифта": true,
        "Наличие_охраны": false,
        "Наличие_парковки": false,
        "Расход_энергии_на_дом": 14800,
        "Наличие_спортивного_зала": false,
        "Расстояние_до_центра": 17,
        "Расстояние_до_метро": 9,
        "Расстояние_до_школы": 5
    },
    {
        "Название": "Газпромбанк",
        "Адрес": "д. Миллерово, пер. Мира, д. 656 стр. 149, 317148",
        "Количество_этажей": 38,
        "Количество_квартир": 266,
        "Год_постройки": "1972",
        "Тип_материала": "кирпич",
        "Площадь_квартиры": 76,
        "Количество_жителей": 342,
        "Наличие_лифта": true,
        "Наличие_охраны": true,
        "Наличие_парковки": true,
        "Расход_энергии_на_дом": 34266,
        "Наличие_спортивного_зала": true,
        "Расстояние_до_центра": 20,
        "Расстояние_до_метро": 2,
        "Расстояние_до_школы": 2
    },
    {
        "Название": "РАО «Юдин, Григорьева и Васильев»",
        "Адрес": "клх Поярково, пер. Песочный, д. 70, 179339",
        "Количество_этажей": 39,
        "Количество_квартир": 273,
        "Год_постройки": "1994",
        "Тип_материала": "кирпич",
        "Площадь_квартиры": 164,
        "Количество_жителей": 142,
        "Наличие_лифта": true,
        "Наличие_охраны": false,
        "Наличие_парковки": false,
        "Расход_энергии_на_дом": 25286,
        "Наличие_спортивного_зала": true,
        "Расстояние_до_центра": 2,
        "Расстояние_до_метро": 10,
        "Расстояние_до_школы": 5
    },
    {
        "Название": "ЗАО «Соболева-Орлова»",
        "Адрес": "г. Цимлянск, алл. Фестивальная, д. 27, 825374",
        "Количество_этажей": 49,
        "Количество_квартир": 343,
        "Год_постройки": "1973",
        "Тип_материала": "стекло",
        "Площадь_квартиры": 105,
        "Количество_жителей": 61,
        "Наличие_лифта": true,
        "Наличие_охраны": true,
        "Наличие_парковки": true,
        "Расход_энергии_на_дом": 49574,
        "Наличие_спортивного_зала": false,
        "Расстояние_до_центра": 11,
        "Расстояние_до_метро": 1,
        "Расстояние_до_школы": 1
    },
    {
        "Название": "АО «Ефремова»",
        "Адрес": "к. Югорск, пр. Свердлова, д. 12, 723582",
        "Количество_этажей": 22,
        "Количество_квартир": 154,
        "Год_постройки": "1974",
        "Тип_материала": "кирпич",
        "Площадь_квартиры": 127,
        "Количество_жителей": 260,
        "Наличие_лифта": true,
        "Наличие_охраны": false,
        "Наличие_парковки": true,
        "Расход_энергии_на_дом": 32214,
        "Наличие_спортивного_зала": true,
        "Расстояние_до_центра": 9,
        "Расстояние_до_метро": 3,
        "Расстояние_до_школы": 1
    },
    {
        "Название": "НПО «Морозов, Петров и Кудряшов»",
        "Адрес": "к. Энгельс, пр. Огородный, д. 2 стр. 2, 560708",
        "Количество_этажей": 24,
        "Количество_квартир": 168,
        "Год_постройки": "2023",
        "Тип_материала": "кирпич",
        "Площадь_квартиры": 151,
        "Количество_жителей": 325,
        "Наличие_лифта": true,
        "Наличие_охраны": false,
        "Наличие_парковки": false,
        "Расход_энергии_на_дом": 24742,
        "Наличие_спортивного_зала": false,
        "Расстояние_до_центра": 19,
        "Расстояние_до_метро": 4,
        "Расстояние_до_школы": 2
    },
    {
        "Название": "Воронова Лтд",
        "Адрес": "с. Южно-Курильск, бул. Беляева, д. 688, 500940",
        "Количество_этажей": 37,
        "Количество_квартир": 259,
        "Год_постройки": "2010",
        "Тип_материала": "кирпич",
        "Площадь_квартиры": 179,
        "Количество_жителей": 297,
        "Наличие_лифта": false,
        "Наличие_охраны": false,
        "Наличие_парковки": false,
        "Расход_энергии_на_дом": 18306,
        "Наличие_спортивного_зала": false,
        "Расстояние_до_центра": 15,
        "Расстояние_до_метро": 10,
        "Расстояние_до_школы": 1
    }
]