[
    {
        "Название": "НПФ Газфонд пенсионные накопления",
        "Адрес": "г. Торжок, алл. Тепличная, д. 494 к. 804, 534050",
        "Количество_этажей": 44,
        "Количество_квартир": 308,
        "Год_постройки": "1970",
        "Тип_материала": "железобетон",
        "Площадь_квартиры": 160,
        "Количество_жителей": 293,
        "Наличие_лифта": true,
        "Наличие_охраны": false,
        "Наличие_парковки": false,
        "Расход_энергии_на_дом": 30863,
        "Наличие_спортивного_зала": true,
        "Расстояние_до_центра": 17,
        "Расстояние_до_метро": 7,
        "Расстояние_до_школы": 2
    },
    {
        "Название": "ООО «Гришин, Шилов и Дмитриева»",
        "Адрес": "с. Мончегорск, пр. Островского, д. 13 к. 555, 894092",
        "Количество_этажей": 46,
        "Количество_квартир": 322,
        "Год_постройки": "2009",
        "Тип_материала": "стекло",
        "Площадь_квартиры": 58,
        "Количество_жителей": 481,
        "Наличие_лифта": true,
        "Наличие_охраны": true,
        "Наличие_парковки": false,
        "Расход_энергии_на_дом": 30376,
        "Наличие_спортивного_зала": false,
        "Расстояние_до_центра": 11,
        "Расстояние_до_метро": 7,
        "Расстояние_до_школы": 5
    },
    {
        "Название": "ЗАО «Крылов Захарова»",
        "Адрес": "клх Углич, наб. Владимирская, д. 997 стр. 920, 886205",
        "Количество_этажей": 50,
        "Количество_квартир": 350,
        "Год_постройки": "1999",
        "Тип_материала": "железобетон",
        "Площадь_квартиры": 77,
        "Количество_жителей": 299,
        "Наличие_лифта": true,
        "Наличие_охраны": true,
        "Наличие_парковки": true,
        "Расход_энергии_на_дом": 23261,
        "Наличие_спортивного_зала": true,
        "Расстояние_до_центра": 17,
        "Расстояние_до_метро": 1,
        "Расстояние_до_школы": 5
    },
    {
        "Название": "НПО «Исаева»",
        "Адрес": "г. Вендинга, бул. Торговый, д. 6/2, 258039",
        "Количество_этажей": 35,
        "Количество_квартир": 245,
        "Год_постройки": "2019",
        "Тип_материала": "кирпич",
        "Площадь_квартиры": 181,
        "Количество_жителей": 491,
        "Наличие_лифта": true,
        "Наличие_охраны": true,
        "Наличие_парковки": true,
        "Расход_энергии_на_дом": 27340,
        "Наличие_спортивного_зала": true,
        "Расстояние_до_центра": 7,
        "Расстояние_до_метро": 1,
        "Расстояние_до_школы": 4
    },
    {
        "Название": "Голубев Инкорпорэйтед",
        "Адрес": "к. Находка, пер. Энергетиков, д. 272 стр. 897, 449178",
        "Количество_этажей": 24,
        "Количество_квартир": 168,
        "Год_постройки": "2003",
        "Тип_материала": "железобетон",
        "Площадь_квартиры": 100,
        "Количество_жителей": 218,
        "Наличие_лифта": true,
        "Наличие_охраны": false,
        "Наличие_парковки": true,
        "Расход_энергии_на_дом": 29346,
        "Наличие_спортивного_зала": false,
        "Расстояние_до_центра": 13,
        "Расстояние_до_метро": 4,
        "Расстояние_до_школы": 1
    },
    {
        "Название": "Русснефть",
        "Адрес": "к. Калининград, алл. Омская, д. 7 к. 94, 709983",
        "Количество_этажей": 22,
        "Количество_квартир": 154,
        "Год_постройки": "1973",
        "Тип_материала": "железобетон",
        "Площадь_квартиры": 76,
        "Количество_жителей": 282,
        "Наличие_лифта": true,
        "Наличие_охраны": true,
        "Наличие_парковки": true,
        "Расход_энергии_на_дом": 38414,
        "Наличие_спортивного_зала": false,
        "Расстояние_до_центра": 15,
        "Расстояние_до_метро": 4,
        "Расстояние_до_школы": 5
    },
    {
        "Название": "ИП «Панфилова, Селезнева и Рыбакова»",
        "Адрес": "п. Шерегеш, пр. Больничный, д. 704 к. 50, 348239",
        "Количество_этажей": 20,
        "Количество_квартир": 140,
        "Год_постройки": "1984",
        "Тип_материала": "кирпич",
        "Площадь_квартиры": 96,
        "Количество_жителей": 252,
        "Наличие_лифта": true,
        "Наличие_охраны": true,
        "Наличие_парковки": true,
        "Расход_энергии_на_дом": 46673,
        "Наличие_спортивного_зала": false,
        "Расстояние_до_центра": 3,
        "Расстояние_до_метро": 8,
        "Расстояние_до_школы": 1
    },
    {
        "Название": "ООО «Фокина, Сорокин и Константинова»",
        "Адрес": "д. Апатиты, ш. Советской Армии, д. 9/7 к. 5, 353276",
        "Количество_этажей": 29,
        "Количество_квартир": 203,
        "Год_постройки": "1993",
        "Тип_материала": "стекло",
        "Площадь_квартиры": 168,
        "Количество_жителей": 481,
        "Наличие_лифта": false,
        "Наличие_охраны": true,
        "Наличие_парковки": false,
        "Расход_энергии_на_дом": 19283,
        "Наличие_спортивного_зала": false,
        "Расстояние_до_центра": 7,
        "Расстояние_до_метро": 9,
        "Расстояние_до_школы": 1
    },
    {
        "Название": "ЗАО «Зыкова Бирюков»",
        "Адрес": "п. Артем, наб. Толстого, д. 9/6, 414363",
        "Количество_этажей": 36,
        "Количество_квартир": 252,
        "Год_постройки": "2002",
        "Тип_материала": "кирпич",
        "Площадь_квартиры": 54,
        "Количество_жителей": 195,
        "Наличие_лифта": true,
        "Наличие_охраны": false,
        "Наличие_парковки": false,
        "Расход_энергии_на_дом": 20884,
        "Наличие_спортивного_зала": false,
        "Расстояние_до_центра": 16,
        "Расстояние_до_метро": 3,
        "Расстояние_до_школы": 5
    },
    {
        "Название": "ЗАО «Горбачев Бурова»",
        "Адрес": "с. Братск, бул. Ключевой, д. 9/1, 232044",
        "Количество_этажей": 36,
        "Количество_квартир": 252,
        "Год_постройки": "2014",
        "Тип_материала": "стекло",
        "Площадь_квартиры": 74,
        "Количество_жителей": 462,
        "Наличие_лифта": false,
        "Наличие_охраны": true,
        "Наличие_парковки": false,
        "Расход_энергии_на_дом": 15672,
        "Наличие_спортивного_зала": false,
        "Расстояние_до_центра": 4,
        "Расстояние_до_метро": 5,
        "Расстояние_до_школы": 4
    },
    {
        "Название": "РАО «Трофимов, Белов и Миронова»",
        "Адрес": "д. Быково (метеост.), бул. Ореховый, д. 963, 289758",
        "Количество_этажей": 31,
        "Количество_квартир": 217,
        "Год_постройки": "1993",
        "Тип_материала": "стекло",
        "Площадь_квартиры": 125,
        "Количество_жителей": 280,
        "Наличие_лифта": true,
        "Наличие_охраны": false,
        "Наличие_парковки": false,
        "Расход_энергии_на_дом": 27532,
        "Наличие_спортивного_зала": false,
        "Расстояние_до_центра": 15,
        "Расстояние_до_метро": 3,
        "Расстояние_до_школы": 2
    },
    {
        "Название": "Зайцев Инкорпорэйтед",
        "Адрес": "п. Мокшан, бул. Угольный, д. 218, 238281",
        "Количество_этажей": 34,
        "Количество_квартир": 238,
        "Год_постройки": "2010",
        "Тип_материала": "кирпич",
        "Площадь_квартиры": 120,
        "Количество_жителей": 108,
        "Наличие_лифта": true,
        "Наличие_охраны": true,
        "Наличие_парковки": true,
        "Расход_энергии_на_дом": 32476,
        "Наличие_спортивного_зала": false,
        "Расстояние_до_центра": 10,
        "Расстояние_до_метро": 4,
        "Расстояние_до_школы": 1
    },
    {
        "Название": "ООО «Рожкова»",
        "Адрес": "к. Малоярославец, ш. Киевское, д. 980 к. 6/1, 646696",
        "Количество_этажей": 24,
        "Количество_квартир": 168,
        "Год_постройки": "1996",
        "Тип_материала": "стекло",
        "Площадь_квартиры": 64,
        "Количество_жителей": 235,
        "Наличие_лифта": true,
        "Наличие_охраны": false,
        "Наличие_парковки": true,
        "Расход_энергии_на_дом": 36248,
        "Наличие_спортивного_зала": false,
        "Расстояние_до_центра": 7,
        "Расстояние_до_метро": 10,
        "Расстояние_до_школы": 5
    },
    {
        "Название": "НПО «Крюкова Емельянов»",
        "Адрес": "ст. Дзержинск, алл. Мира, д. 650 к. 1/2, 005150",
        "Количество_этажей": 41,
        "Количество_квартир": 287,
        "Год_постройки": "1970",
        "Тип_материала": "стекло",
        "Площадь_квартиры": 174,
        "Количество_жителей": 424,
        "Наличие_лифта": true,
        "Наличие_охраны": true,
        "Наличие_парковки": true,
        "Расход_энергии_на_дом": 49977,
        "Наличие_спортивного_зала": false,
        "Расстояние_до_центра": 6,
        "Расстояние_до_метро": 10,
        "Расстояние_до_школы": 5
    },
    {
        "Название": "РАО «Мамонтова-Новикова»",
        "Адрес": "к. Пушкино (Моск.), пр. Студенческий, д. 3 к. 284, 324685",
        "Количество_этажей": 32,
        "Количество_квартир": 224,
        "Год_постройки": "1996",
        "Тип_материала": "стекло",
        "Площадь_квартиры": 63,
        "Количество_жителей": 421,
        "Наличие_лифта": true,
        "Наличие_охраны": true,
        "Наличие_парковки": false,
        "Расход_энергии_на_дом": 34347,
        "Наличие_спортивного_зала": false,
        "Расстояние_до_центра": 2,
        "Расстояние_до_метро": 5,
        "Расстояние_до_школы": 5
    }
]