[
    {
        "Название": "РАО «Лазарева-Суханов»",
        "Адрес": "с. Бавлы, наб. Кедровая, д. 5/7 к. 4/9, 551521",
        "Количество_этажей": 25,
        "Количество_квартир": 175,
        "Год_постройки": "1970",
        "Тип_материала": "железобетон",
        "Площадь_квартиры": 106,
        "Количество_жителей": 420,
        "Наличие_лифта": true,
        "Наличие_охраны": false,
        "Наличие_парковки": false,
        "Расход_энергии_на_дом": 21783,
        "Наличие_спортивного_зала": true,
        "Расстояние_до_центра": 10,
        "Расстояние_до_метро": 5,
        "Расстояние_до_школы": 3
    },
    {
        "Название": "НПО «Денисов Яковлев»",
        "Адрес": "клх Кедровый, ул. Брянская, д. 9 к. 8, 315475",
        "Количество_этажей": 31,
        "Количество_квартир": 217,
        "Год_постройки": "1978",
        "Тип_материала": "кирпич",
        "Площадь_квартиры": 158,
        "Количество_жителей": 239,
        "Наличие_лифта": false,
        "Наличие_охраны": true,
        "Наличие_парковки": true,
        "Расход_энергии_на_дом": 22992,
        "Наличие_спортивного_зала": true,
        "Расстояние_до_центра": 11,
        "Расстояние_до_метро": 8,
        "Расстояние_до_школы": 3
    },
    {
        "Название": "АО «Якушева»",
        "Адрес": "г. Охотск, ш. Рязанское, д. 851 к. 710, 509048",
        "Количество_этажей": 24,
        "Количество_квартир": 168,
        "Год_постройки": "1987",
        "Тип_материала": "стекло",
        "Площадь_квартиры": 55,
        "Количество_жителей": 136,
        "Наличие_лифта": true,
        "Наличие_охраны": true,
        "Наличие_парковки": true,
        "Расход_энергии_на_дом": 19291,
        "Наличие_спортивного_зала": true,
        "Расстояние_до_центра": 19,
        "Расстояние_до_метро": 8,
        "Расстояние_до_школы": 3
    },
    {
        "Название": "ИП «Юдин, Гущин и Афанасьев»",
        "Адрес": "г. Советский, пр. Кузнецова, д. 261, 001836",
        "Количество_этажей": 47,
        "Количество_квартир": 329,
        "Год_постройки": "1986",
        "Тип_материала": "стекло",
        "Площадь_квартиры": 78,
        "Количество_жителей": 411,
        "Наличие_лифта": true,
        "Наличие_охраны": true,
        "Наличие_парковки": false,
        "Расход_энергии_на_дом": 49535,
        "Наличие_спортивного_зала": false,
        "Расстояние_до_центра": 5,
        "Расстояние_до_метро": 7,
        "Расстояние_до_школы": 5
    },
    {
        "Название": "ГК СНС",
        "Адрес": "клх Игнашино, наб. Мирная, д. 9/4, 094070",
        "Количество_этажей": 25,
        "Количество_квартир": 175,
        "Год_постройки": "1980",
        "Тип_материала": "железобетон",
        "Площадь_квартиры": 109,
        "Количество_жителей": 336,
        "Наличие_лифта": true,
        "Наличие_охраны": true,
        "Наличие_парковки": true,
        "Расход_энергии_на_дом": 38074,
        "Наличие_спортивного_зала": false,
        "Расстояние_до_центра": 5,
        "Расстояние_до_метро": 7,
        "Расстояние_до_школы": 3
    },
    {
        "Название": "ОАО «Киселева Гордеев»",
        "Адрес": "с. Щелково, алл. Красноярская, д. 4/4 к. 968, 160090",
        "Количество_этажей": 36,
        "Количество_квартир": 252,
        "Год_постройки": "1981",
        "Тип_материала": "стекло",
        "Площадь_квартиры": 133,
        "Количество_жителей": 460,
        "Наличие_лифта": true,
        "Наличие_охраны": true,
        "Наличие_парковки": false,
        "Расход_энергии_на_дом": 43587,
        "Наличие_спортивного_зала": false,
        "Расстояние_до_центра": 15,
        "Расстояние_до_метро": 4,
        "Расстояние_до_школы": 4
    },
    {
        "Название": "ООО «Третьякова Евдокимов»",
        "Адрес": "п. Абакан, пр. Прохладный, д. 370, 836006",
        "Количество_этажей": 22,
        "Количество_квартир": 154,
        "Год_постройки": "2001",
        "Тип_материала": "стекло",
        "Площадь_квартиры": 127,
        "Количество_жителей": 108,
        "Наличие_лифта": true,
        "Наличие_охраны": true,
        "Наличие_парковки": false,
        "Расход_энергии_на_дом": 43063,
        "Наличие_спортивного_зала": false,
        "Расстояние_до_центра": 15,
        "Расстояние_до_метро": 7,
        "Расстояние_до_школы": 5
    },
    {
        "Название": "ООО «Калинина Рожкова»",
        "Адрес": "г. Нарьян-Мар, наб. Веселая, д. 9/1 к. 12, 640786",
        "Количество_этажей": 41,
        "Количество_квартир": 287,
        "Год_постройки": "1982",
        "Тип_материала": "кирпич",
        "Площадь_квартиры": 59,
        "Количество_жителей": 420,
        "Наличие_лифта": true,
        "Наличие_охраны": true,
        "Наличие_парковки": true,
        "Расход_энергии_на_дом": 22046,
        "Наличие_спортивного_зала": false,
        "Расстояние_до_центра": 19,
        "Расстояние_до_метро": 4,
        "Расстояние_до_школы": 1
    },
    {
        "Название": "АО «Моисеева, Фадеев и Воронцова»",
        "Адрес": "ст. Камышин, наб. Слободская, д. 2 к. 572, 745191",
        "Количество_этажей": 20,
        "Количество_квартир": 140,
        "Год_постройки": "2014",
        "Тип_материала": "железобетон",
        "Площадь_квартиры": 148,
        "Количество_жителей": 338,
        "Наличие_лифта": true,
        "Наличие_охраны": false,
        "Наличие_парковки": true,
        "Расход_энергии_на_дом": 43687,
        "Наличие_спортивного_зала": false,
        "Расстояние_до_центра": 10,
        "Расстояние_до_метро": 8,
        "Расстояние_до_школы": 2
    },
    {
        "Название": "Военторг",
        "Адрес": "клх Объячево, пер. Демьяна Бедного, д. 178 стр. 7, 444882",
        "Количество_этажей": 42,
        "Количество_квартир": 294,
        "Год_постройки": "1989",
        "Тип_материала": "стекло",
        "Площадь_квартиры": 127,
        "Количество_жителей": 299,
        "Наличие_лифта": false,
        "Наличие_охраны": false,
        "Наличие_парковки": true,
        "Расход_энергии_на_дом": 42021,
        "Наличие_спортивного_зала": false,
        "Расстояние_до_центра": 7,
        "Расстояние_до_метро": 10,
        "Расстояние_до_школы": 3
    },
    {
        "Название": "АО «Шилов Тетерина»",
        "Адрес": "клх Златоуст, ш. Саратовское, д. 5/8, 307860",
        "Количество_этажей": 44,
        "Количество_квартир": 308,
        "Год_постройки": "1976",
        "Тип_материала": "железобетон",
        "Площадь_квартиры": 186,
        "Количество_жителей": 269,
        "Наличие_лифта": false,
        "Наличие_охраны": true,
        "Наличие_парковки": true,
        "Расход_энергии_на_дом": 19888,
        "Наличие_спортивного_зала": false,
        "Расстояние_до_центра": 1,
        "Расстояние_до_метро": 10,
        "Расстояние_до_школы": 2
    },
    {
        "Название": "ОАО «Иванова-Никонов»",
        "Адрес": "с. Эльбрус, пер. Горького, д. 999 стр. 8/7, 137404",
        "Количество_этажей": 45,
        "Количество_квартир": 315,
        "Год_постройки": "2020",
        "Тип_материала": "железобетон",
        "Площадь_квартиры": 175,
        "Количество_жителей": 144,
        "Наличие_лифта": true,
        "Наличие_охраны": true,
        "Наличие_парковки": true,
        "Расход_энергии_на_дом": 40247,
        "Наличие_спортивного_зала": false,
        "Расстояние_до_центра": 7,
        "Расстояние_до_метро": 4,
        "Расстояние_до_школы": 3
    },
    {
        "Название": "ОАО «Ершова»",
        "Адрес": "к. Курганинск, ул. Минина, д. 3 стр. 33, 438065",
        "Количество_этажей": 46,
        "Количество_квартир": 322,
        "Год_постройки": "2017",
        "Тип_материала": "железобетон",
        "Площадь_квартиры": 184,
        "Количество_жителей": 98,
        "Наличие_лифта": true,
        "Наличие_охраны": false,
        "Наличие_парковки": false,
        "Расход_энергии_на_дом": 17257,
        "Наличие_спортивного_зала": false,
        "Расстояние_до_центра": 17,
        "Расстояние_до_метро": 5,
        "Расстояние_до_школы": 5
    },
    {
        "Название": "Васильева Групп",
        "Адрес": "г. Ессентуки, наб. Горная, д. 2/7, 584100",
        "Количество_этажей": 46,
        "Количество_квартир": 322,
        "Год_постройки": "2022",
        "Тип_материала": "стекло",
        "Площадь_квартиры": 140,
        "Количество_жителей": 194,
        "Наличие_лифта": false,
        "Наличие_охраны": true,
        "Наличие_парковки": false,
        "Расход_энергии_на_дом": 12293,
        "Наличие_спортивного_зала": false,
        "Расстояние_до_центра": 3,
        "Расстояние_до_метро": 5,
        "Расстояние_до_школы": 2
    },
    {
        "Название": "Боэс Констракшн (Boes Construction)",
        "Адрес": "д. Урус-Мартан, бул. Снежный, д. 993, 176537",
        "Количество_этажей": 47,
        "Количество_квартир": 329,
        "Год_постройки": "2018",
        "Тип_материала": "кирпич",
        "Площадь_квартиры": 130,
        "Количество_жителей": 238,
        "Наличие_лифта": true,
        "Наличие_охраны": false,
        "Наличие_парковки": true,
        "Расход_энергии_на_дом": 15753,
        "Наличие_спортивного_зала": true,
        "Расстояние_до_центра": 7,
        "Расстояние_до_метро": 2,
        "Расстояние_до_школы": 3
    }
]