[
    {
        "Название": "ОАО «Филиппов, Беляев и Исаев»",
        "Адрес": "клх Асино, наб. Металлистов, д. 2 стр. 2, 373823",
        "Количество_этажей": 31,
        "Количество_квартир": 217,
        "Год_постройки": "1980",
        "Тип_материала": "железобетон",
        "Площадь_квартиры": 95,
        "Количество_жителей": 376,
        "Наличие_лифта": true,
        "Наличие_охраны": false,
        "Наличие_парковки": false,
        "Расход_энергии_на_дом": 49558,
        "Наличие_спортивного_зала": true,
        "Расстояние_до_центра": 15,
        "Расстояние_до_метро": 3,
        "Расстояние_до_школы": 2
    },
    {
        "Название": "АО «Якушев, Крюков и Ковалева»",
        "Адрес": "д. Волгоград, алл. Юности, д. 518 к. 70, 805507",
        "Количество_этажей": 30,
        "Количество_квартир": 210,
        "Год_постройки": "2010",
        "Тип_материала": "кирпич",
        "Площадь_квартиры": 65,
        "Количество_жителей": 263,
        "Наличие_лифта": true,
        "Наличие_охраны": false,
        "Наличие_парковки": false,
        "Расход_энергии_на_дом": 24908,
        "Наличие_спортивного_зала": true,
        "Расстояние_до_центра": 19,
        "Расстояние_до_метро": 10,
        "Расстояние_до_школы": 4
    },
    {
        "Название": "Хендэ Мотор СНГ (Hyundai)",
        "Адрес": "клх Пушкинские Горы, ул. Ставропольская, д. 5, 091397",
        "Количество_этажей": 44,
        "Количество_квартир": 308,
        "Год_постройки": "2022",
        "Тип_материала": "железобетон",
        "Площадь_квартиры": 156,
        "Количество_жителей": 409,
        "Наличие_лифта": false,
        "Наличие_охраны": false,
        "Наличие_парковки": true,
        "Расход_энергии_на_дом": 30473,
        "Наличие_спортивного_зала": true,
        "Расстояние_до_центра": 12,
        "Расстояние_до_метро": 2,
        "Расстояние_до_школы": 5
    },
    {
        "Название": "ОАО «Лобанова Кузнецова»",
        "Адрес": "ст. Беслан, пер. Пограничный, д. 51, 432613",
        "Количество_этажей": 33,
        "Количество_квартир": 231,
        "Год_постройки": "2009",
        "Тип_материала": "кирпич",
        "Площадь_квартиры": 160,
        "Количество_жителей": 156,
        "Наличие_лифта": true,
        "Наличие_охраны": false,
        "Наличие_парковки": true,
        "Расход_энергии_на_дом": 16368,
        "Наличие_спортивного_зала": false,
        "Расстояние_до_центра": 14,
        "Расстояние_до_метро": 2,
        "Расстояние_до_школы": 4
    },
    {
        "Название": "ИП «Кулагина Ермакова»",
        "Адрес": "ст. Торжок, алл. Павлова, д. 3, 896418",
        "Количество_этажей": 44,
        "Количество_квартир": 308,
        "Год_постройки": "2017",
        "Тип_материала": "железобетон",
        "Площадь_квартиры": 103,
        "Количество_жителей": 109,
        "Наличие_лифта": true,
        "Наличие_охраны": false,
        "Наличие_парковки": true,
        "Расход_энергии_на_дом": 13062,
        "Наличие_спортивного_зала": false,
        "Расстояние_до_центра": 11,
        "Расстояние_до_метро": 1,
        "Расстояние_до_школы": 1
    },
    {
        "Название": "ВГТРК",
        "Адрес": "клх Петушки, бул. Родниковый, д. 4/4, 232574",
        "Количество_этажей": 27,
        "Количество_квартир": 189,
        "Год_постройки": "1976",
        "Тип_материала": "кирпич",
        "Площадь_квартиры": 85,
        "Количество_жителей": 420,
        "Наличие_лифта": false,
        "Наличие_охраны": true,
        "Наличие_парковки": true,
        "Расход_энергии_на_дом": 29518,
        "Наличие_спортивного_зала": true,
        "Расстояние_до_центра": 4,
        "Расстояние_до_метро": 6,
        "Расстояние_до_школы": 3
    },
    {
        "Название": "НПО «Титов»",
        "Адрес": "п. Анапа, пер. Октябрьский, д. 322 к. 432, 404653",
        "Количество_этажей": 46,
        "Количество_квартир": 322,
        "Год_постройки": "2019",
        "Тип_материала": "железобетон",
        "Площадь_квартиры": 101,
        "Количество_жителей": 474,
        "Наличие_лифта": false,
        "Наличие_охраны": true,
        "Наличие_парковки": false,
        "Расход_энергии_на_дом": 47079,
        "Наличие_спортивного_зала": false,
        "Расстояние_до_центра": 13,
        "Расстояние_до_метро": 5,
        "Расстояние_до_школы": 2
    },
    {
        "Название": "РАО «Коновалов, Козлова и Вишнякова»",
        "Адрес": "п. Ульяновск, пр. Иркутский, д. 5/7 к. 2/4, 232602",
        "Количество_этажей": 28,
        "Количество_квартир": 196,
        "Год_постройки": "2009",
        "Тип_материала": "стекло",
        "Площадь_квартиры": 160,
        "Количество_жителей": 60,
        "Наличие_лифта": true,
        "Наличие_охраны": true,
        "Наличие_парковки": true,
        "Расход_энергии_на_дом": 48961,
        "Наличие_спортивного_зала": true,
        "Расстояние_до_центра": 1,
        "Расстояние_до_метро": 8,
        "Расстояние_до_школы": 2
    },
    {
        "Название": "АО «Самсонов Савин»",
        "Адрес": "д. Радужный, ш. Советское, д. 3, 287387",
        "Количество_этажей": 45,
        "Количество_квартир": 315,
        "Год_постройки": "1990",
        "Тип_материала": "стекло",
        "Площадь_квартиры": 186,
        "Количество_жителей": 353,
        "Наличие_лифта": true,
        "Наличие_охраны": true,
        "Наличие_парковки": false,
        "Расход_энергии_на_дом": 25600,
        "Наличие_спортивного_зала": false,
        "Расстояние_до_центра": 8,
        "Расстояние_до_метро": 5,
        "Расстояние_до_школы": 2
    },
    {
        "Название": "Бургер Рус (Burger King)",
        "Адрес": "клх Находка, наб. Советская, д. 5, 636228",
        "Количество_этажей": 46,
        "Количество_квартир": 322,
        "Год_постройки": "1998",
        "Тип_материала": "стекло",
        "Площадь_квартиры": 65,
        "Количество_жителей": 434,
        "Наличие_лифта": true,
        "Наличие_охраны": false,
        "Наличие_парковки": false,
        "Расход_энергии_на_дом": 44428,
        "Наличие_спортивного_зала": true,
        "Расстояние_до_центра": 11,
        "Расстояние_до_метро": 7,
        "Расстояние_до_школы": 4
    },
    {
        "Название": "ООО «Смирнов»",
        "Адрес": "к. Андреаполь, наб. Слободская, д. 5/6 стр. 4, 347340",
        "Количество_этажей": 46,
        "Количество_квартир": 322,
        "Год_постройки": "2012",
        "Тип_материала": "железобетон",
        "Площадь_квартиры": 141,
        "Количество_жителей": 493,
        "Наличие_лифта": true,
        "Наличие_охраны": false,
        "Наличие_парковки": false,
        "Расход_энергии_на_дом": 17701,
        "Наличие_спортивного_зала": false,
        "Расстояние_до_центра": 5,
        "Расстояние_до_метро": 10,
        "Расстояние_до_школы": 2
    },
    {
        "Название": "ООО «Александров Буров»",
        "Адрес": "г. Бологое, наб. Тульская, д. 27, 208298",
        "Количество_этажей": 40,
        "Количество_квартир": 280,
        "Год_постройки": "1993",
        "Тип_материала": "стекло",
        "Площадь_квартиры": 160,
        "Количество_жителей": 317,
        "Наличие_лифта": true,
        "Наличие_охраны": true,
        "Наличие_парковки": false,
        "Расход_энергии_на_дом": 10687,
        "Наличие_спортивного_зала": false,
        "Расстояние_до_центра": 5,
        "Расстояние_до_метро": 9,
        "Расстояние_до_школы": 3
    },
    {
        "Название": "ОАО «Щукин, Кузьмин и Евсеев»",
        "Адрес": "д. Невьянск, бул. Омский, д. 561 к. 3, 852487",
        "Количество_этажей": 35,
        "Количество_квартир": 245,
        "Год_постройки": "1974",
        "Тип_материала": "железобетон",
        "Площадь_квартиры": 85,
        "Количество_жителей": 201,
        "Наличие_лифта": true,
        "Наличие_охраны": true,
        "Наличие_парковки": false,
        "Расход_энергии_на_дом": 16407,
        "Наличие_спортивного_зала": false,
        "Расстояние_до_центра": 1,
        "Расстояние_до_метро": 1,
        "Расстояние_до_школы": 2
    },
    {
        "Название": "Сорокин Лимитед",
        "Адрес": "ст. Красноселькуп, наб. Пирогова, д. 76 к. 2/3, 883902",
        "Количество_этажей": 32,
        "Количество_квартир": 224,
        "Год_постройки": "2019",
        "Тип_материала": "железобетон",
        "Площадь_квартиры": 111,
        "Количество_жителей": 222,
        "Наличие_лифта": true,
        "Наличие_охраны": true,
        "Наличие_парковки": true,
        "Расход_энергии_на_дом": 28980,
        "Наличие_спортивного_зала": false,
        "Расстояние_до_центра": 9,
        "Расстояние_до_метро": 7,
        "Расстояние_до_школы": 1
    },
    {
        "Название": "АО «Тарасова Архипова»",
        "Адрес": "п. Архыз, бул. Надежды, д. 8/1, 231253",
        "Количество_этажей": 49,
        "Количество_квартир": 343,
        "Год_постройки": "1998",
        "Тип_материала": "железобетон",
        "Площадь_квартиры": 180,
        "Количество_жителей": 271,
        "Наличие_лифта": true,
        "Наличие_охраны": true,
        "Наличие_парковки": true,
        "Расход_энергии_на_дом": 47033,
        "Наличие_спортивного_зала": false,
        "Расстояние_до_центра": 11,
        "Расстояние_до_метро": 4,
        "Расстояние_до_школы": 1
    }
]