[
    {
        "Название": "ОАО «Зиновьев Гусев»",
        "Адрес": "с. Переславль-Залесский, пр. Тихий, д. 4/1, 185706",
        "Количество_этажей": 26,
        "Количество_квартир": 182,
        "Год_постройки": "1989",
        "Тип_материала": "стекло",
        "Площадь_квартиры": 154,
        "Количество_жителей": 125,
        "Наличие_лифта": true,
        "Наличие_охраны": false,
        "Наличие_парковки": false,
        "Расход_энергии_на_дом": 18098,
        "Наличие_спортивного_зала": false,
        "Расстояние_до_центра": 7,
        "Расстояние_до_метро": 7,
        "Расстояние_до_школы": 1
    },
    {
        "Название": "Козлова Групп",
        "Адрес": "клх Шатой, ул. Тополиная, д. 5/2 стр. 25, 059092",
        "Количество_этажей": 50,
        "Количество_квартир": 350,
        "Год_постройки": "1994",
        "Тип_материала": "кирпич",
        "Площадь_квартиры": 52,
        "Количество_жителей": 391,
        "Наличие_лифта": true,
        "Наличие_охраны": true,
        "Наличие_парковки": true,
        "Расход_энергии_на_дом": 15643,
        "Наличие_спортивного_зала": false,
        "Расстояние_до_центра": 15,
        "Расстояние_до_метро": 10,
        "Расстояние_до_школы": 3
    },
    {
        "Название": "НПО «Соболева Самойлова»",
        "Адрес": "д. Троицко-Печорск, алл. Школьная, д. 54 стр. 62, 547610",
        "Количество_этажей": 38,
        "Количество_квартир": 266,
        "Год_постройки": "2022",
        "Тип_материала": "железобетон",
        "Площадь_квартиры": 97,
        "Количество_жителей": 297,
        "Наличие_лифта": false,
        "Наличие_охраны": true,
        "Наличие_парковки": false,
        "Расход_энергии_на_дом": 14462,
        "Наличие_спортивного_зала": false,
        "Расстояние_до_центра": 13,
        "Расстояние_до_метро": 6,
        "Расстояние_до_школы": 1
    },
    {
        "Название": "АО «Емельянова-Исакова»",
        "Адрес": "г. Зеленогорск (Ленин.), ш. Проезжее, д. 36 к. 7/7, 514818",
        "Количество_этажей": 37,
        "Количество_квартир": 259,
        "Год_постройки": "2005",
        "Тип_материала": "железобетон",
        "Площадь_квартиры": 96,
        "Количество_жителей": 319,
        "Наличие_лифта": false,
        "Наличие_охраны": false,
        "Наличие_парковки": false,
        "Расход_энергии_на_дом": 20524,
        "Наличие_спортивного_зала": true,
        "Расстояние_до_центра": 13,
        "Расстояние_до_метро": 8,
        "Расстояние_до_школы": 5
    },
    {
        "Название": "ООО «Филатова»",
        "Адрес": "п. Елец, пр. Пушкинский, д. 55 к. 745, 926998",
        "Количество_этажей": 29,
        "Количество_квартир": 203,
        "Год_постройки": "1992",
        "Тип_материала": "кирпич",
        "Площадь_квартиры": 53,
        "Количество_жителей": 469,
        "Наличие_лифта": true,
        "Наличие_охраны": true,
        "Наличие_парковки": true,
        "Расход_энергии_на_дом": 16775,
        "Наличие_спортивного_зала": true,
        "Расстояние_до_центра": 10,
        "Расстояние_до_метро": 8,
        "Расстояние_до_школы": 1
    },
    {
        "Название": "Пахомов и партнеры",
        "Адрес": "ст. Усть-Кулом, алл. Снежная, д. 9/8, 566669",
        "Количество_этажей": 39,
        "Количество_квартир": 273,
        "Год_постройки": "2004",
        "Тип_материала": "железобетон",
        "Площадь_квартиры": 94,
        "Количество_жителей": 500,
        "Наличие_лифта": true,
        "Наличие_охраны": false,
        "Наличие_парковки": true,
        "Расход_энергии_на_дом": 22109,
        "Наличие_спортивного_зала": true,
        "Расстояние_до_центра": 3,
        "Расстояние_до_метро": 9,
        "Расстояние_до_школы": 2
    },
    {
        "Название": "РАО «Игнатов, Крылов и Лаврентьева»",
        "Адрес": "г. Тырныауз, пр. Культуры, д. 9 к. 5/5, 072676",
        "Количество_этажей": 23,
        "Количество_квартир": 161,
        "Год_постройки": "1985",
        "Тип_материала": "кирпич",
        "Площадь_квартиры": 101,
        "Количество_жителей": 292,
        "Наличие_лифта": true,
        "Наличие_охраны": false,
        "Наличие_парковки": false,
        "Расход_энергии_на_дом": 13381,
        "Наличие_спортивного_зала": true,
        "Расстояние_до_центра": 20,
        "Расстояние_до_метро": 8,
        "Расстояние_до_школы": 3
    },
    {
        "Название": "Мухина Инкорпорэйтед",
        "Адрес": "п. Северо-Курильск, пер. Полевой, д. 471 к. 898, 089722",
        "Количество_этажей": 34,
        "Количество_квартир": 238,
        "Год_постройки": "1973",
        "Тип_материала": "стекло",
        "Площадь_квартиры": 102,
        "Количество_жителей": 53,
        "Наличие_лифта": true,
        "Наличие_охраны": true,
        "Наличие_парковки": true,
        "Расход_энергии_на_дом": 17422,
        "Наличие_спортивного_зала": false,
        "Расстояние_до_центра": 19,
        "Расстояние_до_метро": 5,
        "Расстояние_до_школы": 1
    },
    {
        "Название": "НПО «Лебедева-Гурьева»",
        "Адрес": "клх Палана, бул. Менделеева, д. 8, 434482",
        "Количество_этажей": 37,
        "Количество_квартир": 259,
        "Год_постройки": "2014",
        "Тип_материала": "железобетон",
        "Площадь_квартиры": 176,
        "Количество_жителей": 289,
        "Наличие_лифта": true,
        "Наличие_охраны": true,
        "Наличие_парковки": true,
        "Расход_энергии_на_дом": 36312,
        "Наличие_спортивного_зала": true,
        "Расстояние_до_центра": 17,
        "Расстояние_до_метро": 2,
        "Расстояние_до_школы": 3
    },
    {
        "Название": "ООО «Тарасов, Муравьева и Карпов»",
        "Адрес": "д. Котлас, пр. Чайкиной, д. 991 к. 8, 605871",
        "Количество_этажей": 47,
        "Количество_квартир": 329,
        "Год_постройки": "2003",
        "Тип_материала": "железобетон",
        "Площадь_квартиры": 71,
        "Количество_жителей": 407,
        "Наличие_лифта": false,
        "Наличие_охраны": true,
        "Наличие_парковки": true,
        "Расход_энергии_на_дом": 45749,
        "Наличие_спортивного_зала": false,
        "Расстояние_до_центра": 18,
        "Расстояние_до_метро": 2,
        "Расстояние_до_школы": 1
    },
    {
        "Название": "ООО «Соловьева»",
        "Адрес": "г. Белгород, наб. Карьерная, д. 3, 706473",
        "Количество_этажей": 39,
        "Количество_квартир": 273,
        "Год_постройки": "1970",
        "Тип_материала": "кирпич",
        "Площадь_квартиры": 142,
        "Количество_жителей": 133,
        "Наличие_лифта": true,
        "Наличие_охраны": true,
        "Наличие_парковки": true,
        "Расход_энергии_на_дом": 20364,
        "Наличие_спортивного_зала": false,
        "Расстояние_до_центра": 2,
        "Расстояние_до_метро": 4,
        "Расстояние_до_школы": 5
    },
    {
        "Название": "Самойлова Лтд",
        "Адрес": "п. Алагир, наб. Плеханова, д. 438, 197990",
        "Количество_этажей": 26,
        "Количество_квартир": 182,
        "Год_постройки": "1994",
        "Тип_материала": "железобетон",
        "Площадь_квартиры": 110,
        "Количество_жителей": 94,
        "Наличие_лифта": true,
        "Наличие_охраны": true,
        "Наличие_парковки": false,
        "Расход_энергии_на_дом": 48092,
        "Наличие_спортивного_зала": false,
        "Расстояние_до_центра": 4,
        "Расстояние_до_метро": 5,
        "Расстояние_до_школы": 2
    },
    {
        "Название": "ОАО «Новиков, Ларионов и Белозерова»",
        "Адрес": "ст. Мценск, ш. Песочное, д. 28 к. 9, 989861",
        "Количество_этажей": 32,
        "Количество_квартир": 224,
        "Год_постройки": "1996",
        "Тип_материала": "кирпич",
        "Площадь_квартиры": 87,
        "Количество_жителей": 248,
        "Наличие_лифта": true,
        "Наличие_охраны": true,
        "Наличие_парковки": false,
        "Расход_энергии_на_дом": 30672,
        "Наличие_спортивного_зала": false,
        "Расстояние_до_центра": 18,
        "Расстояние_до_метро": 5,
        "Расстояние_до_школы": 5
    },
    {
        "Название": "ОАО «Белозерова»",
        "Адрес": "ст. Мичуринск, наб. Никитина, д. 60, 307060",
        "Количество_этажей": 31,
        "Количество_квартир": 217,
        "Год_постройки": "1995",
        "Тип_материала": "железобетон",
        "Площадь_квартиры": 189,
        "Количество_жителей": 56,
        "Наличие_лифта": false,
        "Наличие_охраны": true,
        "Наличие_парковки": false,
        "Расход_энергии_на_дом": 22275,
        "Наличие_спортивного_зала": false,
        "Расстояние_до_центра": 10,
        "Расстояние_до_метро": 6,
        "Расстояние_до_школы": 3
    },
    {
        "Название": "ИП «Федосеева Белоусова»",
        "Адрес": "д. Березники, пр. Демьяна Бедного, д. 9/9, 350854",
        "Количество_этажей": 25,
        "Количество_квартир": 175,
        "Год_постройки": "2021",
        "Тип_материала": "железобетон",
        "Площадь_квартиры": 151,
        "Количество_жителей": 477,
        "Наличие_лифта": true,
        "Наличие_охраны": true,
        "Наличие_парковки": true,
        "Расход_энергии_на_дом": 46258,
        "Наличие_спортивного_зала": false,
        "Расстояние_до_центра": 14,
        "Расстояние_до_метро": 10,
        "Расстояние_до_школы": 3
    }
]