[
    {
        "Название": "ИП «Федотова Лыткина»",
        "Адрес": "с. Канск, бул. Павлика Морозова, д. 314, 161022",
        "Количество_этажей": 40,
        "Количество_квартир": 280,
        "Год_постройки": "2022",
        "Тип_материала": "стекло",
        "Площадь_квартиры": 86,
        "Количество_жителей": 133,
        "Наличие_лифта": true,
        "Наличие_охраны": false,
        "Наличие_парковки": false,
        "Расход_энергии_на_дом": 22913,
        "Наличие_спортивного_зала": true,
        "Расстояние_до_центра": 17,
        "Расстояние_до_метро": 6,
        "Расстояние_до_школы": 3
    },
    {
        "Название": "Ренейссанс Хэви Индастрис Ronesans Endustri",
        "Адрес": "д. Малая Вишера, ул. Октября, д. 5/2 стр. 5/8, 529811",
        "Количество_этажей": 40,
        "Количество_квартир": 280,
        "Год_постройки": "2012",
        "Тип_материала": "кирпич",
        "Площадь_квартиры": 76,
        "Количество_жителей": 364,
        "Наличие_лифта": true,
        "Наличие_охраны": false,
        "Наличие_парковки": false,
        "Расход_энергии_на_дом": 25262,
        "Наличие_спортивного_зала": false,
        "Расстояние_до_центра": 16,
        "Расстояние_до_метро": 7,
        "Расстояние_до_школы": 5
    },
    {
        "Название": "Моисеев Инкорпорэйтед",
        "Адрес": "д. Владикавказ, пр. Горького, д. 196, 055243",
        "Количество_этажей": 25,
        "Количество_квартир": 175,
        "Год_постройки": "1989",
        "Тип_материала": "стекло",
        "Площадь_квартиры": 190,
        "Количество_жителей": 361,
        "Наличие_лифта": true,
        "Наличие_охраны": true,
        "Наличие_парковки": false,
        "Расход_энергии_на_дом": 17040,
        "Наличие_спортивного_зала": false,
        "Расстояние_до_центра": 16,
        "Расстояние_до_метро": 3,
        "Расстояние_до_школы": 3
    },
    {
        "Название": "ОАО «Брагин»",
        "Адрес": "клх Лабытнанги, ул. Западная, д. 3/6 к. 592, 216234",
        "Количество_этажей": 24,
        "Количество_квартир": 168,
        "Год_постройки": "1972",
        "Тип_материала": "кирпич",
        "Площадь_квартиры": 115,
        "Количество_жителей": 176,
        "Наличие_лифта": true,
        "Наличие_охраны": true,
        "Наличие_парковки": true,
        "Расход_энергии_на_дом": 41352,
        "Наличие_спортивного_зала": false,
        "Расстояние_до_центра": 10,
        "Расстояние_до_метро": 10,
        "Расстояние_до_школы": 5
    },
    {
        "Название": "ООО «Казакова-Чернов»",
        "Адрес": "п. Амурск, пер. Комарова, д. 469 стр. 6, 216328",
        "Количество_этажей": 36,
        "Количество_квартир": 252,
        "Год_постройки": "1993",
        "Тип_материала": "стекло",
        "Площадь_квартиры": 54,
        "Количество_жителей": 457,
        "Наличие_лифта": false,
        "Наличие_охраны": true,
        "Наличие_парковки": true,
        "Расход_энергии_на_дом": 12102,
        "Наличие_спортивного_зала": false,
        "Расстояние_до_центра": 12,
        "Расстояние_до_метро": 4,
        "Расстояние_до_школы": 3
    },
    {
        "Название": "Архипова Инк",
        "Адрес": "п. Краснотурьинск, наб. Лесозаводская, д. 21 к. 6, 200744",
        "Количество_этажей": 44,
        "Количество_квартир": 308,
        "Год_постройки": "2007",
        "Тип_материала": "стекло",
        "Площадь_квартиры": 200,
        "Количество_жителей": 245,
        "Наличие_лифта": true,
        "Наличие_охраны": false,
        "Наличие_парковки": true,
        "Расход_энергии_на_дом": 31827,
        "Наличие_спортивного_зала": true,
        "Расстояние_до_центра": 5,
        "Расстояние_до_метро": 9,
        "Расстояние_до_школы": 1
    },
    {
        "Название": "ОАО «Шубина, Филиппова и Авдеев»",
        "Адрес": "к. Галич, пр. Ушакова, д. 58 к. 712, 767242",
        "Количество_этажей": 46,
        "Количество_квартир": 322,
        "Год_постройки": "2022",
        "Тип_материала": "кирпич",
        "Площадь_квартиры": 157,
        "Количество_жителей": 152,
        "Наличие_лифта": false,
        "Наличие_охраны": false,
        "Наличие_парковки": false,
        "Расход_энергии_на_дом": 17408,
        "Наличие_спортивного_зала": true,
        "Расстояние_до_центра": 18,
        "Расстояние_до_метро": 8,
        "Расстояние_до_школы": 2
    },
    {
        "Название": "РАО «Артемьев, Власова и Суворова»",
        "Адрес": "с. Калининград, наб. Энтузиастов, д. 9/7, 231908",
        "Количество_этажей": 38,
        "Количество_квартир": 266,
        "Год_постройки": "1971",
        "Тип_материала": "железобетон",
        "Площадь_квартиры": 56,
        "Количество_жителей": 388,
        "Наличие_лифта": false,
        "Наличие_охраны": true,
        "Наличие_парковки": false,
        "Расход_энергии_на_дом": 11561,
        "Наличие_спортивного_зала": false,
        "Расстояние_до_центра": 8,
        "Расстояние_до_метро": 5,
        "Расстояние_до_школы": 2
    },
    {
        "Название": "АСР-Углесбыт",
        "Адрес": "г. Джейрах, наб. Рылеева, д. 73 к. 7/9, 543942",
        "Количество_этажей": 35,
        "Количество_квартир": 245,
        "Год_постройки": "1983",
        "Тип_материала": "стекло",
        "Площадь_квартиры": 66,
        "Количество_жителей": 59,
        "Наличие_лифта": true,
        "Наличие_охраны": false,
        "Наличие_парковки": true,
        "Расход_энергии_на_дом": 32397,
        "Наличие_спортивного_зала": false,
        "Расстояние_до_центра": 18,
        "Расстояние_до_метро": 10,
        "Расстояние_до_школы": 2
    },
    {
        "Название": "НПО «Воронов, Соболев и Белякова»",
        "Адрес": "с. Саранск, бул. Большой, д. 381, 076144",
        "Количество_этажей": 21,
        "Количество_квартир": 147,
        "Год_постройки": "1985",
        "Тип_материала": "стекло",
        "Площадь_квартиры": 122,
        "Количество_жителей": 397,
        "Наличие_лифта": true,
        "Наличие_охраны": false,
        "Наличие_парковки": false,
        "Расход_энергии_на_дом": 24438,
        "Наличие_спортивного_зала": false,
        "Расстояние_до_центра": 4,
        "Расстояние_до_метро": 3,
        "Расстояние_до_школы": 5
    },
    {
        "Название": "ЗАО «Зайцев Одинцов»",
        "Адрес": "к. Смирных, ш. Курчатова, д. 717 к. 7, 067816",
        "Количество_этажей": 31,
        "Количество_квартир": 217,
        "Год_постройки": "1989",
        "Тип_материала": "стекло",
        "Площадь_квартиры": 63,
        "Количество_жителей": 446,
        "Наличие_лифта": true,
        "Наличие_охраны": false,
        "Наличие_парковки": true,
        "Расход_энергии_на_дом": 17356,
        "Наличие_спортивного_зала": false,
        "Расстояние_до_центра": 12,
        "Расстояние_до_метро": 4,
        "Расстояние_до_школы": 3
    },
    {
        "Название": "ИП «Кошелева»",
        "Адрес": "ст. Абинск, алл. Комсомольская, д. 6/6 стр. 675, 582748",
        "Количество_этажей": 25,
        "Количество_квартир": 175,
        "Год_постройки": "1984",
        "Тип_материала": "железобетон",
        "Площадь_квартиры": 165,
        "Количество_жителей": 465,
        "Наличие_лифта": true,
        "Наличие_охраны": true,
        "Наличие_парковки": true,
        "Расход_энергии_на_дом": 35648,
        "Наличие_спортивного_зала": true,
        "Расстояние_до_центра": 1,
        "Расстояние_до_метро": 8,
        "Расстояние_до_школы": 5
    },
    {
        "Название": "ИП «Смирнов»",
        "Адрес": "ст. Белорецк, пр. Дорожников, д. 7 к. 44, 119981",
        "Количество_этажей": 45,
        "Количество_квартир": 315,
        "Год_постройки": "1991",
        "Тип_материала": "кирпич",
        "Площадь_квартиры": 54,
        "Количество_жителей": 435,
        "Наличие_лифта": false,
        "Наличие_охраны": true,
        "Наличие_парковки": true,
        "Расход_энергии_на_дом": 17669,
        "Наличие_спортивного_зала": true,
        "Расстояние_до_центра": 7,
        "Расстояние_до_метро": 2,
        "Расстояние_до_школы": 2
    },
    {
        "Название": "Транснефть",
        "Адрес": "п. Вилюйск, пер. Менделеева, д. 6, 182056",
        "Количество_этажей": 28,
        "Количество_квартир": 196,
        "Год_постройки": "2016",
        "Тип_материала": "кирпич",
        "Площадь_квартиры": 130,
        "Количество_жителей": 339,
        "Наличие_лифта": true,
        "Наличие_охраны": false,
        "Наличие_парковки": true,
        "Расход_энергии_на_дом": 47754,
        "Наличие_спортивного_зала": true,
        "Расстояние_до_центра": 18,
        "Расстояние_до_метро": 10,
        "Расстояние_до_школы": 2
    },
    {
        "Название": "Наумов Лтд",
        "Адрес": "с. Магнитогорск, алл. Дружба, д. 2 стр. 83, 233777",
        "Количество_этажей": 33,
        "Количество_квартир": 231,
        "Год_постройки": "1970",
        "Тип_материала": "кирпич",
        "Площадь_квартиры": 135,
        "Количество_жителей": 114,
        "Наличие_лифта": false,
        "Наличие_охраны": true,
        "Наличие_парковки": false,
        "Расход_энергии_на_дом": 33050,
        "Наличие_спортивного_зала": false,
        "Расстояние_до_центра": 11,
        "Расстояние_до_метро": 8,
        "Расстояние_до_школы": 5
    }
]