[
    {
        "Название": "РАО «Колобов, Силин и Крылов»",
        "Адрес": "п. Бузулук, ш. Привольное, д. 8/6, 388718",
        "Количество_этажей": 48,
        "Количество_квартир": 336,
        "Год_постройки": "2022",
        "Тип_материала": "железобетон",
        "Площадь_квартиры": 162,
        "Количество_жителей": 51,
        "Наличие_лифта": true,
        "Наличие_охраны": true,
        "Наличие_парковки": true,
        "Расход_энергии_на_дом": 26255,
        "Наличие_спортивного_зала": false,
        "Расстояние_до_центра": 13,
        "Расстояние_до_метро": 7,
        "Расстояние_до_школы": 1
    },
    {
        "Название": "ОАО «Моисеев-Терентьев»",
        "Адрес": "д. Липецк, бул. Окружной, д. 756 стр. 5, 539900",
        "Количество_этажей": 43,
        "Количество_квартир": 301,
        "Год_постройки": "1990",
        "Тип_материала": "стекло",
        "Площадь_квартиры": 91,
        "Количество_жителей": 260,
        "Наличие_лифта": true,
        "Наличие_охраны": true,
        "Наличие_парковки": false,
        "Расход_энергии_на_дом": 23621,
        "Наличие_спортивного_зала": false,
        "Расстояние_до_центра": 17,
        "Расстояние_до_метро": 6,
        "Расстояние_до_школы": 4
    },
    {
        "Название": "Кулакова Лтд",
        "Адрес": "п. Уссурийск, алл. Отрадная, д. 823 стр. 704, 013210",
        "Количество_этажей": 44,
        "Количество_квартир": 308,
        "Год_постройки": "1979",
        "Тип_материала": "кирпич",
        "Площадь_квартиры": 112,
        "Количество_жителей": 315,
        "Наличие_лифта": false,
        "Наличие_охраны": true,
        "Наличие_парковки": false,
        "Расход_энергии_на_дом": 16311,
        "Наличие_спортивного_зала": true,
        "Расстояние_до_центра": 17,
        "Расстояние_до_метро": 3,
        "Расстояние_до_школы": 2
    },
    {
        "Название": "РАО «Воробьев»",
        "Адрес": "п. Данков, ш. Харьковское, д. 2 к. 4, 861896",
        "Количество_этажей": 43,
        "Количество_квартир": 301,
        "Год_постройки": "1986",
        "Тип_материала": "кирпич",
        "Площадь_квартиры": 129,
        "Количество_жителей": 155,
        "Наличие_лифта": true,
        "Наличие_охраны": false,
        "Наличие_парковки": false,
        "Расход_энергии_на_дом": 42277,
        "Наличие_спортивного_зала": true,
        "Расстояние_до_центра": 19,
        "Расстояние_до_метро": 5,
        "Расстояние_до_школы": 2
    },
    {
        "Название": "Октоблу (Decathlon)",
        "Адрес": "клх Вендинга, ш. Пограничное, д. 15 к. 8, 790839",
        "Количество_этажей": 34,
        "Количество_квартир": 238,
        "Год_постройки": "2022",
        "Тип_материала": "железобетон",
        "Площадь_квартиры": 79,
        "Количество_жителей": 473,
        "Наличие_лифта": true,
        "Наличие_охраны": true,
        "Наличие_парковки": false,
        "Расход_энергии_на_дом": 48540,
        "Наличие_спортивного_зала": true,
        "Расстояние_до_центра": 7,
        "Расстояние_до_метро": 7,
        "Расстояние_до_школы": 4
    },
    {
        "Название": "Рожкова Лтд",
        "Адрес": "г. Пушкин, алл. Привокзальная, д. 34 стр. 249, 352087",
        "Количество_этажей": 37,
        "Количество_квартир": 259,
        "Год_постройки": "1989",
        "Тип_материала": "кирпич",
        "Площадь_квартиры": 170,
        "Количество_жителей": 451,
        "Наличие_лифта": false,
        "Наличие_охраны": true,
        "Наличие_парковки": true,
        "Расход_энергии_на_дом": 27080,
        "Наличие_спортивного_зала": false,
        "Расстояние_до_центра": 20,
        "Расстояние_до_метро": 9,
        "Расстояние_до_школы": 1
    },
    {
        "Название": "ЗАО «Лобанов Петухов»",
        "Адрес": "д. Самара, алл. Тенистая, д. 4 стр. 715, 423481",
        "Количество_этажей": 50,
        "Количество_квартир": 350,
        "Год_постройки": "1983",
        "Тип_материала": "стекло",
        "Площадь_квартиры": 187,
        "Количество_жителей": 396,
        "Наличие_лифта": true,
        "Наличие_охраны": true,
        "Наличие_парковки": false,
        "Расход_энергии_на_дом": 25243,
        "Наличие_спортивного_зала": false,
        "Расстояние_до_центра": 18,
        "Расстояние_до_метро": 4,
        "Расстояние_до_школы": 2
    },
    {
        "Название": "Ново-Уренгойская газовая компания",
        "Адрес": "ст. Чусовой, наб. Угольная, д. 9 стр. 64, 548404",
        "Количество_этажей": 27,
        "Количество_квартир": 189,
        "Год_постройки": "2008",
        "Тип_материала": "железобетон",
        "Площадь_квартиры": 93,
        "Количество_жителей": 362,
        "Наличие_лифта": false,
        "Наличие_охраны": false,
        "Наличие_парковки": false,
        "Расход_энергии_на_дом": 11214,
        "Наличие_спортивного_зала": true,
        "Расстояние_до_центра": 8,
        "Расстояние_до_метро": 5,
        "Расстояние_до_школы": 5
    },
    {
        "Название": "РАО «Боброва Шарапов»",
        "Адрес": "клх Сортавала, бул. Рабочий, д. 1/8, 448611",
        "Количество_этажей": 39,
        "Количество_квартир": 273,
        "Год_постройки": "2009",
        "Тип_материала": "железобетон",
        "Площадь_квартиры": 57,
        "Количество_жителей": 400,
        "Наличие_лифта": true,
        "Наличие_охраны": true,
        "Наличие_парковки": false,
        "Расход_энергии_на_дом": 10087,
        "Наличие_спортивного_зала": true,
        "Расстояние_до_центра": 1,
        "Расстояние_до_метро": 1,
        "Расстояние_до_школы": 2
    },
    {
        "Название": "Сталепромышленная компания",
        "Адрес": "к. Орск, алл. Гагарина, д. 41, 207706",
        "Количество_этажей": 20,
        "Количество_квартир": 140,
        "Год_постройки": "2011",
        "Тип_материала": "стекло",
        "Площадь_квартиры": 149,
        "Количество_жителей": 257,
        "Наличие_лифта": true,
        "Наличие_охраны": true,
        "Наличие_парковки": false,
        "Расход_энергии_на_дом": 10099,
        "Наличие_спортивного_зала": true,
        "Расстояние_до_центра": 7,
        "Расстояние_до_метро": 3,
        "Расстояние_до_школы": 1
    },
    {
        "Название": "ГВСУ по специальным объектам",
        "Адрес": "п. Печенга, ул. Амурская, д. 14 стр. 1, 935571",
        "Количество_этажей": 21,
        "Количество_квартир": 147,
        "Год_постройки": "1980",
        "Тип_материала": "стекло",
        "Площадь_квартиры": 159,
        "Количество_жителей": 102,
        "Наличие_лифта": true,
        "Наличие_охраны": false,
        "Наличие_парковки": true,
        "Расход_энергии_на_дом": 49016,
        "Наличие_спортивного_зала": false,
        "Расстояние_до_центра": 6,
        "Расстояние_до_метро": 1,
        "Расстояние_до_школы": 5
    },
    {
        "Название": "ООО «Емельянов-Зиновьева»",
        "Адрес": "клх Агинское (Забайк.), бул. Курчатова, д. 7 стр. 569, 532403",
        "Количество_этажей": 39,
        "Количество_квартир": 273,
        "Год_постройки": "1983",
        "Тип_материала": "железобетон",
        "Площадь_квартиры": 75,
        "Количество_жителей": 165,
        "Наличие_лифта": true,
        "Наличие_охраны": true,
        "Наличие_парковки": true,
        "Расход_энергии_на_дом": 43050,
        "Наличие_спортивного_зала": false,
        "Расстояние_до_центра": 5,
        "Расстояние_до_метро": 4,
        "Расстояние_до_школы": 1
    },
    {
        "Название": "РАО «Самойлова Чернов»",
        "Адрес": "г. Уфа, ш. Кольцова, д. 305, 259730",
        "Количество_этажей": 38,
        "Количество_квартир": 266,
        "Год_постройки": "2021",
        "Тип_материала": "стекло",
        "Площадь_квартиры": 182,
        "Количество_жителей": 465,
        "Наличие_лифта": true,
        "Наличие_охраны": false,
        "Наличие_парковки": true,
        "Расход_энергии_на_дом": 14916,
        "Наличие_спортивного_зала": true,
        "Расстояние_до_центра": 12,
        "Расстояние_до_метро": 9,
        "Расстояние_до_школы": 2
    },
    {
        "Название": "ОАО «Овчинникова-Федорова»",
        "Адрес": "г. Москва, МГУ, наб. Огородная, д. 3 к. 20, 470680",
        "Количество_этажей": 21,
        "Количество_квартир": 147,
        "Год_постройки": "1977",
        "Тип_материала": "стекло",
        "Площадь_квартиры": 104,
        "Количество_жителей": 337,
        "Наличие_лифта": true,
        "Наличие_охраны": true,
        "Наличие_парковки": true,
        "Расход_энергии_на_дом": 46824,
        "Наличие_спортивного_зала": false,
        "Расстояние_до_центра": 14,
        "Расстояние_до_метро": 5,
        "Расстояние_до_школы": 5
    },
    {
        "Название": "ОАО «Фадеев»",
        "Адрес": "к. Можга, ул. Станиславского, д. 5 к. 3/2, 659869",
        "Количество_этажей": 33,
        "Количество_квартир": 231,
        "Год_постройки": "1971",
        "Тип_материала": "железобетон",
        "Площадь_квартиры": 135,
        "Количество_жителей": 273,
        "Наличие_лифта": true,
        "Наличие_охраны": true,
        "Наличие_парковки": false,
        "Расход_энергии_на_дом": 35363,
        "Наличие_спортивного_зала": true,
        "Расстояние_до_центра": 1,
        "Расстояние_до_метро": 10,
        "Расстояние_до_школы": 3
    }
]