[
    {
        "Название": "Газнефтетрэйдинг",
        "Адрес": "клх Смоленск, бул. Ильича, д. 3/3 к. 96, 650735",
        "Количество_этажей": 25,
        "Количество_квартир": 175,
        "Год_постройки": "1973",
        "Тип_материала": "железобетон",
        "Площадь_квартиры": 152,
        "Количество_жителей": 486,
        "Наличие_лифта": true,
        "Наличие_охраны": true,
        "Наличие_парковки": false,
        "Расход_энергии_на_дом": 37946,
        "Наличие_спортивного_зала": false,
        "Расстояние_до_центра": 10,
        "Расстояние_до_метро": 10,
        "Расстояние_до_школы": 2
    },
    {
        "Название": "РАО «Бобылев»",
        "Адрес": "д. Южно-Сахалинск, алл. Прудная, д. 216 к. 959, 719148",
        "Количество_этажей": 36,
        "Количество_квартир": 252,
        "Год_постройки": "2013",
        "Тип_материала": "кирпич",
        "Площадь_квартиры": 139,
        "Количество_жителей": 377,
        "Наличие_лифта": false,
        "Наличие_охраны": true,
        "Наличие_парковки": false,
        "Расход_энергии_на_дом": 11658,
        "Наличие_спортивного_зала": false,
        "Расстояние_до_центра": 2,
        "Расстояние_до_метро": 7,
        "Расстояние_до_школы": 5
    },
    {
        "Название": "НПО «Казаков-Пономарева»",
        "Адрес": "клх Адлер, наб. К.Маркса, д. 50 к. 3/8, 881654",
        "Количество_этажей": 31,
        "Количество_квартир": 217,
        "Год_постройки": "2000",
        "Тип_материала": "стекло",
        "Площадь_квартиры": 125,
        "Количество_жителей": 143,
        "Наличие_лифта": false,
        "Наличие_охраны": true,
        "Наличие_парковки": true,
        "Расход_энергии_на_дом": 21688,
        "Наличие_спортивного_зала": false,
        "Расстояние_до_центра": 11,
        "Расстояние_до_метро": 2,
        "Расстояние_до_школы": 5
    },
    {
        "Название": "ИП «Федосеев, Зыкова и Павлова»",
        "Адрес": "ст. Азов (Рост.), бул. Демьяна Бедного, д. 856 к. 11, 234089",
        "Количество_этажей": 50,
        "Количество_квартир": 350,
        "Год_постройки": "2023",
        "Тип_материала": "кирпич",
        "Площадь_квартиры": 56,
        "Количество_жителей": 497,
        "Наличие_лифта": true,
        "Наличие_охраны": false,
        "Наличие_парковки": true,
        "Расход_энергии_на_дом": 15979,
        "Наличие_спортивного_зала": true,
        "Расстояние_до_центра": 2,
        "Расстояние_до_метро": 3,
        "Расстояние_до_школы": 3
    },
    {
        "Название": "ОАО «Кузнецов, Брагина и Авдеев»",
        "Адрес": "ст. Энгельс, пр. Кутузова, д. 2 к. 13, 637782",
        "Количество_этажей": 48,
        "Количество_квартир": 336,
        "Год_постройки": "1983",
        "Тип_материала": "стекло",
        "Площадь_квартиры": 77,
        "Количество_жителей": 73,
        "Наличие_лифта": true,
        "Наличие_охраны": true,
        "Наличие_парковки": false,
        "Расход_энергии_на_дом": 32512,
        "Наличие_спортивного_зала": false,
        "Расстояние_до_центра": 4,
        "Расстояние_до_метро": 4,
        "Расстояние_до_школы": 1
    },
    {
        "Название": "ИП «Буров, Григорьева и Жданов»",
        "Адрес": "с. Бугуруслан, пр. Сельский, д. 60, 070569",
        "Количество_этажей": 22,
        "Количество_квартир": 154,
        "Год_постройки": "1984",
        "Тип_материала": "стекло",
        "Площадь_квартиры": 155,
        "Количество_жителей": 303,
        "Наличие_лифта": true,
        "Наличие_охраны": false,
        "Наличие_парковки": false,
        "Расход_энергии_на_дом": 29773,
        "Наличие_спортивного_зала": false,
        "Расстояние_до_центра": 7,
        "Расстояние_до_метро": 1,
        "Расстояние_до_школы": 1
    },
    {
        "Название": "ООО «Кондратьев Антонова»",
        "Адрес": "г. Борзя, бул. Сельский, д. 9 к. 3/3, 286165",
        "Количество_этажей": 40,
        "Количество_квартир": 280,
        "Год_постройки": "1983",
        "Тип_материала": "стекло",
        "Площадь_квартиры": 99,
        "Количество_жителей": 109,
        "Наличие_лифта": true,
        "Наличие_охраны": true,
        "Наличие_парковки": true,
        "Расход_энергии_на_дом": 36174,
        "Наличие_спортивного_зала": true,
        "Расстояние_до_центра": 12,
        "Расстояние_до_метро": 1,
        "Расстояние_до_школы": 5
    },
    {
        "Название": "ЗАО «Тарасов-Петрова»",
        "Адрес": "п. Забайкальск, бул. Ветеранов, д. 14 стр. 297, 631613",
        "Количество_этажей": 20,
        "Количество_квартир": 140,
        "Год_постройки": "1998",
        "Тип_материала": "железобетон",
        "Площадь_квартиры": 96,
        "Количество_жителей": 304,
        "Наличие_лифта": true,
        "Наличие_охраны": true,
        "Наличие_парковки": false,
        "Расход_энергии_на_дом": 14726,
        "Наличие_спортивного_зала": true,
        "Расстояние_до_центра": 13,
        "Расстояние_до_метро": 9,
        "Расстояние_до_школы": 4
    },
    {
        "Название": "ГК Титан",
        "Адрес": "к. Азов (Рост.), ул. Курганная, д. 829 стр. 6, 649137",
        "Количество_этажей": 46,
        "Количество_квартир": 322,
        "Год_постройки": "1987",
        "Тип_материала": "железобетон",
        "Площадь_квартиры": 167,
        "Количество_жителей": 453,
        "Наличие_лифта": false,
        "Наличие_охраны": true,
        "Наличие_парковки": false,
        "Расход_энергии_на_дом": 39262,
        "Наличие_спортивного_зала": true,
        "Расстояние_до_центра": 15,
        "Расстояние_до_метро": 10,
        "Расстояние_до_школы": 5
    },
    {
        "Название": "ООО «Давыдова-Цветкова»",
        "Адрес": "д. Кировск (Мурм.), пер. Северный, д. 76 к. 1, 974818",
        "Количество_этажей": 27,
        "Количество_квартир": 189,
        "Год_постройки": "2000",
        "Тип_материала": "стекло",
        "Площадь_квартиры": 94,
        "Количество_жителей": 142,
        "Наличие_лифта": true,
        "Наличие_охраны": true,
        "Наличие_парковки": false,
        "Расход_энергии_на_дом": 10822,
        "Наличие_спортивного_зала": true,
        "Расстояние_до_центра": 2,
        "Расстояние_до_метро": 8,
        "Расстояние_до_школы": 5
    },
    {
        "Название": "НПО «Пономарев Горбачев»",
        "Адрес": "с. Наро-Фоминск, пер. Новый, д. 7/9 к. 143, 582738",
        "Количество_этажей": 21,
        "Количество_квартир": 147,
        "Год_постройки": "2003",
        "Тип_материала": "стекло",
        "Площадь_квартиры": 150,
        "Количество_жителей": 478,
        "Наличие_лифта": true,
        "Наличие_охраны": false,
        "Наличие_парковки": true,
        "Расход_энергии_на_дом": 21072,
        "Наличие_спортивного_зала": false,
        "Расстояние_до_центра": 2,
        "Расстояние_до_метро": 10,
        "Расстояние_до_школы": 4
    },
    {
        "Название": "РАО «Никонова, Воробьев и Константинова»",
        "Адрес": "ст. Белореченск, наб. Восьмого Марта, д. 3, 444448",
        "Количество_этажей": 28,
        "Количество_квартир": 196,
        "Год_постройки": "1984",
        "Тип_материала": "железобетон",
        "Площадь_квартиры": 107,
        "Количество_жителей": 404,
        "Наличие_лифта": true,
        "Наличие_охраны": true,
        "Наличие_парковки": false,
        "Расход_энергии_на_дом": 12730,
        "Наличие_спортивного_зала": false,
        "Расстояние_до_центра": 1,
        "Расстояние_до_метро": 1,
        "Расстояние_до_школы": 5
    },
    {
        "Название": "Яковлева Инк",
        "Адрес": "д. Апатиты, алл. Республиканская, д. 9/6, 359664",
        "Количество_этажей": 40,
        "Количество_квартир": 280,
        "Год_постройки": "1989",
        "Тип_материала": "железобетон",
        "Площадь_квартиры": 93,
        "Количество_жителей": 363,
        "Наличие_лифта": false,
        "Наличие_охраны": true,
        "Наличие_парковки": false,
        "Расход_энергии_на_дом": 22464,
        "Наличие_спортивного_зала": false,
        "Расстояние_до_центра": 13,
        "Расстояние_до_метро": 10,
        "Расстояние_до_школы": 1
    },
    {
        "Название": "Шаров Групп",
        "Адрес": "ст. Красноуральск, пр. Ярославский, д. 22 к. 6, 245310",
        "Количество_этажей": 26,
        "Количество_квартир": 182,
        "Год_постройки": "2022",
        "Тип_материала": "железобетон",
        "Площадь_квартиры": 200,
        "Количество_жителей": 50,
        "Наличие_лифта": false,
        "Наличие_охраны": false,
        "Наличие_парковки": false,
        "Расход_энергии_на_дом": 42354,
        "Наличие_спортивного_зала": true,
        "Расстояние_до_центра": 2,
        "Расстояние_до_метро": 5,
        "Расстояние_до_школы": 1
    },
    {
        "Название": "Ершова Инк",
        "Адрес": "с. Гагарин, алл. Курортная, д. 89 к. 2/7, 956214",
        "Количество_этажей": 44,
        "Количество_квартир": 308,
        "Год_постройки": "2006",
        "Тип_материала": "стекло",
        "Площадь_квартиры": 159,
        "Количество_жителей": 81,
        "Наличие_лифта": true,
        "Наличие_охраны": true,
        "Наличие_парковки": false,
        "Расход_энергии_на_дом": 46293,
        "Наличие_спортивного_зала": true,
        "Расстояние_до_центра": 9,
        "Расстояние_до_метро": 9,
        "Расстояние_до_школы": 4
    }
]