[
    {
        "Название": "ОАО «Зайцев-Казакова»",
        "Адрес": "д. Новороссийка, бул. Белорусский, д. 201, 364062",
        "Количество_этажей": 39,
        "Количество_квартир": 273,
        "Год_постройки": "1974",
        "Тип_материала": "стекло",
        "Площадь_квартиры": 80,
        "Количество_жителей": 266,
        "Наличие_лифта": true,
        "Наличие_охраны": true,
        "Наличие_парковки": true,
        "Расход_энергии_на_дом": 15138,
        "Наличие_спортивного_зала": false,
        "Расстояние_до_центра": 19,
        "Расстояние_до_метро": 9,
        "Расстояние_до_школы": 4
    },
    {
        "Название": "ООО «Костин, Ершова и Горбунов»",
        "Адрес": "к. Саранск, бул. Транспортный, д. 42 к. 1/4, 016328",
        "Количество_этажей": 35,
        "Количество_квартир": 245,
        "Год_постройки": "2017",
        "Тип_материала": "кирпич",
        "Площадь_квартиры": 183,
        "Количество_жителей": 360,
        "Наличие_лифта": true,
        "Наличие_охраны": true,
        "Наличие_парковки": true,
        "Расход_энергии_на_дом": 41770,
        "Наличие_спортивного_зала": true,
        "Расстояние_до_центра": 4,
        "Расстояние_до_метро": 8,
        "Расстояние_до_школы": 3
    },
    {
        "Название": "Савина Инк",
        "Адрес": "с. Тикси, ш. Прудное, д. 19 к. 2, 752942",
        "Количество_этажей": 33,
        "Количество_квартир": 231,
        "Год_постройки": "2022",
        "Тип_материала": "железобетон",
        "Площадь_квартиры": 187,
        "Количество_жителей": 61,
        "Наличие_лифта": true,
        "Наличие_охраны": true,
        "Наличие_парковки": true,
        "Расход_энергии_на_дом": 35701,
        "Наличие_спортивного_зала": true,
        "Расстояние_до_центра": 20,
        "Расстояние_до_метро": 4,
        "Расстояние_до_школы": 3
    },
    {
        "Название": "Михайлова Инкорпорэйтед",
        "Адрес": "ст. Шадринск, алл. З.Космодемьянской, д. 6/9, 918815",
        "Количество_этажей": 41,
        "Количество_квартир": 287,
        "Год_постройки": "1989",
        "Тип_материала": "кирпич",
        "Площадь_квартиры": 86,
        "Количество_жителей": 465,
        "Наличие_лифта": true,
        "Наличие_охраны": false,
        "Наличие_парковки": true,
        "Расход_энергии_на_дом": 47553,
        "Наличие_спортивного_зала": false,
        "Расстояние_до_центра": 3,
        "Расстояние_до_метро": 10,
        "Расстояние_до_школы": 2
    },
    {
        "Название": "ОАО «Куликова Богданов»",
        "Адрес": "к. Луга, пер. Калужский, д. 220 к. 6, 612781",
        "Количество_этажей": 45,
        "Количество_квартир": 315,
        "Год_постройки": "1976",
        "Тип_материала": "стекло",
        "Площадь_квартиры": 151,
        "Количество_жителей": 111,
        "Наличие_лифта": true,
        "Наличие_охраны": false,
        "Наличие_парковки": true,
        "Расход_энергии_на_дом": 38194,
        "Наличие_спортивного_зала": true,
        "Расстояние_до_центра": 7,
        "Расстояние_до_метро": 1,
        "Расстояние_до_школы": 5
    },
    {
        "Название": "Кулагин и партнеры",
        "Адрес": "клх Дудинка, алл. Репина, д. 7/8 к. 6/2, 625335",
        "Количество_этажей": 34,
        "Количество_квартир": 238,
        "Год_постройки": "1981",
        "Тип_материала": "железобетон",
        "Площадь_квартиры": 166,
        "Количество_жителей": 204,
        "Наличие_лифта": false,
        "Наличие_охраны": false,
        "Наличие_парковки": false,
        "Расход_энергии_на_дом": 20121,
        "Наличие_спортивного_зала": true,
        "Расстояние_до_центра": 7,
        "Расстояние_до_метро": 4,
        "Расстояние_до_школы": 1
    },
    {
        "Название": "АО «Муравьев Емельянова»",
        "Адрес": "к. Нефтекамск, наб. Городская, д. 6/3 к. 81, 399345",
        "Количество_этажей": 31,
        "Количество_квартир": 217,
        "Год_постройки": "2021",
        "Тип_материала": "кирпич",
        "Площадь_квартиры": 73,
        "Количество_жителей": 440,
        "Наличие_лифта": true,
        "Наличие_охраны": true,
        "Наличие_парковки": false,
        "Расход_энергии_на_дом": 40561,
        "Наличие_спортивного_зала": true,
        "Расстояние_до_центра": 17,
        "Расстояние_до_метро": 9,
        "Расстояние_до_школы": 5
    },
    {
        "Название": "ООО «Сорокина Ефремов»",
        "Адрес": "к. Юрюзань, пр. Городской, д. 8 к. 414, 462905",
        "Количество_этажей": 25,
        "Количество_квартир": 175,
        "Год_постройки": "2001",
        "Тип_материала": "железобетон",
        "Площадь_квартиры": 82,
        "Количество_жителей": 178,
        "Наличие_лифта": true,
        "Наличие_охраны": false,
        "Наличие_парковки": false,
        "Расход_энергии_на_дом": 28946,
        "Наличие_спортивного_зала": false,
        "Расстояние_до_центра": 19,
        "Расстояние_до_метро": 10,
        "Расстояние_до_школы": 2
    },
    {
        "Название": "ЗАО «Воробьев, Лазарев и Абрамова»",
        "Адрес": "д. Междуреченский, бул. Розы Люксембург, д. 6/7, 129308",
        "Количество_этажей": 34,
        "Количество_квартир": 238,
        "Год_постройки": "2014",
        "Тип_материала": "кирпич",
        "Площадь_квартиры": 89,
        "Количество_жителей": 385,
        "Наличие_лифта": false,
        "Наличие_охраны": false,
        "Наличие_парковки": false,
        "Расход_энергии_на_дом": 12412,
        "Наличие_спортивного_зала": false,
        "Расстояние_до_центра": 20,
        "Расстояние_до_метро": 2,
        "Расстояние_до_школы": 5
    },
    {
        "Название": "РАО «Елисеева Чернов»",
        "Адрес": "клх Кировск (Мурм.), пр. Сибирский, д. 20 стр. 611, 881978",
        "Количество_этажей": 44,
        "Количество_квартир": 308,
        "Год_постройки": "2004",
        "Тип_материала": "железобетон",
        "Площадь_квартиры": 107,
        "Количество_жителей": 420,
        "Наличие_лифта": false,
        "Наличие_охраны": true,
        "Наличие_парковки": true,
        "Расход_энергии_на_дом": 23577,
        "Наличие_спортивного_зала": false,
        "Расстояние_до_центра": 1,
        "Расстояние_до_метро": 2,
        "Расстояние_до_школы": 1
    },
    {
        "Название": "ИП «Громов»",
        "Адрес": "ст. Вытегра, наб. Техническая, д. 9 к. 3/8, 648616",
        "Количество_этажей": 37,
        "Количество_квартир": 259,
        "Год_постройки": "1984",
        "Тип_материала": "кирпич",
        "Площадь_квартиры": 65,
        "Количество_жителей": 433,
        "Наличие_лифта": true,
        "Наличие_охраны": true,
        "Наличие_парковки": false,
        "Расход_энергии_на_дом": 47397,
        "Наличие_спортивного_зала": false,
        "Расстояние_до_центра": 14,
        "Расстояние_до_метро": 5,
        "Расстояние_до_школы": 2
    },
    {
        "Название": "ЗАО «Виноградова-Третьяков»",
        "Адрес": "д. Аша, ул. Каштановая, д. 47, 816001",
        "Количество_этажей": 31,
        "Количество_квартир": 217,
        "Год_постройки": "1975",
        "Тип_материала": "стекло",
        "Площадь_квартиры": 177,
        "Количество_жителей": 381,
        "Наличие_лифта": true,
        "Наличие_охраны": true,
        "Наличие_парковки": true,
        "Расход_энергии_на_дом": 15417,
        "Наличие_спортивного_зала": false,
        "Расстояние_до_центра": 17,
        "Расстояние_до_метро": 8,
        "Расстояние_до_школы": 1
    },
    {
        "Название": "РАО «Константинова-Лукина»",
        "Адрес": "ст. Оленегорск (Якут.), наб. Веселая, д. 34, 066997",
        "Количество_этажей": 36,
        "Количество_квартир": 252,
        "Год_постройки": "2016",
        "Тип_материала": "кирпич",
        "Площадь_квартиры": 198,
        "Количество_жителей": 321,
        "Наличие_лифта": true,
        "Наличие_охраны": true,
        "Наличие_парковки": true,
        "Расход_энергии_на_дом": 47498,
        "Наличие_спортивного_зала": false,
        "Расстояние_до_центра": 10,
        "Расстояние_до_метро": 3,
        "Расстояние_до_школы": 4
    },
    {
        "Название": "ИП «Кузнецова»",
        "Адрес": "п. Куртамыш, ул. Марта 8, д. 49, 772558",
        "Количество_этажей": 41,
        "Количество_квартир": 287,
        "Год_постройки": "1970",
        "Тип_материала": "стекло",
        "Площадь_квартиры": 140,
        "Количество_жителей": 481,
        "Наличие_лифта": true,
        "Наличие_охраны": true,
        "Наличие_парковки": true,
        "Расход_энергии_на_дом": 25831,
        "Наличие_спортивного_зала": false,
        "Расстояние_до_центра": 5,
        "Расстояние_до_метро": 9,
        "Расстояние_до_школы": 3
    },
    {
        "Название": "ЗАО «Савин, Бурова и Михайлов»",
        "Адрес": "п. Серов, ш. Красноярское, д. 7/4 к. 3, 763423",
        "Количество_этажей": 25,
        "Количество_квартир": 175,
        "Год_постройки": "2014",
        "Тип_материала": "кирпич",
        "Площадь_квартиры": 188,
        "Количество_жителей": 307,
        "Наличие_лифта": false,
        "Наличие_охраны": false,
        "Наличие_парковки": true,
        "Расход_энергии_на_дом": 36423,
        "Наличие_спортивного_зала": false,
        "Расстояние_до_центра": 7,
        "Расстояние_до_метро": 4,
        "Расстояние_до_школы": 1
    }
]