[
    {
        "Название": "ЗАО «Капустина-Фомин»",
        "Адрес": "г. Буденновск, пер. Гайдара, д. 305, 177116",
        "Количество_этажей": 41,
        "Количество_квартир": 287,
        "Год_постройки": "2022",
        "Тип_материала": "стекло",
        "Площадь_квартиры": 185,
        "Количество_жителей": 280,
        "Наличие_лифта": true,
        "Наличие_охраны": true,
        "Наличие_парковки": true,
        "Расход_энергии_на_дом": 11715,
        "Наличие_спортивного_зала": false,
        "Расстояние_до_центра": 4,
        "Расстояние_до_метро": 5,
        "Расстояние_до_школы": 2
    },
    {
        "Название": "ЗАО «Тихонов»",
        "Адрес": "п. Шереметьево, ул. Чехова, д. 99 к. 9, 861473",
        "Количество_этажей": 42,
        "Количество_квартир": 294,
        "Год_постройки": "1975",
        "Тип_материала": "стекло",
        "Площадь_квартиры": 54,
        "Количество_жителей": 64,
        "Наличие_лифта": false,
        "Наличие_охраны": true,
        "Наличие_парковки": false,
        "Расход_энергии_на_дом": 17765,
        "Наличие_спортивного_зала": true,
        "Расстояние_до_центра": 15,
        "Расстояние_до_метро": 6,
        "Расстояние_до_школы": 5
    },
    {
        "Название": "ЗАО «Мухина»",
        "Адрес": "с. Верхний Тагил, наб. Циолковского, д. 408 стр. 9/2, 353421",
        "Количество_этажей": 35,
        "Количество_квартир": 245,
        "Год_постройки": "1973",
        "Тип_материала": "железобетон",
        "Площадь_квартиры": 54,
        "Количество_жителей": 93,
        "Наличие_лифта": true,
        "Наличие_охраны": true,
        "Наличие_парковки": false,
        "Расход_энергии_на_дом": 15387,
        "Наличие_спортивного_зала": false,
        "Расстояние_до_центра": 4,
        "Расстояние_до_метро": 8,
        "Расстояние_до_школы": 5
    },
    {
        "Название": "АО «Горбачев-Красильников»",
        "Адрес": "клх Тулун, пр. Урожайный, д. 26, 085766",
        "Количество_этажей": 37,
        "Количество_квартир": 259,
        "Год_постройки": "2007",
        "Тип_материала": "стекло",
        "Площадь_квартиры": 163,
        "Количество_жителей": 248,
        "Наличие_лифта": false,
        "Наличие_охраны": false,
        "Наличие_парковки": false,
        "Расход_энергии_на_дом": 13804,
        "Наличие_спортивного_зала": false,
        "Расстояние_до_центра": 16,
        "Расстояние_до_метро": 7,
        "Расстояние_до_школы": 3
    },
    {
        "Название": "ООО «Михайлова, Лукина и Кудряшова»",
        "Адрес": "ст. Сковородино, бул. К.Маркса, д. 3 стр. 1/3, 520038",
        "Количество_этажей": 25,
        "Количество_квартир": 175,
        "Год_постройки": "2003",
        "Тип_материала": "железобетон",
        "Площадь_квартиры": 80,
        "Количество_жителей": 243,
        "Наличие_лифта": true,
        "Наличие_охраны": true,
        "Наличие_парковки": true,
        "Расход_энергии_на_дом": 15337,
        "Наличие_спортивного_зала": true,
        "Расстояние_до_центра": 16,
        "Расстояние_до_метро": 3,
        "Расстояние_до_школы": 5
    },
    {
        "Название": "Михайлова Инк",
        "Адрес": "п. Хужир, алл. Волжская, д. 5 стр. 6/3, 927407",
        "Количество_этажей": 39,
        "Количество_квартир": 273,
        "Год_постройки": "1997",
        "Тип_материала": "кирпич",
        "Площадь_квартиры": 185,
        "Количество_жителей": 475,
        "Наличие_лифта": true,
        "Наличие_охраны": true,
        "Наличие_парковки": true,
        "Расход_энергии_на_дом": 24605,
        "Наличие_спортивного_зала": true,
        "Расстояние_до_центра": 8,
        "Расстояние_до_метро": 6,
        "Расстояние_до_школы": 1
    },
    {
        "Название": "АХ Степь",
        "Адрес": "клх Новочеркасск, бул. Подгорный, д. 6 стр. 37, 592377",
        "Количество_этажей": 26,
        "Количество_квартир": 182,
        "Год_постройки": "2004",
        "Тип_материала": "кирпич",
        "Площадь_квартиры": 122,
        "Количество_жителей": 101,
        "Наличие_лифта": true,
        "Наличие_охраны": true,
        "Наличие_парковки": false,
        "Расход_энергии_на_дом": 47375,
        "Наличие_спортивного_зала": true,
        "Расстояние_до_центра": 13,
        "Расстояние_до_метро": 1,
        "Расстояние_до_школы": 4
    },
    {
        "Название": "Транспортная группа FESCO",
        "Адрес": "п. Плесецк, наб. Юности, д. 9/6 к. 8/1, 376081",
        "Количество_этажей": 43,
        "Количество_квартир": 301,
        "Год_постройки": "2024",
        "Тип_материала": "кирпич",
        "Площадь_квартиры": 135,
        "Количество_жителей": 327,
        "Наличие_лифта": false,
        "Наличие_охраны": false,
        "Наличие_парковки": false,
        "Расход_энергии_на_дом": 24876,
        "Наличие_спортивного_зала": true,
        "Расстояние_до_центра": 7,
        "Расстояние_до_метро": 8,
        "Расстояние_до_школы": 5
    },
    {
        "Название": "АО «Белозеров-Одинцова»",
        "Адрес": "с. Дербент, бул. Кузнецкий, д. 9/4 к. 8/1, 442224",
        "Количество_этажей": 38,
        "Количество_квартир": 266,
        "Год_постройки": "1988",
        "Тип_материала": "стекло",
        "Площадь_квартиры": 120,
        "Количество_жителей": 99,
        "Наличие_лифта": true,
        "Наличие_охраны": true,
        "Наличие_парковки": false,
        "Расход_энергии_на_дом": 13465,
        "Наличие_спортивного_зала": false,
        "Расстояние_до_центра": 1,
        "Расстояние_до_метро": 5,
        "Расстояние_до_школы": 1
    },
    {
        "Название": "РАО «Григорьева, Маслова и Борисов»",
        "Адрес": "д. Верещагино (Перм.), алл. Заводская, д. 78, 745077",
        "Количество_этажей": 21,
        "Количество_квартир": 147,
        "Год_постройки": "2003",
        "Тип_материала": "кирпич",
        "Площадь_квартиры": 101,
        "Количество_жителей": 246,
        "Наличие_лифта": true,
        "Наличие_охраны": true,
        "Наличие_парковки": true,
        "Расход_энергии_на_дом": 16203,
        "Наличие_спортивного_зала": false,
        "Расстояние_до_центра": 8,
        "Расстояние_до_метро": 6,
        "Расстояние_до_школы": 4
    },
    {
        "Название": "ОАО «Киселева Зайцев»",
        "Адрес": "п. Мураши, пр. Мусы Джалиля, д. 50 к. 113, 062220",
        "Количество_этажей": 49,
        "Количество_квартир": 343,
        "Год_постройки": "1998",
        "Тип_материала": "стекло",
        "Площадь_квартиры": 151,
        "Количество_жителей": 139,
        "Наличие_лифта": true,
        "Наличие_охраны": false,
        "Наличие_парковки": true,
        "Расход_энергии_на_дом": 40140,
        "Наличие_спортивного_зала": false,
        "Расстояние_до_центра": 11,
        "Расстояние_до_метро": 3,
        "Расстояние_до_школы": 5
    },
    {
        "Название": "Государственная транспортная лизинговая компания",
        "Адрес": "к. Анапа, алл. Заречная, д. 5 стр. 8, 162519",
        "Количество_этажей": 30,
        "Количество_квартир": 210,
        "Год_постройки": "2001",
        "Тип_материала": "стекло",
        "Площадь_квартиры": 101,
        "Количество_жителей": 68,
        "Наличие_лифта": true,
        "Наличие_охраны": true,
        "Наличие_парковки": true,
        "Расход_энергии_на_дом": 22772,
        "Наличие_спортивного_зала": false,
        "Расстояние_до_центра": 9,
        "Расстояние_до_метро": 1,
        "Расстояние_до_школы": 1
    },
    {
        "Название": "ИП «Попова-Горбачев»",
        "Адрес": "ст. Пенза, бул. Урицкого, д. 7, 755415",
        "Количество_этажей": 31,
        "Количество_квартир": 217,
        "Год_постройки": "1988",
        "Тип_материала": "стекло",
        "Площадь_квартиры": 184,
        "Количество_жителей": 217,
        "Наличие_лифта": false,
        "Наличие_охраны": false,
        "Наличие_парковки": false,
        "Расход_энергии_на_дом": 13161,
        "Наличие_спортивного_зала": false,
        "Расстояние_до_центра": 10,
        "Расстояние_до_метро": 7,
        "Расстояние_до_школы": 3
    },
    {
        "Название": "ЗАО «Ситникова-Егорова»",
        "Адрес": "клх Бодайбо, бул. Кольцова, д. 7/5 стр. 4, 638086",
        "Количество_этажей": 35,
        "Количество_квартир": 245,
        "Год_постройки": "2011",
        "Тип_материала": "стекло",
        "Площадь_квартиры": 56,
        "Количество_жителей": 392,
        "Наличие_лифта": false,
        "Наличие_охраны": true,
        "Наличие_парковки": false,
        "Расход_энергии_на_дом": 26206,
        "Наличие_спортивного_зала": true,
        "Расстояние_до_центра": 18,
        "Расстояние_до_метро": 9,
        "Расстояние_до_школы": 2
    },
    {
        "Название": "Эппл Рус (Apple)",
        "Адрес": "ст. Азов (Рост.), пер. Космодемьянской, д. 1/9 к. 53, 440326",
        "Количество_этажей": 24,
        "Количество_квартир": 168,
        "Год_постройки": "1978",
        "Тип_материала": "стекло",
        "Площадь_квартиры": 60,
        "Количество_жителей": 105,
        "Наличие_лифта": true,
        "Наличие_охраны": false,
        "Наличие_парковки": true,
        "Расход_энергии_на_дом": 11009,
        "Наличие_спортивного_зала": false,
        "Расстояние_до_центра": 3,
        "Расстояние_до_метро": 3,
        "Расстояние_до_школы": 2
    }
]