[
    {
        "Название": "РАО «Щербаков»",
        "Адрес": "к. Середниково, пер. Котовского, д. 79 к. 495, 785194",
        "Количество_этажей": 42,
        "Количество_квартир": 294,
        "Год_постройки": "2009",
        "Тип_материала": "кирпич",
        "Площадь_квартиры": 187,
        "Количество_жителей": 425,
        "Наличие_лифта": true,
        "Наличие_охраны": true,
        "Наличие_парковки": false,
        "Расход_энергии_на_дом": 46400,
        "Наличие_спортивного_зала": true,
        "Расстояние_до_центра": 3,
        "Расстояние_до_метро": 6,
        "Расстояние_до_школы": 5
    },
    {
        "Название": "Дорофеева Групп",
        "Адрес": "д. Александров, ш. Машиностроителей, д. 1/3 к. 5, 421144",
        "Количество_этажей": 25,
        "Количество_квартир": 175,
        "Год_постройки": "2014",
        "Тип_материала": "стекло",
        "Площадь_квартиры": 85,
        "Количество_жителей": 212,
        "Наличие_лифта": false,
        "Наличие_охраны": false,
        "Наличие_парковки": false,
        "Расход_энергии_на_дом": 48763,
        "Наличие_спортивного_зала": false,
        "Расстояние_до_центра": 18,
        "Расстояние_до_метро": 10,
        "Расстояние_до_школы": 5
    },
    {
        "Название": "ТД БелАЗ",
        "Адрес": "п. Каргасок, ш. 50 лет Октября, д. 74 стр. 52, 340572",
        "Количество_этажей": 47,
        "Количество_квартир": 329,
        "Год_постройки": "2020",
        "Тип_материала": "железобетон",
        "Площадь_квартиры": 142,
        "Количество_жителей": 183,
        "Наличие_лифта": true,
        "Наличие_охраны": true,
        "Наличие_парковки": false,
        "Расход_энергии_на_дом": 26646,
        "Наличие_спортивного_зала": false,
        "Расстояние_до_центра": 12,
        "Расстояние_до_метро": 1,
        "Расстояние_до_школы": 2
    },
    {
        "Название": "ОАО «Прохорова Шестаков»",
        "Адрес": "г. Баксан, пер. Горный, д. 452, 140953",
        "Количество_этажей": 38,
        "Количество_квартир": 266,
        "Год_постройки": "1992",
        "Тип_материала": "стекло",
        "Площадь_квартиры": 111,
        "Количество_жителей": 134,
        "Наличие_лифта": true,
        "Наличие_охраны": true,
        "Наличие_парковки": false,
        "Расход_энергии_на_дом": 19207,
        "Наличие_спортивного_зала": false,
        "Расстояние_до_центра": 13,
        "Расстояние_до_метро": 8,
        "Расстояние_до_школы": 1
    },
    {
        "Название": "РАО «Антонов»",
        "Адрес": "ст. Смирных, бул. Средний, д. 9, 937077",
        "Количество_этажей": 47,
        "Количество_квартир": 329,
        "Год_постройки": "1991",
        "Тип_материала": "стекло",
        "Площадь_квартиры": 137,
        "Количество_жителей": 321,
        "Наличие_лифта": true,
        "Наличие_охраны": false,
        "Наличие_парковки": false,
        "Расход_энергии_на_дом": 14370,
        "Наличие_спортивного_зала": false,
        "Расстояние_до_центра": 1,
        "Расстояние_до_метро": 8,
        "Расстояние_до_школы": 4
    },
    {
        "Название": "Орлов Групп",
        "Адрес": "д. Липецк, алл. Герцена, д. 409 стр. 32, 987438",
        "Количество_этажей": 21,
        "Количество_квартир": 147,
        "Год_постройки": "2022",
        "Тип_материала": "железобетон",
        "Площадь_квартиры": 151,
        "Количество_жителей": 414,
        "Наличие_лифта": true,
        "Наличие_охраны": true,
        "Наличие_парковки": false,
        "Расход_энергии_на_дом": 12606,
        "Наличие_спортивного_зала": true,
        "Расстояние_до_центра": 11,
        "Расстояние_до_метро": 6,
        "Расстояние_до_школы": 1
    },
    {
        "Название": "РАО «Рожков Денисова»",
        "Адрес": "клх Буденновск, пр. Клары Цеткин, д. 9/7, 912405",
        "Количество_этажей": 48,
        "Количество_квартир": 336,
        "Год_постройки": "1978",
        "Тип_материала": "стекло",
        "Площадь_квартиры": 191,
        "Количество_жителей": 67,
        "Наличие_лифта": true,
        "Наличие_охраны": true,
        "Наличие_парковки": false,
        "Расход_энергии_на_дом": 49870,
        "Наличие_спортивного_зала": false,
        "Расстояние_до_центра": 3,
        "Расстояние_до_метро": 8,
        "Расстояние_до_школы": 4
    },
    {
        "Название": "АО «Кошелев Евсеева»",
        "Адрес": "п. Долинск, бул. Новоселов, д. 716 стр. 6, 850723",
        "Количество_этажей": 36,
        "Количество_квартир": 252,
        "Год_постройки": "1992",
        "Тип_материала": "железобетон",
        "Площадь_квартиры": 115,
        "Количество_жителей": 416,
        "Наличие_лифта": true,
        "Наличие_охраны": true,
        "Наличие_парковки": false,
        "Расход_энергии_на_дом": 28686,
        "Наличие_спортивного_зала": true,
        "Расстояние_до_центра": 14,
        "Расстояние_до_метро": 1,
        "Расстояние_до_школы": 2
    },
    {
        "Название": "РАО «Емельянова, Красильникова и Степанов»",
        "Адрес": "п. Кетченеры, пр. 60 лет Октября, д. 4, 982300",
        "Количество_этажей": 28,
        "Количество_квартир": 196,
        "Год_постройки": "1971",
        "Тип_материала": "железобетон",
        "Площадь_квартиры": 104,
        "Количество_жителей": 423,
        "Наличие_лифта": true,
        "Наличие_охраны": true,
        "Наличие_парковки": true,
        "Расход_энергии_на_дом": 40279,
        "Наличие_спортивного_зала": false,
        "Расстояние_до_центра": 10,
        "Расстояние_до_метро": 5,
        "Расстояние_до_школы": 1
    },
    {
        "Название": "РАО «Носова, Кудряшова и Гуляева»",
        "Адрес": "г. Тотьма, наб. Островского, д. 6, 035807",
        "Количество_этажей": 31,
        "Количество_квартир": 217,
        "Год_постройки": "1981",
        "Тип_материала": "железобетон",
        "Площадь_квартиры": 137,
        "Количество_жителей": 172,
        "Наличие_лифта": true,
        "Наличие_охраны": false,
        "Наличие_парковки": true,
        "Расход_энергии_на_дом": 27959,
        "Наличие_спортивного_зала": true,
        "Расстояние_до_центра": 7,
        "Расстояние_до_метро": 4,
        "Расстояние_до_школы": 2
    },
    {
        "Название": "ООО «Боброва, Мишина и Лихачев»",
        "Адрес": "ст. Курган, пер. Придорожный, д. 653 к. 4, 381309",
        "Количество_этажей": 45,
        "Количество_квартир": 315,
        "Год_постройки": "1992",
        "Тип_материала": "железобетон",
        "Площадь_квартиры": 199,
        "Количество_жителей": 287,
        "Наличие_лифта": false,
        "Наличие_охраны": false,
        "Наличие_парковки": false,
        "Расход_энергии_на_дом": 18213,
        "Наличие_спортивного_зала": false,
        "Расстояние_до_центра": 3,
        "Расстояние_до_метро": 2,
        "Расстояние_до_школы": 5
    },
    {
        "Название": "РАО «Муравьев, Юдин и Архипов»",
        "Адрес": "ст. Жигулевск, алл. Курская, д. 6 стр. 2/5, 930445",
        "Количество_этажей": 45,
        "Количество_квартир": 315,
        "Год_постройки": "1975",
        "Тип_материала": "стекло",
        "Площадь_квартиры": 171,
        "Количество_жителей": 57,
        "Наличие_лифта": false,
        "Наличие_охраны": false,
        "Наличие_парковки": true,
        "Расход_энергии_на_дом": 37608,
        "Наличие_спортивного_зала": true,
        "Расстояние_до_центра": 4,
        "Расстояние_до_метро": 1,
        "Расстояние_до_школы": 5
    },
    {
        "Название": "Галкин Лтд",
        "Адрес": "с. Усинск, пер. Спартака, д. 344 к. 7/4, 485274",
        "Количество_этажей": 28,
        "Количество_квартир": 196,
        "Год_постройки": "1977",
        "Тип_материала": "кирпич",
        "Площадь_квартиры": 172,
        "Количество_жителей": 390,
        "Наличие_лифта": true,
        "Наличие_охраны": false,
        "Наличие_парковки": true,
        "Расход_энергии_на_дом": 11039,
        "Наличие_спортивного_зала": false,
        "Расстояние_до_центра": 7,
        "Расстояние_до_метро": 7,
        "Расстояние_до_школы": 4
    },
    {
        "Название": "ЗАО «Наумов Мясникова»",
        "Адрес": "к. Куртамыш, бул. Крупской, д. 20 стр. 6/8, 684894",
        "Количество_этажей": 28,
        "Количество_квартир": 196,
        "Год_постройки": "2012",
        "Тип_материала": "стекло",
        "Площадь_квартиры": 122,
        "Количество_жителей": 329,
        "Наличие_лифта": false,
        "Наличие_охраны": false,
        "Наличие_парковки": true,
        "Расход_энергии_на_дом": 44271,
        "Наличие_спортивного_зала": false,
        "Расстояние_до_центра": 7,
        "Расстояние_до_метро": 2,
        "Расстояние_до_школы": 3
    },
    {
        "Название": "ОАО «Лобанов-Афанасьев»",
        "Адрес": "д. Касимов, наб. Коллективная, д. 392, 523961",
        "Количество_этажей": 21,
        "Количество_квартир": 147,
        "Год_постройки": "1971",
        "Тип_материала": "кирпич",
        "Площадь_квартиры": 159,
        "Количество_жителей": 298,
        "Наличие_лифта": false,
        "Наличие_охраны": true,
        "Наличие_парковки": true,
        "Расход_энергии_на_дом": 25368,
        "Наличие_спортивного_зала": true,
        "Расстояние_до_центра": 13,
        "Расстояние_до_метро": 6,
        "Расстояние_до_школы": 4
    }
]