[
    {
        "Название": "ИП «Кириллова-Селиверстов»",
        "Адрес": "клх Калуга, пер. Энергетиков, д. 1, 723215",
        "Количество_этажей": 37,
        "Количество_квартир": 259,
        "Год_постройки": "2007",
        "Тип_материала": "железобетон",
        "Площадь_квартиры": 168,
        "Количество_жителей": 170,
        "Наличие_лифта": true,
        "Наличие_охраны": true,
        "Наличие_парковки": false,
        "Расход_энергии_на_дом": 31339,
        "Наличие_спортивного_зала": true,
        "Расстояние_до_центра": 12,
        "Расстояние_до_метро": 5,
        "Расстояние_до_школы": 3
    },
    {
        "Название": "ООО «Ершова Горшков»",
        "Адрес": "д. Серпухов, наб. Каштановая, д. 171 к. 33, 329772",
        "Количество_этажей": 42,
        "Количество_квартир": 294,
        "Год_постройки": "2013",
        "Тип_материала": "стекло",
        "Площадь_квартиры": 126,
        "Количество_жителей": 323,
        "Наличие_лифта": false,
        "Наличие_охраны": true,
        "Наличие_парковки": true,
        "Расход_энергии_на_дом": 44557,
        "Наличие_спортивного_зала": false,
        "Расстояние_до_центра": 14,
        "Расстояние_до_метро": 3,
        "Расстояние_до_школы": 2
    },
    {
        "Название": "ЗАО «Мишин, Суханова и Киселев»",
        "Адрес": "д. Шереметьево, алл. Фурманова, д. 4 стр. 4/3, 463023",
        "Количество_этажей": 22,
        "Количество_квартир": 154,
        "Год_постройки": "1975",
        "Тип_материала": "стекло",
        "Площадь_квартиры": 103,
        "Количество_жителей": 348,
        "Наличие_лифта": false,
        "Наличие_охраны": false,
        "Наличие_парковки": false,
        "Расход_энергии_на_дом": 26481,
        "Наличие_спортивного_зала": false,
        "Расстояние_до_центра": 13,
        "Расстояние_до_метро": 3,
        "Расстояние_до_школы": 5
    },
    {
        "Название": "ВГТРК",
        "Адрес": "ст. Льгов, ул. Коминтерна, д. 25 стр. 8, 571612",
        "Количество_этажей": 20,
        "Количество_квартир": 140,
        "Год_постройки": "1989",
        "Тип_материала": "железобетон",
        "Площадь_квартиры": 50,
        "Количество_жителей": 351,
        "Наличие_лифта": false,
        "Наличие_охраны": false,
        "Наличие_парковки": true,
        "Расход_энергии_на_дом": 16041,
        "Наличие_спортивного_зала": true,
        "Расстояние_до_центра": 20,
        "Расстояние_до_метро": 9,
        "Расстояние_до_школы": 2
    },
    {
        "Название": "ЗАО «Сорокина, Наумов и Кириллов»",
        "Адрес": "п. Беломорск, наб. Сплавная, д. 420 к. 292, 692265",
        "Количество_этажей": 36,
        "Количество_квартир": 252,
        "Год_постройки": "2016",
        "Тип_материала": "кирпич",
        "Площадь_квартиры": 142,
        "Количество_жителей": 321,
        "Наличие_лифта": false,
        "Наличие_охраны": false,
        "Наличие_парковки": true,
        "Расход_энергии_на_дом": 27124,
        "Наличие_спортивного_зала": false,
        "Расстояние_до_центра": 9,
        "Расстояние_до_метро": 5,
        "Расстояние_до_школы": 3
    },
    {
        "Название": "Росморпорт",
        "Адрес": "д. Оленегорск (Якут.), алл. Невского, д. 3/9 к. 402, 881906",
        "Количество_этажей": 31,
        "Количество_квартир": 217,
        "Год_постройки": "2021",
        "Тип_материала": "железобетон",
        "Площадь_квартиры": 141,
        "Количество_жителей": 312,
        "Наличие_лифта": true,
        "Наличие_охраны": true,
        "Наличие_парковки": true,
        "Расход_энергии_на_дом": 13846,
        "Наличие_спортивного_зала": false,
        "Расстояние_до_центра": 18,
        "Расстояние_до_метро": 5,
        "Расстояние_до_школы": 3
    },
    {
        "Название": "ИП «Тихонова, Костина и Прохорова»",
        "Адрес": "к. Суздаль, бул. Абрикосовый, д. 97 стр. 10, 641618",
        "Количество_этажей": 44,
        "Количество_квартир": 308,
        "Год_постройки": "1985",
        "Тип_материала": "железобетон",
        "Площадь_квартиры": 89,
        "Количество_жителей": 289,
        "Наличие_лифта": true,
        "Наличие_охраны": true,
        "Наличие_парковки": true,
        "Расход_энергии_на_дом": 40199,
        "Наличие_спортивного_зала": false,
        "Расстояние_до_центра": 8,
        "Расстояние_до_метро": 1,
        "Расстояние_до_школы": 4
    },
    {
        "Название": "Трубная грузовая компания",
        "Адрес": "ст. Пушкинские Горы, бул. Магистральный, д. 9, 972683",
        "Количество_этажей": 30,
        "Количество_квартир": 210,
        "Год_постройки": "1992",
        "Тип_материала": "стекло",
        "Площадь_квартиры": 170,
        "Количество_жителей": 375,
        "Наличие_лифта": true,
        "Наличие_охраны": true,
        "Наличие_парковки": false,
        "Расход_энергии_на_дом": 24344,
        "Наличие_спортивного_зала": false,
        "Расстояние_до_центра": 19,
        "Расстояние_до_метро": 9,
        "Расстояние_до_школы": 2
    },
    {
        "Название": "БСС",
        "Адрес": "д. Миасс, ул. Казанская, д. 38 стр. 8/8, 908454",
        "Количество_этажей": 44,
        "Количество_квартир": 308,
        "Год_постройки": "2010",
        "Тип_материала": "кирпич",
        "Площадь_квартиры": 75,
        "Количество_жителей": 483,
        "Наличие_лифта": false,
        "Наличие_охраны": true,
        "Наличие_парковки": false,
        "Расход_энергии_на_дом": 13316,
        "Наличие_спортивного_зала": false,
        "Расстояние_до_центра": 8,
        "Расстояние_до_метро": 3,
        "Расстояние_до_школы": 1
    },
    {
        "Название": "Казаньоргсинтез",
        "Адрес": "ст. Саров (Морд.), алл. Театральная, д. 9, 682870",
        "Количество_этажей": 41,
        "Количество_квартир": 287,
        "Год_постройки": "2002",
        "Тип_материала": "стекло",
        "Площадь_квартиры": 198,
        "Количество_жителей": 125,
        "Наличие_лифта": true,
        "Наличие_охраны": true,
        "Наличие_парковки": true,
        "Расход_энергии_на_дом": 22012,
        "Наличие_спортивного_зала": false,
        "Расстояние_до_центра": 20,
        "Расстояние_до_метро": 2,
        "Расстояние_до_школы": 4
    },
    {
        "Название": "Гуляев Групп",
        "Адрес": "к. Кириши, ш. Станиславского, д. 70 стр. 7, 753123",
        "Количество_этажей": 29,
        "Количество_квартир": 203,
        "Год_постройки": "2010",
        "Тип_материала": "стекло",
        "Площадь_квартиры": 68,
        "Количество_жителей": 271,
        "Наличие_лифта": false,
        "Наличие_охраны": false,
        "Наличие_парковки": false,
        "Расход_энергии_на_дом": 43528,
        "Наличие_спортивного_зала": true,
        "Расстояние_до_центра": 6,
        "Расстояние_до_метро": 4,
        "Расстояние_до_школы": 2
    },
    {
        "Название": "РАО «Чернов Богданова»",
        "Адрес": "д. Троицко-Печорск, пер. Халтурина, д. 58 стр. 1, 756892",
        "Количество_этажей": 20,
        "Количество_квартир": 140,
        "Год_постройки": "2006",
        "Тип_материала": "железобетон",
        "Площадь_квартиры": 161,
        "Количество_жителей": 168,
        "Наличие_лифта": true,
        "Наличие_охраны": true,
        "Наличие_парковки": true,
        "Расход_энергии_на_дом": 26032,
        "Наличие_спортивного_зала": true,
        "Расстояние_до_центра": 20,
        "Расстояние_до_метро": 2,
        "Расстояние_до_школы": 1
    },
    {
        "Название": "НПФ Газфонд пенсионные накопления",
        "Адрес": "д. Уренгой, бул. Добролюбова, д. 4/3 стр. 4/5, 357357",
        "Количество_этажей": 47,
        "Количество_квартир": 329,
        "Год_постройки": "1982",
        "Тип_материала": "кирпич",
        "Площадь_квартиры": 122,
        "Количество_жителей": 339,
        "Наличие_лифта": true,
        "Наличие_охраны": true,
        "Наличие_парковки": false,
        "Расход_энергии_на_дом": 23388,
        "Наличие_спортивного_зала": true,
        "Расстояние_до_центра": 5,
        "Расстояние_до_метро": 6,
        "Расстояние_до_школы": 3
    },
    {
        "Название": "Маслов Инкорпорэйтед",
        "Адрес": "п. Завьялиха, бул. Юности, д. 4/3 стр. 72, 363853",
        "Количество_этажей": 50,
        "Количество_квартир": 350,
        "Год_постройки": "1971",
        "Тип_материала": "кирпич",
        "Площадь_квартиры": 160,
        "Количество_жителей": 454,
        "Наличие_лифта": true,
        "Наличие_охраны": false,
        "Наличие_парковки": true,
        "Расход_энергии_на_дом": 46860,
        "Наличие_спортивного_зала": false,
        "Расстояние_до_центра": 20,
        "Расстояние_до_метро": 8,
        "Расстояние_до_школы": 5
    },
    {
        "Название": "ООО «Новикова-Селезнев»",
        "Адрес": "д. Старая Русса, наб. Приморская, д. 4 стр. 333, 439827",
        "Количество_этажей": 26,
        "Количество_квартир": 182,
        "Год_постройки": "1996",
        "Тип_материала": "стекло",
        "Площадь_квартиры": 154,
        "Количество_жителей": 103,
        "Наличие_лифта": true,
        "Наличие_охраны": true,
        "Наличие_парковки": false,
        "Расход_энергии_на_дом": 44574,
        "Наличие_спортивного_зала": false,
        "Расстояние_до_центра": 14,
        "Расстояние_до_метро": 8,
        "Расстояние_до_школы": 5
    }
]