[
    {
        "Название": "АО «Панов, Прохорова и Воробьева»",
        "Адрес": "клх Туруханск, пер. Микрорайон, д. 2 к. 994, 755486",
        "Количество_этажей": 34,
        "Количество_квартир": 238,
        "Год_постройки": "1977",
        "Тип_материала": "стекло",
        "Площадь_квартиры": 131,
        "Количество_жителей": 383,
        "Наличие_лифта": true,
        "Наличие_охраны": true,
        "Наличие_парковки": true,
        "Расход_энергии_на_дом": 27055,
        "Наличие_спортивного_зала": false,
        "Расстояние_до_центра": 8,
        "Расстояние_до_метро": 8,
        "Расстояние_до_школы": 3
    },
    {
        "Название": "ООО «Князева»",
        "Адрес": "с. Волоколамск, бул. Володарского, д. 43 стр. 1, 121435",
        "Количество_этажей": 30,
        "Количество_квартир": 210,
        "Год_постройки": "1970",
        "Тип_материала": "железобетон",
        "Площадь_квартиры": 175,
        "Количество_жителей": 348,
        "Наличие_лифта": true,
        "Наличие_охраны": true,
        "Наличие_парковки": true,
        "Расход_энергии_на_дом": 10959,
        "Наличие_спортивного_зала": false,
        "Расстояние_до_центра": 2,
        "Расстояние_до_метро": 8,
        "Расстояние_до_школы": 2
    },
    {
        "Название": "АО «Исакова Горбунова»",
        "Адрес": "г. Байкальск, пер. Фрунзе, д. 576, 303585",
        "Количество_этажей": 30,
        "Количество_квартир": 210,
        "Год_постройки": "1995",
        "Тип_материала": "кирпич",
        "Площадь_квартиры": 147,
        "Количество_жителей": 247,
        "Наличие_лифта": true,
        "Наличие_охраны": false,
        "Наличие_парковки": false,
        "Расход_энергии_на_дом": 49780,
        "Наличие_спортивного_зала": false,
        "Расстояние_до_центра": 5,
        "Расстояние_до_метро": 2,
        "Расстояние_до_школы": 5
    },
    {
        "Название": "Первый завод",
        "Адрес": "ст. Поронайск, ш. Новоселов, д. 55 к. 9, 618821",
        "Количество_этажей": 24,
        "Количество_квартир": 168,
        "Год_постройки": "2020",
        "Тип_материала": "железобетон",
        "Площадь_квартиры": 51,
        "Количество_жителей": 451,
        "Наличие_лифта": false,
        "Наличие_охраны": true,
        "Наличие_парковки": false,
        "Расход_энергии_на_дом": 37990,
        "Наличие_спортивного_зала": true,
        "Расстояние_до_центра": 8,
        "Расстояние_до_метро": 10,
        "Расстояние_до_школы": 1
    },
    {
        "Название": "ИП «Фомин-Колобов»",
        "Адрес": "клх Неплюевка, пер. Куйбышева, д. 88, 872162",
        "Количество_этажей": 38,
        "Количество_квартир": 266,
        "Год_постройки": "1982",
        "Тип_материала": "стекло",
        "Площадь_квартиры": 174,
        "Количество_жителей": 348,
        "Наличие_лифта": true,
        "Наличие_охраны": true,
        "Наличие_парковки": false,
        "Расход_энергии_на_дом": 17350,
        "Наличие_спортивного_зала": false,
        "Расстояние_до_центра": 3,
        "Расстояние_до_метро": 7,
        "Расстояние_до_школы": 2
    },
    {
        "Название": "ЗАО «Артемьев-Дементьева»",
        "Адрес": "д. Голицыно, пр. Лесозаводский, д. 66, 542957",
        "Количество_этажей": 42,
        "Количество_квартир": 294,
        "Год_постройки": "1988",
        "Тип_материала": "стекло",
        "Площадь_квартиры": 135,
        "Количество_жителей": 63,
        "Наличие_лифта": true,
        "Наличие_охраны": true,
        "Наличие_парковки": true,
        "Расход_энергии_на_дом": 22892,
        "Наличие_спортивного_зала": false,
        "Расстояние_до_центра": 19,
        "Расстояние_до_метро": 3,
        "Расстояние_до_школы": 2
    },
    {
        "Название": "ОАО «Зуева, Прохоров и Степанова»",
        "Адрес": "клх Кропоткин (Краснод.), ул. Севастопольская, д. 8/7 стр. 4/4, 328921",
        "Количество_этажей": 30,
        "Количество_квартир": 210,
        "Год_постройки": "1993",
        "Тип_материала": "кирпич",
        "Площадь_квартиры": 198,
        "Количество_жителей": 307,
        "Наличие_лифта": true,
        "Наличие_охраны": true,
        "Наличие_парковки": false,
        "Расход_энергии_на_дом": 28807,
        "Наличие_спортивного_зала": false,
        "Расстояние_до_центра": 4,
        "Расстояние_до_метро": 6,
        "Расстояние_до_школы": 4
    },
    {
        "Название": "РАО «Лебедева Карпова»",
        "Адрес": "к. Плесецк, алл. Советской Армии, д. 7/3 к. 7/2, 305055",
        "Количество_этажей": 24,
        "Количество_квартир": 168,
        "Год_постройки": "1981",
        "Тип_материала": "кирпич",
        "Площадь_квартиры": 53,
        "Количество_жителей": 101,
        "Наличие_лифта": true,
        "Наличие_охраны": true,
        "Наличие_парковки": false,
        "Расход_энергии_на_дом": 15796,
        "Наличие_спортивного_зала": true,
        "Расстояние_до_центра": 1,
        "Расстояние_до_метро": 2,
        "Расстояние_до_школы": 5
    },
    {
        "Название": "НПО «Гришин»",
        "Адрес": "ст. Верхний Уфалей, наб. Приморская, д. 89, 903615",
        "Количество_этажей": 47,
        "Количество_квартир": 329,
        "Год_постройки": "1980",
        "Тип_материала": "железобетон",
        "Площадь_квартиры": 69,
        "Количество_жителей": 179,
        "Наличие_лифта": true,
        "Наличие_охраны": true,
        "Наличие_парковки": false,
        "Расход_энергии_на_дом": 47786,
        "Наличие_спортивного_зала": true,
        "Расстояние_до_центра": 1,
        "Расстояние_до_метро": 3,
        "Расстояние_до_школы": 4
    },
    {
        "Название": "Белова Лтд",
        "Адрес": "г. Салават, ул. Ореховая, д. 56 к. 380, 179563",
        "Количество_этажей": 32,
        "Количество_квартир": 224,
        "Год_постройки": "1994",
        "Тип_материала": "кирпич",
        "Площадь_квартиры": 163,
        "Количество_жителей": 236,
        "Наличие_лифта": false,
        "Наличие_охраны": true,
        "Наличие_парковки": false,
        "Расход_энергии_на_дом": 49147,
        "Наличие_спортивного_зала": false,
        "Расстояние_до_центра": 11,
        "Расстояние_до_метро": 3,
        "Расстояние_до_школы": 2
    },
    {
        "Название": "АО «Котова Миронова»",
        "Адрес": "с. Ейск, пр. Ягодный, д. 5 к. 8/3, 683941",
        "Количество_этажей": 20,
        "Количество_квартир": 140,
        "Год_постройки": "1999",
        "Тип_материала": "стекло",
        "Площадь_квартиры": 147,
        "Количество_жителей": 226,
        "Наличие_лифта": true,
        "Наличие_охраны": true,
        "Наличие_парковки": true,
        "Расход_энергии_на_дом": 31377,
        "Наличие_спортивного_зала": true,
        "Расстояние_до_центра": 2,
        "Расстояние_до_метро": 9,
        "Расстояние_до_школы": 3
    },
    {
        "Название": "АО «Николаев-Гордеева»",
        "Адрес": "г. Аршан (Бурят.), бул. Космодемьянской, д. 62, 092257",
        "Количество_этажей": 31,
        "Количество_квартир": 217,
        "Год_постройки": "1983",
        "Тип_материала": "железобетон",
        "Площадь_квартиры": 125,
        "Количество_жителей": 273,
        "Наличие_лифта": true,
        "Наличие_охраны": true,
        "Наличие_парковки": false,
        "Расход_энергии_на_дом": 46466,
        "Наличие_спортивного_зала": false,
        "Расстояние_до_центра": 7,
        "Расстояние_до_метро": 4,
        "Расстояние_до_школы": 2
    },
    {
        "Название": "ЗАО «Королева Денисов»",
        "Адрес": "г. Амурск, наб. Садовая, д. 5 к. 6/3, 812942",
        "Количество_этажей": 21,
        "Количество_квартир": 147,
        "Год_постройки": "1988",
        "Тип_материала": "кирпич",
        "Площадь_квартиры": 166,
        "Количество_жителей": 58,
        "Наличие_лифта": true,
        "Наличие_охраны": false,
        "Наличие_парковки": true,
        "Расход_энергии_на_дом": 26407,
        "Наличие_спортивного_зала": false,
        "Расстояние_до_центра": 9,
        "Расстояние_до_метро": 7,
        "Расстояние_до_школы": 5
    },
    {
        "Название": "ООО «Красильников-Лебедев»",
        "Адрес": "к. Магас, пер. Коллективный, д. 926, 765595",
        "Количество_этажей": 26,
        "Количество_квартир": 182,
        "Год_постройки": "2001",
        "Тип_материала": "кирпич",
        "Площадь_квартиры": 134,
        "Количество_жителей": 275,
        "Наличие_лифта": false,
        "Наличие_охраны": true,
        "Наличие_парковки": false,
        "Расход_энергии_на_дом": 19390,
        "Наличие_спортивного_зала": false,
        "Расстояние_до_центра": 9,
        "Расстояние_до_метро": 2,
        "Расстояние_до_школы": 1
    },
    {
        "Название": "ЗАО «Шаров Стрелков»",
        "Адрес": "клх Карпинск, наб. Тамбовская, д. 9 стр. 4, 793570",
        "Количество_этажей": 25,
        "Количество_квартир": 175,
        "Год_постройки": "1973",
        "Тип_материала": "кирпич",
        "Площадь_квартиры": 187,
        "Количество_жителей": 143,
        "Наличие_лифта": true,
        "Наличие_охраны": false,
        "Наличие_парковки": false,
        "Расход_энергии_на_дом": 31173,
        "Наличие_спортивного_зала": false,
        "Расстояние_до_центра": 9,
        "Расстояние_до_метро": 9,
        "Расстояние_до_школы": 1
    }
]