[
    {
        "Название": "ОАО «Шашкова»",
        "Адрес": "д. Кизляр, бул. Дарвина, д. 4, 777858",
        "Количество_этажей": 34,
        "Количество_квартир": 238,
        "Год_постройки": "2016",
        "Тип_материала": "стекло",
        "Площадь_квартиры": 130,
        "Количество_жителей": 421,
        "Наличие_лифта": true,
        "Наличие_охраны": true,
        "Наличие_парковки": true,
        "Расход_энергии_на_дом": 38620,
        "Наличие_спортивного_зала": true,
        "Расстояние_до_центра": 1,
        "Расстояние_до_метро": 7,
        "Расстояние_до_школы": 2
    },
    {
        "Название": "Калашников Групп",
        "Адрес": "к. Пушкино (Моск.), пер. ДОС, д. 713, 784085",
        "Количество_этажей": 38,
        "Количество_квартир": 266,
        "Год_постройки": "1970",
        "Тип_материала": "кирпич",
        "Площадь_квартиры": 157,
        "Количество_жителей": 379,
        "Наличие_лифта": false,
        "Наличие_охраны": true,
        "Наличие_парковки": true,
        "Расход_энергии_на_дом": 15208,
        "Наличие_спортивного_зала": true,
        "Расстояние_до_центра": 15,
        "Расстояние_до_метро": 7,
        "Расстояние_до_школы": 2
    },
    {
        "Название": "ИП «Королева-Абрамов»",
        "Адрес": "ст. Каневская, пр. Победа, д. 3/8 к. 36, 216090",
        "Количество_этажей": 33,
        "Количество_квартир": 231,
        "Год_постройки": "1996",
        "Тип_материала": "кирпич",
        "Площадь_квартиры": 97,
        "Количество_жителей": 345,
        "Наличие_лифта": false,
        "Наличие_охраны": true,
        "Наличие_парковки": false,
        "Расход_энергии_на_дом": 40141,
        "Наличие_спортивного_зала": true,
        "Расстояние_до_центра": 19,
        "Расстояние_до_метро": 3,
        "Расстояние_до_школы": 5
    },
    {
        "Название": "РАО «Молчанова»",
        "Адрес": "клх Гремячинск (Бурят.), наб. Астраханская, д. 3 стр. 8, 261545",
        "Количество_этажей": 21,
        "Количество_квартир": 147,
        "Год_постройки": "1980",
        "Тип_материала": "железобетон",
        "Площадь_квартиры": 198,
        "Количество_жителей": 88,
        "Наличие_лифта": true,
        "Наличие_охраны": true,
        "Наличие_парковки": false,
        "Расход_энергии_на_дом": 47087,
        "Наличие_спортивного_зала": false,
        "Расстояние_до_центра": 16,
        "Расстояние_до_метро": 5,
        "Расстояние_до_школы": 3
    },
    {
        "Название": "Медведева Лимитед",
        "Адрес": "к. Суздаль, бул. Февральский, д. 4/3, 059878",
        "Количество_этажей": 44,
        "Количество_квартир": 308,
        "Год_постройки": "2018",
        "Тип_материала": "кирпич",
        "Площадь_квартиры": 184,
        "Количество_жителей": 272,
        "Наличие_лифта": true,
        "Наличие_охраны": false,
        "Наличие_парковки": false,
        "Расход_энергии_на_дом": 14211,
        "Наличие_спортивного_зала": false,
        "Расстояние_до_центра": 7,
        "Расстояние_до_метро": 9,
        "Расстояние_до_школы": 3
    },
    {
        "Название": "Сургутнефтегаз",
        "Адрес": "д. Усть-Камчатск, пр. Ростовский, д. 851 стр. 285, 621573",
        "Количество_этажей": 40,
        "Количество_квартир": 280,
        "Год_постройки": "2001",
        "Тип_материала": "железобетон",
        "Площадь_квартиры": 170,
        "Количество_жителей": 142,
        "Наличие_лифта": true,
        "Наличие_охраны": true,
        "Наличие_парковки": false,
        "Расход_энергии_на_дом": 12077,
        "Наличие_спортивного_зала": false,
        "Расстояние_до_центра": 8,
        "Расстояние_до_метро": 2,
        "Расстояние_до_школы": 4
    },
    {
        "Название": "Рогова и партнеры",
        "Адрес": "п. Шахты, алл. Металлистов, д. 1 к. 41, 402381",
        "Количество_этажей": 32,
        "Количество_квартир": 224,
        "Год_постройки": "1996",
        "Тип_материала": "кирпич",
        "Площадь_квартиры": 192,
        "Количество_жителей": 307,
        "Наличие_лифта": true,
        "Наличие_охраны": true,
        "Наличие_парковки": false,
        "Расход_энергии_на_дом": 25039,
        "Наличие_спортивного_зала": true,
        "Расстояние_до_центра": 4,
        "Расстояние_до_метро": 1,
        "Расстояние_до_школы": 1
    },
    {
        "Название": "ООО «Дьячкова Емельянова»",
        "Адрес": "г. Асбест, пер. Тихий, д. 33, 047008",
        "Количество_этажей": 23,
        "Количество_квартир": 161,
        "Год_постройки": "1993",
        "Тип_материала": "кирпич",
        "Площадь_квартиры": 90,
        "Количество_жителей": 216,
        "Наличие_лифта": true,
        "Наличие_охраны": true,
        "Наличие_парковки": true,
        "Расход_энергии_на_дом": 40436,
        "Наличие_спортивного_зала": false,
        "Расстояние_до_центра": 7,
        "Расстояние_до_метро": 4,
        "Расстояние_до_школы": 1
    },
    {
        "Название": "Казаньоргсинтез",
        "Адрес": "ст. Каргасок, наб. Надежды, д. 511, 546401",
        "Количество_этажей": 28,
        "Количество_квартир": 196,
        "Год_постройки": "1999",
        "Тип_материала": "железобетон",
        "Площадь_квартиры": 123,
        "Количество_жителей": 383,
        "Наличие_лифта": true,
        "Наличие_охраны": false,
        "Наличие_парковки": true,
        "Расход_энергии_на_дом": 31442,
        "Наличие_спортивного_зала": false,
        "Расстояние_до_центра": 15,
        "Расстояние_до_метро": 8,
        "Расстояние_до_школы": 5
    },
    {
        "Название": "АО «Чернова»",
        "Адрес": "д. Салават, пер. Фурманова, д. 3 к. 9, 515191",
        "Количество_этажей": 26,
        "Количество_квартир": 182,
        "Год_постройки": "1971",
        "Тип_материала": "стекло",
        "Площадь_квартиры": 58,
        "Количество_жителей": 344,
        "Наличие_лифта": false,
        "Наличие_охраны": false,
        "Наличие_парковки": false,
        "Расход_энергии_на_дом": 35478,
        "Наличие_спортивного_зала": false,
        "Расстояние_до_центра": 20,
        "Расстояние_до_метро": 8,
        "Расстояние_до_школы": 3
    },
    {
        "Название": "ООО «Мамонтов, Гущин и Лихачев»",
        "Адрес": "ст. Билибино, пр. Смоленский, д. 134, 790698",
        "Количество_этажей": 39,
        "Количество_квартир": 273,
        "Год_постройки": "1983",
        "Тип_материала": "железобетон",
        "Площадь_квартиры": 183,
        "Количество_жителей": 227,
        "Наличие_лифта": true,
        "Наличие_охраны": true,
        "Наличие_парковки": false,
        "Расход_энергии_на_дом": 47733,
        "Наличие_спортивного_зала": false,
        "Расстояние_до_центра": 5,
        "Расстояние_до_метро": 5,
        "Расстояние_до_школы": 4
    },
    {
        "Название": "НПО «Гущина Никифорова»",
        "Адрес": "п. Кисловодск, пр. Советов, д. 772, 267347",
        "Количество_этажей": 39,
        "Количество_квартир": 273,
        "Год_постройки": "2015",
        "Тип_материала": "железобетон",
        "Площадь_квартиры": 179,
        "Количество_жителей": 433,
        "Наличие_лифта": true,
        "Наличие_охраны": true,
        "Наличие_парковки": true,
        "Расход_энергии_на_дом": 39035,
        "Наличие_спортивного_зала": true,
        "Расстояние_до_центра": 12,
        "Расстояние_до_метро": 2,
        "Расстояние_до_школы": 3
    },
    {
        "Название": "РАО «Баранов»",
        "Адрес": "клх Гаврилов-Ям, алл. Просторная, д. 7/2 стр. 6, 554464",
        "Количество_этажей": 20,
        "Количество_квартир": 140,
        "Год_постройки": "2012",
        "Тип_материала": "кирпич",
        "Площадь_квартиры": 120,
        "Количество_жителей": 60,
        "Наличие_лифта": true,
        "Наличие_охраны": true,
        "Наличие_парковки": true,
        "Расход_энергии_на_дом": 36827,
        "Наличие_спортивного_зала": false,
        "Расстояние_до_центра": 8,
        "Расстояние_до_метро": 10,
        "Расстояние_до_школы": 5
    },
    {
        "Название": "НПО «Зиновьев»",
        "Адрес": "с. Туруханск, алл. Юности, д. 64, 475502",
        "Количество_этажей": 49,
        "Количество_квартир": 343,
        "Год_постройки": "1984",
        "Тип_материала": "стекло",
        "Площадь_квартиры": 76,
        "Количество_жителей": 76,
        "Наличие_лифта": true,
        "Наличие_охраны": false,
        "Наличие_парковки": false,
        "Расход_энергии_на_дом": 31530,
        "Наличие_спортивного_зала": true,
        "Расстояние_до_центра": 15,
        "Расстояние_до_метро": 7,
        "Расстояние_до_школы": 2
    },
    {
        "Название": "ИП «Никонов-Воробьев»",
        "Адрес": "г. Переславль-Залесский, ул. Коммунаров, д. 8/1, 762531",
        "Количество_этажей": 38,
        "Количество_квартир": 266,
        "Год_постройки": "1976",
        "Тип_материала": "стекло",
        "Площадь_квартиры": 88,
        "Количество_жителей": 434,
        "Наличие_лифта": true,
        "Наличие_охраны": false,
        "Наличие_парковки": true,
        "Расход_энергии_на_дом": 11011,
        "Наличие_спортивного_зала": false,
        "Расстояние_до_центра": 15,
        "Расстояние_до_метро": 5,
        "Расстояние_до_школы": 4
    }
]