[
    {
        "Название": "Орехов Инкорпорэйтед",
        "Адрес": "с. Кижи, бул. Глинки, д. 506 к. 21, 268508",
        "Количество_этажей": 43,
        "Количество_квартир": 301,
        "Год_постройки": "2009",
        "Тип_материала": "железобетон",
        "Площадь_квартиры": 153,
        "Количество_жителей": 300,
        "Наличие_лифта": true,
        "Наличие_охраны": true,
        "Наличие_парковки": true,
        "Расход_энергии_на_дом": 27719,
        "Наличие_спортивного_зала": false,
        "Расстояние_до_центра": 16,
        "Расстояние_до_метро": 2,
        "Расстояние_до_школы": 5
    },
    {
        "Название": "Ильин Инк",
        "Адрес": "г. Ноябрьск, алл. Курганная, д. 2 стр. 2, 732131",
        "Количество_этажей": 49,
        "Количество_квартир": 343,
        "Год_постройки": "1993",
        "Тип_материала": "стекло",
        "Площадь_квартиры": 136,
        "Количество_жителей": 282,
        "Наличие_лифта": true,
        "Наличие_охраны": true,
        "Наличие_парковки": true,
        "Расход_энергии_на_дом": 33901,
        "Наличие_спортивного_зала": false,
        "Расстояние_до_центра": 20,
        "Расстояние_до_метро": 1,
        "Расстояние_до_школы": 3
    },
    {
        "Название": "ЗАО «Белоусова Колесникова»",
        "Адрес": "д. Уренгой, алл. Ореховая, д. 642 стр. 64, 275113",
        "Количество_этажей": 33,
        "Количество_квартир": 231,
        "Год_постройки": "1978",
        "Тип_материала": "кирпич",
        "Площадь_квартиры": 178,
        "Количество_жителей": 128,
        "Наличие_лифта": true,
        "Наличие_охраны": true,
        "Наличие_парковки": true,
        "Расход_энергии_на_дом": 34873,
        "Наличие_спортивного_зала": true,
        "Расстояние_до_центра": 11,
        "Расстояние_до_метро": 6,
        "Расстояние_до_школы": 5
    },
    {
        "Название": "АО «Филатов-Рогова»",
        "Адрес": "к. Данков, бул. Тенистый, д. 31 стр. 5, 916274",
        "Количество_этажей": 41,
        "Количество_квартир": 287,
        "Год_постройки": "2017",
        "Тип_материала": "кирпич",
        "Площадь_квартиры": 143,
        "Количество_жителей": 77,
        "Наличие_лифта": false,
        "Наличие_охраны": true,
        "Наличие_парковки": false,
        "Расход_энергии_на_дом": 16757,
        "Наличие_спортивного_зала": false,
        "Расстояние_до_центра": 13,
        "Расстояние_до_метро": 5,
        "Расстояние_до_школы": 5
    },
    {
        "Название": "Зыков Групп",
        "Адрес": "ст. Элиста, ш. Петровское, д. 93, 910321",
        "Количество_этажей": 26,
        "Количество_квартир": 182,
        "Год_постройки": "2020",
        "Тип_материала": "стекло",
        "Площадь_квартиры": 95,
        "Количество_жителей": 278,
        "Наличие_лифта": true,
        "Наличие_охраны": true,
        "Наличие_парковки": false,
        "Расход_энергии_на_дом": 33593,
        "Наличие_спортивного_зала": true,
        "Расстояние_до_центра": 14,
        "Расстояние_до_метро": 3,
        "Расстояние_до_школы": 5
    },
    {
        "Название": "ООО «Веселов Меркушев»",
        "Адрес": "п. Чехов, ул. Владимирская, д. 661 стр. 615, 837281",
        "Количество_этажей": 33,
        "Количество_квартир": 231,
        "Год_постройки": "2016",
        "Тип_материала": "железобетон",
        "Площадь_квартиры": 100,
        "Количество_жителей": 294,
        "Наличие_лифта": true,
        "Наличие_охраны": false,
        "Наличие_парковки": false,
        "Расход_энергии_на_дом": 47839,
        "Наличие_спортивного_зала": true,
        "Расстояние_до_центра": 19,
        "Расстояние_до_метро": 5,
        "Расстояние_до_школы": 5
    },
    {
        "Название": "Горбачев и партнеры",
        "Адрес": "г. Бронницы, ул. Виноградная, д. 9 к. 161, 514691",
        "Количество_этажей": 20,
        "Количество_квартир": 140,
        "Год_постройки": "2012",
        "Тип_материала": "стекло",
        "Площадь_квартиры": 59,
        "Количество_жителей": 500,
        "Наличие_лифта": true,
        "Наличие_охраны": true,
        "Наличие_парковки": true,
        "Расход_энергии_на_дом": 29306,
        "Наличие_спортивного_зала": false,
        "Расстояние_до_центра": 13,
        "Расстояние_до_метро": 9,
        "Расстояние_до_школы": 1
    },
    {
        "Название": "РАО «Терентьев Копылов»",
        "Адрес": "с. Северо-Курильск, алл. Ильича, д. 2 к. 322, 610378",
        "Количество_этажей": 37,
        "Количество_квартир": 259,
        "Год_постройки": "2022",
        "Тип_материала": "железобетон",
        "Площадь_квартиры": 177,
        "Количество_жителей": 142,
        "Наличие_лифта": true,
        "Наличие_охраны": false,
        "Наличие_парковки": false,
        "Расход_энергии_на_дом": 10817,
        "Наличие_спортивного_зала": false,
        "Расстояние_до_центра": 8,
        "Расстояние_до_метро": 1,
        "Расстояние_до_школы": 1
    },
    {
        "Название": "Беляев и партнеры",
        "Адрес": "ст. Шахты, пр. Космический, д. 5 к. 4/1, 393677",
        "Количество_этажей": 26,
        "Количество_квартир": 182,
        "Год_постройки": "2013",
        "Тип_материала": "стекло",
        "Площадь_квартиры": 102,
        "Количество_жителей": 132,
        "Наличие_лифта": true,
        "Наличие_охраны": true,
        "Наличие_парковки": false,
        "Расход_энергии_на_дом": 38342,
        "Наличие_спортивного_зала": true,
        "Расстояние_до_центра": 1,
        "Расстояние_до_метро": 4,
        "Расстояние_до_школы": 2
    },
    {
        "Название": "ИП «Жуков-Дьячкова»",
        "Адрес": "ст. Балашов, бул. Чайковского, д. 664 стр. 68, 380826",
        "Количество_этажей": 49,
        "Количество_квартир": 343,
        "Год_постройки": "1984",
        "Тип_материала": "кирпич",
        "Площадь_квартиры": 162,
        "Количество_жителей": 178,
        "Наличие_лифта": true,
        "Наличие_охраны": true,
        "Наличие_парковки": false,
        "Расход_энергии_на_дом": 47330,
        "Наличие_спортивного_зала": true,
        "Расстояние_до_центра": 16,
        "Расстояние_до_метро": 3,
        "Расстояние_до_школы": 5
    },
    {
        "Название": "Нова",
        "Адрес": "д. Каменск-Уральский, наб. Ломоносова, д. 7/5 к. 272, 066999",
        "Количество_этажей": 31,
        "Количество_квартир": 217,
        "Год_постройки": "1984",
        "Тип_материала": "кирпич",
        "Площадь_квартиры": 52,
        "Количество_жителей": 202,
        "Наличие_лифта": false,
        "Наличие_охраны": true,
        "Наличие_парковки": true,
        "Расход_энергии_на_дом": 32003,
        "Наличие_спортивного_зала": false,
        "Расстояние_до_центра": 11,
        "Расстояние_до_метро": 2,
        "Расстояние_до_школы": 1
    },
    {
        "Название": "ЗАО «Афанасьева, Нестеров и Цветкова»",
        "Адрес": "с. Туруханск, алл. Щетинкина, д. 5/1, 062165",
        "Количество_этажей": 37,
        "Количество_квартир": 259,
        "Год_постройки": "1984",
        "Тип_материала": "стекло",
        "Площадь_квартиры": 102,
        "Количество_жителей": 393,
        "Наличие_лифта": false,
        "Наличие_охраны": true,
        "Наличие_парковки": false,
        "Расход_энергии_на_дом": 47236,
        "Наличие_спортивного_зала": false,
        "Расстояние_до_центра": 13,
        "Расстояние_до_метро": 9,
        "Расстояние_до_школы": 4
    },
    {
        "Название": "Никифоров Лтд",
        "Адрес": "клх Зарайск, алл. Тукая, д. 99 к. 3/1, 303951",
        "Количество_этажей": 33,
        "Количество_квартир": 231,
        "Год_постройки": "2011",
        "Тип_материала": "стекло",
        "Площадь_квартиры": 132,
        "Количество_жителей": 381,
        "Наличие_лифта": true,
        "Наличие_охраны": true,
        "Наличие_парковки": false,
        "Расход_энергии_на_дом": 14276,
        "Наличие_спортивного_зала": false,
        "Расстояние_до_центра": 7,
        "Расстояние_до_метро": 7,
        "Расстояние_до_школы": 1
    },
    {
        "Название": "АО «Баранов-Давыдова»",
        "Адрес": "к. Инта, пер. Жукова, д. 996, 323264",
        "Количество_этажей": 48,
        "Количество_квартир": 336,
        "Год_постройки": "1983",
        "Тип_материала": "кирпич",
        "Площадь_квартиры": 177,
        "Количество_жителей": 115,
        "Наличие_лифта": true,
        "Наличие_охраны": false,
        "Наличие_парковки": true,
        "Расход_энергии_на_дом": 37926,
        "Наличие_спортивного_зала": true,
        "Расстояние_до_центра": 17,
        "Расстояние_до_метро": 3,
        "Расстояние_до_школы": 3
    },
    {
        "Название": "Гущин Инкорпорэйтед",
        "Адрес": "д. Благовещенск (Амур.), пер. Сиреневый, д. 302 стр. 6/2, 074963",
        "Количество_этажей": 47,
        "Количество_квартир": 329,
        "Год_постройки": "1976",
        "Тип_материала": "кирпич",
        "Площадь_квартиры": 144,
        "Количество_жителей": 163,
        "Наличие_лифта": true,
        "Наличие_охраны": true,
        "Наличие_парковки": false,
        "Расход_энергии_на_дом": 32380,
        "Наличие_спортивного_зала": false,
        "Расстояние_до_центра": 17,
        "Расстояние_до_метро": 9,
        "Расстояние_до_школы": 2
    }
]