[
    {
        "Название": "ЗАО «Фролов Туров»",
        "Адрес": "п. Плесецк, ш. Блюхера, д. 41, 523197",
        "Количество_этажей": 24,
        "Количество_квартир": 168,
        "Год_постройки": "2022",
        "Тип_материала": "стекло",
        "Площадь_квартиры": 189,
        "Количество_жителей": 346,
        "Наличие_лифта": true,
        "Наличие_охраны": true,
        "Наличие_парковки": true,
        "Расход_энергии_на_дом": 40003,
        "Наличие_спортивного_зала": false,
        "Расстояние_до_центра": 1,
        "Расстояние_до_метро": 7,
        "Расстояние_до_школы": 4
    },
    {
        "Название": "ЗАО «Наумова»",
        "Адрес": "с. Уэлен, пер. Волгоградский, д. 579 к. 952, 701327",
        "Количество_этажей": 26,
        "Количество_квартир": 182,
        "Год_постройки": "1987",
        "Тип_материала": "железобетон",
        "Площадь_квартиры": 103,
        "Количество_жителей": 415,
        "Наличие_лифта": true,
        "Наличие_охраны": true,
        "Наличие_парковки": false,
        "Расход_энергии_на_дом": 40414,
        "Наличие_спортивного_зала": true,
        "Расстояние_до_центра": 20,
        "Расстояние_до_метро": 4,
        "Расстояние_до_школы": 3
    },
    {
        "Название": "СОГАЗ",
        "Адрес": "с. Тутаев, пр. Речной, д. 96 стр. 608, 563882",
        "Количество_этажей": 42,
        "Количество_квартир": 294,
        "Год_постройки": "2017",
        "Тип_материала": "стекло",
        "Площадь_квартиры": 103,
        "Количество_жителей": 123,
        "Наличие_лифта": true,
        "Наличие_охраны": true,
        "Наличие_парковки": false,
        "Расход_энергии_на_дом": 26215,
        "Наличие_спортивного_зала": false,
        "Расстояние_до_центра": 20,
        "Расстояние_до_метро": 4,
        "Расстояние_до_школы": 5
    },
    {
        "Название": "АО «Устинов-Галкина»",
        "Адрес": "клх Ессентуки, пр. Московский, д. 4, 168958",
        "Количество_этажей": 47,
        "Количество_квартир": 329,
        "Год_постройки": "1985",
        "Тип_материала": "стекло",
        "Площадь_квартиры": 141,
        "Количество_жителей": 258,
        "Наличие_лифта": false,
        "Наличие_охраны": true,
        "Наличие_парковки": false,
        "Расход_энергии_на_дом": 48244,
        "Наличие_спортивного_зала": false,
        "Расстояние_до_центра": 9,
        "Расстояние_до_метро": 7,
        "Расстояние_до_школы": 3
    },
    {
        "Название": "ООО «Ковалев, Рыбакова и Кошелев»",
        "Адрес": "д. Советский, пер. Мирный, д. 5 к. 7/4, 496361",
        "Количество_этажей": 35,
        "Количество_квартир": 245,
        "Год_постройки": "1988",
        "Тип_материала": "железобетон",
        "Площадь_квартиры": 143,
        "Количество_жителей": 496,
        "Наличие_лифта": false,
        "Наличие_охраны": true,
        "Наличие_парковки": false,
        "Расход_энергии_на_дом": 30514,
        "Наличие_спортивного_зала": false,
        "Расстояние_до_центра": 6,
        "Расстояние_до_метро": 10,
        "Расстояние_до_школы": 2
    },
    {
        "Название": "ОАО «Гришина»",
        "Адрес": "ст. Устюжна, пер. Весенний, д. 35, 316367",
        "Количество_этажей": 43,
        "Количество_квартир": 301,
        "Год_постройки": "1993",
        "Тип_материала": "железобетон",
        "Площадь_квартиры": 69,
        "Количество_жителей": 190,
        "Наличие_лифта": true,
        "Наличие_охраны": true,
        "Наличие_парковки": false,
        "Расход_энергии_на_дом": 10276,
        "Наличие_спортивного_зала": false,
        "Расстояние_до_центра": 9,
        "Расстояние_до_метро": 4,
        "Расстояние_до_школы": 2
    },
    {
        "Название": "Брок-Инвест-Сервис и К",
        "Адрес": "п. Поронайск, алл. Заводская, д. 31 к. 66, 514269",
        "Количество_этажей": 49,
        "Количество_квартир": 343,
        "Год_постройки": "1971",
        "Тип_материала": "кирпич",
        "Площадь_квартиры": 77,
        "Количество_жителей": 81,
        "Наличие_лифта": true,
        "Наличие_охраны": true,
        "Наличие_парковки": true,
        "Расход_энергии_на_дом": 35895,
        "Наличие_спортивного_зала": false,
        "Расстояние_до_центра": 10,
        "Расстояние_до_метро": 2,
        "Расстояние_до_школы": 4
    },
    {
        "Название": "Бирюкова Инк",
        "Адрес": "ст. Оренбург, алл. З.Космодемьянской, д. 91 стр. 2, 757539",
        "Количество_этажей": 29,
        "Количество_квартир": 203,
        "Год_постройки": "2021",
        "Тип_материала": "железобетон",
        "Площадь_квартиры": 135,
        "Количество_жителей": 96,
        "Наличие_лифта": true,
        "Наличие_охраны": true,
        "Наличие_парковки": false,
        "Расход_энергии_на_дом": 33740,
        "Наличие_спортивного_зала": true,
        "Расстояние_до_центра": 14,
        "Расстояние_до_метро": 9,
        "Расстояние_до_школы": 1
    },
    {
        "Название": "РАО «Николаева»",
        "Адрес": "г. Яшкуль, пер. Харьковский, д. 60, 392846",
        "Количество_этажей": 47,
        "Количество_квартир": 329,
        "Год_постройки": "1983",
        "Тип_материала": "железобетон",
        "Площадь_квартиры": 93,
        "Количество_жителей": 488,
        "Наличие_лифта": true,
        "Наличие_охраны": true,
        "Наличие_парковки": true,
        "Расход_энергии_на_дом": 47579,
        "Наличие_спортивного_зала": false,
        "Расстояние_до_центра": 1,
        "Расстояние_до_метро": 5,
        "Расстояние_до_школы": 3
    },
    {
        "Название": "Хохлова Инкорпорэйтед",
        "Адрес": "д. Верхнее Пенжино, пр. Учительский, д. 53, 560328",
        "Количество_этажей": 22,
        "Количество_квартир": 154,
        "Год_постройки": "1989",
        "Тип_материала": "стекло",
        "Площадь_квартиры": 120,
        "Количество_жителей": 199,
        "Наличие_лифта": false,
        "Наличие_охраны": true,
        "Наличие_парковки": true,
        "Расход_энергии_на_дом": 17344,
        "Наличие_спортивного_зала": false,
        "Расстояние_до_центра": 12,
        "Расстояние_до_метро": 4,
        "Расстояние_до_школы": 3
    },
    {
        "Название": "ООО «Быков, Маркова и Терентьева»",
        "Адрес": "ст. Джейрах, ш. Троицкое, д. 6/2 стр. 886, 686224",
        "Количество_этажей": 24,
        "Количество_квартир": 168,
        "Год_постройки": "2000",
        "Тип_материала": "кирпич",
        "Площадь_квартиры": 178,
        "Количество_жителей": 205,
        "Наличие_лифта": true,
        "Наличие_охраны": true,
        "Наличие_парковки": true,
        "Расход_энергии_на_дом": 29274,
        "Наличие_спортивного_зала": false,
        "Расстояние_до_центра": 16,
        "Расстояние_до_метро": 5,
        "Расстояние_до_школы": 4
    },
    {
        "Название": "Шнейдер Электрик (Schneider Electric)",
        "Адрес": "г. Рославль, пер. Прудный, д. 2/1 к. 750, 001088",
        "Количество_этажей": 32,
        "Количество_квартир": 224,
        "Год_постройки": "1998",
        "Тип_материала": "стекло",
        "Площадь_квартиры": 124,
        "Количество_жителей": 451,
        "Наличие_лифта": true,
        "Наличие_охраны": false,
        "Наличие_парковки": false,
        "Расход_энергии_на_дом": 36708,
        "Наличие_спортивного_зала": false,
        "Расстояние_до_центра": 9,
        "Расстояние_до_метро": 4,
        "Расстояние_до_школы": 3
    },
    {
        "Название": "ИП «Полякова-Одинцова»",
        "Адрес": "к. Энгельс, ш. Пролетарское, д. 49 стр. 6, 882737",
        "Количество_этажей": 42,
        "Количество_квартир": 294,
        "Год_постройки": "1983",
        "Тип_материала": "стекло",
        "Площадь_квартиры": 199,
        "Количество_жителей": 478,
        "Наличие_лифта": true,
        "Наличие_охраны": true,
        "Наличие_парковки": false,
        "Расход_энергии_на_дом": 34725,
        "Наличие_спортивного_зала": false,
        "Расстояние_до_центра": 2,
        "Расстояние_до_метро": 1,
        "Расстояние_до_школы": 2
    },
    {
        "Название": "Сибур Холдинг",
        "Адрес": "клх Можга, ул. Марта 8, д. 6/2 к. 9/3, 392478",
        "Количество_этажей": 21,
        "Количество_квартир": 147,
        "Год_постройки": "2015",
        "Тип_материала": "стекло",
        "Площадь_квартиры": 141,
        "Количество_жителей": 207,
        "Наличие_лифта": true,
        "Наличие_охраны": false,
        "Наличие_парковки": false,
        "Расход_энергии_на_дом": 38478,
        "Наличие_спортивного_зала": false,
        "Расстояние_до_центра": 7,
        "Расстояние_до_метро": 5,
        "Расстояние_до_школы": 4
    },
    {
        "Название": "ГКНПЦ им. М.В.Хруничева",
        "Адрес": "к. Арсеньев, ул. Фурманова, д. 9/4 стр. 6, 496630",
        "Количество_этажей": 47,
        "Количество_квартир": 329,
        "Год_постройки": "2018",
        "Тип_материала": "кирпич",
        "Площадь_квартиры": 199,
        "Количество_жителей": 109,
        "Наличие_лифта": true,
        "Наличие_охраны": true,
        "Наличие_парковки": true,
        "Расход_энергии_на_дом": 26180,
        "Наличие_спортивного_зала": false,
        "Расстояние_до_центра": 10,
        "Расстояние_до_метро": 8,
        "Расстояние_до_школы": 1
    }
]