[
    {
        "Название": "ЗАО «Доронин»",
        "Адрес": "с. Усть-Ордынский, пер. Чехова, д. 965 стр. 968, 908462",
        "Количество_этажей": 46,
        "Количество_квартир": 322,
        "Год_постройки": "2018",
        "Тип_материала": "железобетон",
        "Площадь_квартиры": 193,
        "Количество_жителей": 66,
        "Наличие_лифта": false,
        "Наличие_охраны": true,
        "Наличие_парковки": false,
        "Расход_энергии_на_дом": 18568,
        "Наличие_спортивного_зала": true,
        "Расстояние_до_центра": 4,
        "Расстояние_до_метро": 7,
        "Расстояние_до_школы": 2
    },
    {
        "Название": "Пахомов Инк",
        "Адрес": "с. Ноглики, пр. Ручейный, д. 37 к. 4, 195586",
        "Количество_этажей": 38,
        "Количество_квартир": 266,
        "Год_постройки": "2014",
        "Тип_материала": "кирпич",
        "Площадь_квартиры": 106,
        "Количество_жителей": 456,
        "Наличие_лифта": true,
        "Наличие_охраны": false,
        "Наличие_парковки": false,
        "Расход_энергии_на_дом": 15708,
        "Наличие_спортивного_зала": false,
        "Расстояние_до_центра": 2,
        "Расстояние_до_метро": 2,
        "Расстояние_до_школы": 2
    },
    {
        "Название": "НПО «Аксенова»",
        "Адрес": "п. Тарко-Сале, наб. Фабричная, д. 1/8 стр. 20, 700795",
        "Количество_этажей": 50,
        "Количество_квартир": 350,
        "Год_постройки": "2008",
        "Тип_материала": "кирпич",
        "Площадь_квартиры": 200,
        "Количество_жителей": 169,
        "Наличие_лифта": true,
        "Наличие_охраны": false,
        "Наличие_парковки": false,
        "Расход_энергии_на_дом": 12043,
        "Наличие_спортивного_зала": true,
        "Расстояние_до_центра": 3,
        "Расстояние_до_метро": 4,
        "Расстояние_до_школы": 2
    },
    {
        "Название": "НПО «Шаров-Максимов»",
        "Адрес": "д. Надым, ш. Дальнее, д. 523 стр. 15, 215719",
        "Количество_этажей": 37,
        "Количество_квартир": 259,
        "Год_постройки": "1976",
        "Тип_материала": "стекло",
        "Площадь_квартиры": 89,
        "Количество_жителей": 135,
        "Наличие_лифта": true,
        "Наличие_охраны": false,
        "Наличие_парковки": true,
        "Расход_энергии_на_дом": 40400,
        "Наличие_спортивного_зала": true,
        "Расстояние_до_центра": 3,
        "Расстояние_до_метро": 10,
        "Расстояние_до_школы": 5
    },
    {
        "Название": "Игнатова Инк",
        "Адрес": "ст. Златоуст, бул. Степана Разина, д. 239, 886477",
        "Количество_этажей": 29,
        "Количество_квартир": 203,
        "Год_постройки": "1981",
        "Тип_материала": "железобетон",
        "Площадь_квартиры": 165,
        "Количество_жителей": 291,
        "Наличие_лифта": true,
        "Наличие_охраны": false,
        "Наличие_парковки": true,
        "Расход_энергии_на_дом": 41717,
        "Наличие_спортивного_зала": true,
        "Расстояние_до_центра": 9,
        "Расстояние_до_метро": 10,
        "Расстояние_до_школы": 5
    },
    {
        "Название": "ИП «Юдин, Бурова и Бирюков»",
        "Адрес": "п. Двинской, наб. Озерная, д. 3, 730739",
        "Количество_этажей": 34,
        "Количество_квартир": 238,
        "Год_постройки": "1986",
        "Тип_материала": "кирпич",
        "Площадь_квартиры": 61,
        "Количество_жителей": 180,
        "Наличие_лифта": true,
        "Наличие_охраны": true,
        "Наличие_парковки": false,
        "Расход_энергии_на_дом": 41546,
        "Наличие_спортивного_зала": false,
        "Расстояние_до_центра": 19,
        "Расстояние_до_метро": 5,
        "Расстояние_до_школы": 2
    },
    {
        "Название": "НПО «Орехов»",
        "Адрес": "г. Черский, ул. Комсомольская, д. 412 к. 861, 034176",
        "Количество_этажей": 21,
        "Количество_квартир": 147,
        "Год_постройки": "1985",
        "Тип_материала": "кирпич",
        "Площадь_квартиры": 80,
        "Количество_жителей": 456,
        "Наличие_лифта": true,
        "Наличие_охраны": false,
        "Наличие_парковки": false,
        "Расход_энергии_на_дом": 37666,
        "Наличие_спортивного_зала": false,
        "Расстояние_до_центра": 5,
        "Расстояние_до_метро": 1,
        "Расстояние_до_школы": 4
    },
    {
        "Название": "ИП «Зайцев-Крылова»",
        "Адрес": "д. Сосьва (Хант.), алл. Приморская, д. 299 стр. 6, 042862",
        "Количество_этажей": 45,
        "Количество_квартир": 315,
        "Год_постройки": "1971",
        "Тип_материала": "железобетон",
        "Площадь_квартиры": 96,
        "Количество_жителей": 109,
        "Наличие_лифта": true,
        "Наличие_охраны": true,
        "Наличие_парковки": true,
        "Расход_энергии_на_дом": 25349,
        "Наличие_спортивного_зала": true,
        "Расстояние_до_центра": 10,
        "Расстояние_до_метро": 8,
        "Расстояние_до_школы": 1
    },
    {
        "Название": "ООО «Рогова Харитонова»",
        "Адрес": "ст. Геленджик, пр. Титова, д. 736 стр. 8/7, 148340",
        "Количество_этажей": 47,
        "Количество_квартир": 329,
        "Год_постройки": "1972",
        "Тип_материала": "железобетон",
        "Площадь_квартиры": 120,
        "Количество_жителей": 313,
        "Наличие_лифта": true,
        "Наличие_охраны": false,
        "Наличие_парковки": false,
        "Расход_энергии_на_дом": 27027,
        "Наличие_спортивного_зала": false,
        "Расстояние_до_центра": 18,
        "Расстояние_до_метро": 7,
        "Расстояние_до_школы": 2
    },
    {
        "Название": "Боброва Инкорпорэйтед",
        "Адрес": "к. Тобольск, пер. 40 лет Победы, д. 818 стр. 9, 503917",
        "Количество_этажей": 25,
        "Количество_квартир": 175,
        "Год_постройки": "1975",
        "Тип_материала": "кирпич",
        "Площадь_квартиры": 138,
        "Количество_жителей": 257,
        "Наличие_лифта": true,
        "Наличие_охраны": true,
        "Наличие_парковки": true,
        "Расход_энергии_на_дом": 44416,
        "Наличие_спортивного_зала": false,
        "Расстояние_до_центра": 7,
        "Расстояние_до_метро": 6,
        "Расстояние_до_школы": 1
    },
    {
        "Название": "ЗАО «Игнатова Носов»",
        "Адрес": "п. Ногинск (Моск.), пер. Лазо, д. 4/1, 391137",
        "Количество_этажей": 41,
        "Количество_квартир": 287,
        "Год_постройки": "2014",
        "Тип_материала": "железобетон",
        "Площадь_квартиры": 138,
        "Количество_жителей": 102,
        "Наличие_лифта": false,
        "Наличие_охраны": true,
        "Наличие_парковки": false,
        "Расход_энергии_на_дом": 31160,
        "Наличие_спортивного_зала": false,
        "Расстояние_до_центра": 5,
        "Расстояние_до_метро": 8,
        "Расстояние_до_школы": 1
    },
    {
        "Название": "ТЭК СПБ",
        "Адрес": "с. Сухиничи, бул. Детский, д. 3 стр. 35, 304042",
        "Количество_этажей": 40,
        "Количество_квартир": 280,
        "Год_постройки": "1977",
        "Тип_материала": "железобетон",
        "Площадь_квартиры": 152,
        "Количество_жителей": 478,
        "Наличие_лифта": true,
        "Наличие_охраны": true,
        "Наличие_парковки": true,
        "Расход_энергии_на_дом": 36325,
        "Наличие_спортивного_зала": true,
        "Расстояние_до_центра": 18,
        "Расстояние_до_метро": 4,
        "Расстояние_до_школы": 3
    },
    {
        "Название": "ИП «Захаров-Филатова»",
        "Адрес": "д. Меренга, наб. Ярославская, д. 13, 456787",
        "Количество_этажей": 32,
        "Количество_квартир": 224,
        "Год_постройки": "2011",
        "Тип_материала": "стекло",
        "Площадь_квартиры": 169,
        "Количество_жителей": 468,
        "Наличие_лифта": true,
        "Наличие_охраны": false,
        "Наличие_парковки": true,
        "Расход_энергии_на_дом": 13889,
        "Наличие_спортивного_зала": false,
        "Расстояние_до_центра": 19,
        "Расстояние_до_метро": 10,
        "Расстояние_до_школы": 5
    },
    {
        "Название": "Роснефть",
        "Адрес": "г. Шатура, ул. Кутузова, д. 3/3, 857378",
        "Количество_этажей": 40,
        "Количество_квартир": 280,
        "Год_постройки": "2003",
        "Тип_материала": "кирпич",
        "Площадь_квартиры": 130,
        "Количество_жителей": 285,
        "Наличие_лифта": true,
        "Наличие_охраны": false,
        "Наличие_парковки": false,
        "Расход_энергии_на_дом": 48289,
        "Наличие_спортивного_зала": true,
        "Расстояние_до_центра": 17,
        "Расстояние_до_метро": 5,
        "Расстояние_до_школы": 2
    },
    {
        "Название": "Интер РАО",
        "Адрес": "ст. Теберда, ул. Дзержинского, д. 3/1 к. 7, 730507",
        "Количество_этажей": 22,
        "Количество_квартир": 154,
        "Год_постройки": "1985",
        "Тип_материала": "железобетон",
        "Площадь_квартиры": 131,
        "Количество_жителей": 444,
        "Наличие_лифта": false,
        "Наличие_охраны": true,
        "Наличие_парковки": true,
        "Расход_энергии_на_дом": 19848,
        "Наличие_спортивного_зала": false,
        "Расстояние_до_центра": 13,
        "Расстояние_до_метро": 1,
        "Расстояние_до_школы": 2
    }
]