[
    {
        "Название": "ООО «Герасимов-Громова»",
        "Адрес": "с. Саратов, пр. Ленинградский, д. 6, 494311",
        "Количество_этажей": 41,
        "Количество_квартир": 287,
        "Год_постройки": "2012",
        "Тип_материала": "стекло",
        "Площадь_квартиры": 177,
        "Количество_жителей": 93,
        "Наличие_лифта": true,
        "Наличие_охраны": true,
        "Наличие_парковки": false,
        "Расход_энергии_на_дом": 29055,
        "Наличие_спортивного_зала": false,
        "Расстояние_до_центра": 14,
        "Расстояние_до_метро": 2,
        "Расстояние_до_школы": 3
    },
    {
        "Название": "ООО «Ефремов-Лобанов»",
        "Адрес": "г. Ижевск, ул. 9 мая, д. 2 стр. 8/6, 434810",
        "Количество_этажей": 20,
        "Количество_квартир": 140,
        "Год_постройки": "1986",
        "Тип_материала": "железобетон",
        "Площадь_квартиры": 68,
        "Количество_жителей": 310,
        "Наличие_лифта": true,
        "Наличие_охраны": true,
        "Наличие_парковки": false,
        "Расход_энергии_на_дом": 39745,
        "Наличие_спортивного_зала": false,
        "Расстояние_до_центра": 20,
        "Расстояние_до_метро": 5,
        "Расстояние_до_школы": 4
    },
    {
        "Название": "ЗАО «Поляков Колобова»",
        "Адрес": "клх Богучар, пр. Беляева, д. 155, 638284",
        "Количество_этажей": 34,
        "Количество_квартир": 238,
        "Год_постройки": "1978",
        "Тип_материала": "стекло",
        "Площадь_квартиры": 199,
        "Количество_жителей": 474,
        "Наличие_лифта": true,
        "Наличие_охраны": false,
        "Наличие_парковки": true,
        "Расход_энергии_на_дом": 18113,
        "Наличие_спортивного_зала": false,
        "Расстояние_до_центра": 18,
        "Расстояние_до_метро": 4,
        "Расстояние_до_школы": 2
    },
    {
        "Название": "Никифоров и партнеры",
        "Адрес": "д. Мирный, ш. 60 лет Октября, д. 1 к. 1/1, 713574",
        "Количество_этажей": 40,
        "Количество_квартир": 280,
        "Год_постройки": "1987",
        "Тип_материала": "стекло",
        "Площадь_квартиры": 142,
        "Количество_жителей": 440,
        "Наличие_лифта": true,
        "Наличие_охраны": false,
        "Наличие_парковки": true,
        "Расход_энергии_на_дом": 41886,
        "Наличие_спортивного_зала": true,
        "Расстояние_до_центра": 19,
        "Расстояние_до_метро": 1,
        "Расстояние_до_школы": 2
    },
    {
        "Название": "ООО «Пахомова Голубева»",
        "Адрес": "клх Батайск, ул. Ростовская, д. 478, 621767",
        "Количество_этажей": 45,
        "Количество_квартир": 315,
        "Год_постройки": "1978",
        "Тип_материала": "кирпич",
        "Площадь_квартиры": 181,
        "Количество_жителей": 68,
        "Наличие_лифта": true,
        "Наличие_охраны": true,
        "Наличие_парковки": false,
        "Расход_энергии_на_дом": 47647,
        "Наличие_спортивного_зала": false,
        "Расстояние_до_центра": 2,
        "Расстояние_до_метро": 4,
        "Расстояние_до_школы": 4
    },
    {
        "Название": "ЗАО «Виноградов-Федоров»",
        "Адрес": "с. Шатура, пер. Портовый, д. 7/8 стр. 172, 701608",
        "Количество_этажей": 26,
        "Количество_квартир": 182,
        "Год_постройки": "2017",
        "Тип_материала": "стекло",
        "Площадь_квартиры": 127,
        "Количество_жителей": 411,
        "Наличие_лифта": false,
        "Наличие_охраны": false,
        "Наличие_парковки": true,
        "Расход_энергии_на_дом": 22834,
        "Наличие_спортивного_зала": false,
        "Расстояние_до_центра": 12,
        "Расстояние_до_метро": 8,
        "Расстояние_до_школы": 2
    },
    {
        "Название": "Брагин Лимитед",
        "Адрес": "г. Шенкурск, алл. Мусы Джалиля, д. 3/2 стр. 486, 743359",
        "Количество_этажей": 24,
        "Количество_квартир": 168,
        "Год_постройки": "1982",
        "Тип_материала": "кирпич",
        "Площадь_квартиры": 170,
        "Количество_жителей": 319,
        "Наличие_лифта": true,
        "Наличие_охраны": true,
        "Наличие_парковки": false,
        "Расход_энергии_на_дом": 42311,
        "Наличие_спортивного_зала": false,
        "Расстояние_до_центра": 6,
        "Расстояние_до_метро": 1,
        "Расстояние_до_школы": 5
    },
    {
        "Название": "РАО «Ларионов Белоусова»",
        "Адрес": "с. Надым, алл. Ленинская, д. 520 стр. 354, 437639",
        "Количество_этажей": 25,
        "Количество_квартир": 175,
        "Год_постройки": "1995",
        "Тип_материала": "стекло",
        "Площадь_квартиры": 104,
        "Количество_жителей": 300,
        "Наличие_лифта": true,
        "Наличие_охраны": true,
        "Наличие_парковки": false,
        "Расход_энергии_на_дом": 41354,
        "Наличие_спортивного_зала": true,
        "Расстояние_до_центра": 19,
        "Расстояние_до_метро": 3,
        "Расстояние_до_школы": 5
    },
    {
        "Название": "АО «Сергеева Панов»",
        "Адрес": "к. Междуреченский, ш. Шмидта, д. 33 стр. 599, 757395",
        "Количество_этажей": 37,
        "Количество_квартир": 259,
        "Год_постройки": "1974",
        "Тип_материала": "стекло",
        "Площадь_квартиры": 73,
        "Количество_жителей": 223,
        "Наличие_лифта": false,
        "Наличие_охраны": true,
        "Наличие_парковки": false,
        "Расход_энергии_на_дом": 43285,
        "Наличие_спортивного_зала": false,
        "Расстояние_до_центра": 10,
        "Расстояние_до_метро": 2,
        "Расстояние_до_школы": 5
    },
    {
        "Название": "РАО «Мухин-Корнилов»",
        "Адрес": "ст. Ессентуки, бул. Седова, д. 9 к. 30, 826283",
        "Количество_этажей": 33,
        "Количество_квартир": 231,
        "Год_постройки": "1972",
        "Тип_материала": "стекло",
        "Площадь_квартиры": 117,
        "Количество_жителей": 228,
        "Наличие_лифта": true,
        "Наличие_охраны": true,
        "Наличие_парковки": false,
        "Расход_энергии_на_дом": 16775,
        "Наличие_спортивного_зала": false,
        "Расстояние_до_центра": 1,
        "Расстояние_до_метро": 2,
        "Расстояние_до_школы": 3
    },
    {
        "Название": "ОАО «Ширяева Самойлова»",
        "Адрес": "к. Мостовской, алл. Коллективная, д. 8 стр. 9/1, 518275",
        "Количество_этажей": 30,
        "Количество_квартир": 210,
        "Год_постройки": "2002",
        "Тип_материала": "железобетон",
        "Площадь_квартиры": 165,
        "Количество_жителей": 248,
        "Наличие_лифта": true,
        "Наличие_охраны": false,
        "Наличие_парковки": false,
        "Расход_энергии_на_дом": 14186,
        "Наличие_спортивного_зала": false,
        "Расстояние_до_центра": 4,
        "Расстояние_до_метро": 10,
        "Расстояние_до_школы": 5
    },
    {
        "Название": "НПО «Марков-Овчинников»",
        "Адрес": "д. Можга, бул. Пугачева, д. 96 к. 5, 189444",
        "Количество_этажей": 45,
        "Количество_квартир": 315,
        "Год_постройки": "2006",
        "Тип_материала": "железобетон",
        "Площадь_квартиры": 143,
        "Количество_жителей": 258,
        "Наличие_лифта": false,
        "Наличие_охраны": true,
        "Наличие_парковки": false,
        "Расход_энергии_на_дом": 48910,
        "Наличие_спортивного_зала": true,
        "Расстояние_до_центра": 3,
        "Расстояние_до_метро": 4,
        "Расстояние_до_школы": 1
    },
    {
        "Название": "ЗАО «Галкина-Пономарева»",
        "Адрес": "п. Балашов, бул. Полярный, д. 87 к. 63, 097737",
        "Количество_этажей": 31,
        "Количество_квартир": 217,
        "Год_постройки": "2001",
        "Тип_материала": "стекло",
        "Площадь_квартиры": 188,
        "Количество_жителей": 242,
        "Наличие_лифта": true,
        "Наличие_охраны": false,
        "Наличие_парковки": false,
        "Расход_энергии_на_дом": 18069,
        "Наличие_спортивного_зала": false,
        "Расстояние_до_центра": 20,
        "Расстояние_до_метро": 8,
        "Расстояние_до_школы": 1
    },
    {
        "Название": "ООО «Орлов, Сорокина и Игнатьева»",
        "Адрес": "п. Тулун, пр. Покровский, д. 42, 690376",
        "Количество_этажей": 50,
        "Количество_квартир": 350,
        "Год_постройки": "1989",
        "Тип_материала": "стекло",
        "Площадь_квартиры": 116,
        "Количество_жителей": 240,
        "Наличие_лифта": true,
        "Наличие_охраны": true,
        "Наличие_парковки": false,
        "Расход_энергии_на_дом": 19537,
        "Наличие_спортивного_зала": false,
        "Расстояние_до_центра": 19,
        "Расстояние_до_метро": 2,
        "Расстояние_до_школы": 2
    },
    {
        "Название": "АО «Гурьева»",
        "Адрес": "к. Рубцовск, пр. Димитрова, д. 62 стр. 2/4, 507071",
        "Количество_этажей": 21,
        "Количество_квартир": 147,
        "Год_постройки": "1998",
        "Тип_материала": "железобетон",
        "Площадь_квартиры": 119,
        "Количество_жителей": 351,
        "Наличие_лифта": true,
        "Наличие_охраны": false,
        "Наличие_парковки": false,
        "Расход_энергии_на_дом": 37164,
        "Наличие_спортивного_зала": false,
        "Расстояние_до_центра": 13,
        "Расстояние_до_метро": 9,
        "Расстояние_до_школы": 4
    }
]