[
    {
        "Название": "ОАО «Лазарев»",
        "Адрес": "п. Куртамыш, ул. Киевская, д. 1/9 стр. 947, 990877",
        "Количество_этажей": 21,
        "Количество_квартир": 147,
        "Год_постройки": "2013",
        "Тип_материала": "железобетон",
        "Площадь_квартиры": 164,
        "Количество_жителей": 165,
        "Наличие_лифта": true,
        "Наличие_охраны": true,
        "Наличие_парковки": true,
        "Расход_энергии_на_дом": 41970,
        "Наличие_спортивного_зала": false,
        "Расстояние_до_центра": 7,
        "Расстояние_до_метро": 2,
        "Расстояние_до_школы": 1
    },
    {
        "Название": "ЗАО «Шашков Лихачева»",
        "Адрес": "п. Таштагол, пер. Владимирский, д. 7/3 стр. 84, 808074",
        "Количество_этажей": 27,
        "Количество_квартир": 189,
        "Год_постройки": "1981",
        "Тип_материала": "стекло",
        "Площадь_квартиры": 176,
        "Количество_жителей": 207,
        "Наличие_лифта": false,
        "Наличие_охраны": false,
        "Наличие_парковки": false,
        "Расход_энергии_на_дом": 16962,
        "Наличие_спортивного_зала": true,
        "Расстояние_до_центра": 20,
        "Расстояние_до_метро": 6,
        "Расстояние_до_школы": 2
    },
    {
        "Название": "Бурова Инк",
        "Адрес": "к. Майкоп, алл. Первомайская, д. 740 стр. 345, 081647",
        "Количество_этажей": 34,
        "Количество_квартир": 238,
        "Год_постройки": "2014",
        "Тип_материала": "железобетон",
        "Площадь_квартиры": 154,
        "Количество_жителей": 349,
        "Наличие_лифта": true,
        "Наличие_охраны": true,
        "Наличие_парковки": false,
        "Расход_энергии_на_дом": 20194,
        "Наличие_спортивного_зала": false,
        "Расстояние_до_центра": 3,
        "Расстояние_до_метро": 7,
        "Расстояние_до_школы": 3
    },
    {
        "Название": "АО «Анисимов»",
        "Адрес": "к. Билибино, ул. Добролюбова, д. 9/2 к. 84, 043608",
        "Количество_этажей": 24,
        "Количество_квартир": 168,
        "Год_постройки": "2000",
        "Тип_материала": "кирпич",
        "Площадь_квартиры": 117,
        "Количество_жителей": 408,
        "Наличие_лифта": true,
        "Наличие_охраны": true,
        "Наличие_парковки": false,
        "Расход_энергии_на_дом": 38680,
        "Наличие_спортивного_зала": false,
        "Расстояние_до_центра": 4,
        "Расстояние_до_метро": 10,
        "Расстояние_до_школы": 4
    },
    {
        "Название": "Терентьев Лимитед",
        "Адрес": "с. Красногорск (Моск.), пр. Луначарского, д. 2 стр. 1, 948353",
        "Количество_этажей": 44,
        "Количество_квартир": 308,
        "Год_постройки": "2008",
        "Тип_материала": "железобетон",
        "Площадь_квартиры": 63,
        "Количество_жителей": 434,
        "Наличие_лифта": true,
        "Наличие_охраны": true,
        "Наличие_парковки": true,
        "Расход_энергии_на_дом": 35664,
        "Наличие_спортивного_зала": false,
        "Расстояние_до_центра": 12,
        "Расстояние_до_метро": 6,
        "Расстояние_до_школы": 2
    },
    {
        "Название": "Эппл Рус (Apple)",
        "Адрес": "с. Каменск-Уральский, пр. Николаева, д. 8, 600850",
        "Количество_этажей": 46,
        "Количество_квартир": 322,
        "Год_постройки": "1983",
        "Тип_материала": "кирпич",
        "Площадь_квартиры": 173,
        "Количество_жителей": 262,
        "Наличие_лифта": false,
        "Наличие_охраны": false,
        "Наличие_парковки": false,
        "Расход_энергии_на_дом": 35007,
        "Наличие_спортивного_зала": false,
        "Расстояние_до_центра": 11,
        "Расстояние_до_метро": 7,
        "Расстояние_до_школы": 2
    },
    {
        "Название": "Ренессанс Кредит",
        "Адрес": "клх Руза, алл. Новосельская, д. 2/7 к. 1/5, 404951",
        "Количество_этажей": 34,
        "Количество_квартир": 238,
        "Год_постройки": "2013",
        "Тип_материала": "стекло",
        "Площадь_квартиры": 146,
        "Количество_жителей": 415,
        "Наличие_лифта": true,
        "Наличие_охраны": true,
        "Наличие_парковки": true,
        "Расход_энергии_на_дом": 13882,
        "Наличие_спортивного_зала": true,
        "Расстояние_до_центра": 4,
        "Расстояние_до_метро": 4,
        "Расстояние_до_школы": 4
    },
    {
        "Название": "ИП «Мясникова, Кузнецова и Морозова»",
        "Адрес": "п. Палана, ул. Чернышевского, д. 67 стр. 500, 886994",
        "Количество_этажей": 45,
        "Количество_квартир": 315,
        "Год_постройки": "1975",
        "Тип_материала": "стекло",
        "Площадь_квартиры": 143,
        "Количество_жителей": 373,
        "Наличие_лифта": true,
        "Наличие_охраны": true,
        "Наличие_парковки": false,
        "Расход_энергии_на_дом": 34790,
        "Наличие_спортивного_зала": true,
        "Расстояние_до_центра": 4,
        "Расстояние_до_метро": 5,
        "Расстояние_до_школы": 4
    },
    {
        "Название": "ПСК",
        "Адрес": "п. Чебаркуль, ш. Привокзальное, д. 2 стр. 827, 520269",
        "Количество_этажей": 20,
        "Количество_квартир": 140,
        "Год_постройки": "1972",
        "Тип_материала": "кирпич",
        "Площадь_квартиры": 58,
        "Количество_жителей": 65,
        "Наличие_лифта": true,
        "Наличие_охраны": true,
        "Наличие_парковки": true,
        "Расход_энергии_на_дом": 41615,
        "Наличие_спортивного_зала": false,
        "Расстояние_до_центра": 8,
        "Расстояние_до_метро": 10,
        "Расстояние_до_школы": 2
    },
    {
        "Название": "ООО «Голубев»",
        "Адрес": "п. Кудымкар, ш. Южное, д. 995 к. 2/5, 715976",
        "Количество_этажей": 27,
        "Количество_квартир": 189,
        "Год_постройки": "1998",
        "Тип_материала": "кирпич",
        "Площадь_квартиры": 178,
        "Количество_жителей": 173,
        "Наличие_лифта": true,
        "Наличие_охраны": true,
        "Наличие_парковки": false,
        "Расход_энергии_на_дом": 15721,
        "Наличие_спортивного_зала": false,
        "Расстояние_до_центра": 10,
        "Расстояние_до_метро": 10,
        "Расстояние_до_школы": 1
    },
    {
        "Название": "ИП «Жданова-Мухина»",
        "Адрес": "п. Шумиха, наб. Овражная, д. 1/3 стр. 428, 391589",
        "Количество_этажей": 35,
        "Количество_квартир": 245,
        "Год_постройки": "2002",
        "Тип_материала": "железобетон",
        "Площадь_квартиры": 109,
        "Количество_жителей": 278,
        "Наличие_лифта": true,
        "Наличие_охраны": true,
        "Наличие_парковки": true,
        "Расход_энергии_на_дом": 11400,
        "Наличие_спортивного_зала": false,
        "Расстояние_до_центра": 10,
        "Расстояние_до_метро": 9,
        "Расстояние_до_школы": 1
    },
    {
        "Название": "ОАО «Цветков Рожкова»",
        "Адрес": "г. Черемхово, наб. Есенина, д. 5/3 стр. 2/8, 457722",
        "Количество_этажей": 33,
        "Количество_квартир": 231,
        "Год_постройки": "2017",
        "Тип_материала": "кирпич",
        "Площадь_квартиры": 193,
        "Количество_жителей": 103,
        "Наличие_лифта": true,
        "Наличие_охраны": true,
        "Наличие_парковки": false,
        "Расход_энергии_на_дом": 17460,
        "Наличие_спортивного_зала": true,
        "Расстояние_до_центра": 17,
        "Расстояние_до_метро": 4,
        "Расстояние_до_школы": 3
    },
    {
        "Название": "Камский кабель",
        "Адрес": "ст. Находка, наб. Терешковой, д. 9/1 стр. 128, 492138",
        "Количество_этажей": 25,
        "Количество_квартир": 175,
        "Год_постройки": "1995",
        "Тип_материала": "железобетон",
        "Площадь_квартиры": 53,
        "Количество_жителей": 408,
        "Наличие_лифта": true,
        "Наличие_охраны": false,
        "Наличие_парковки": false,
        "Расход_энергии_на_дом": 10539,
        "Наличие_спортивного_зала": false,
        "Расстояние_до_центра": 16,
        "Расстояние_до_метро": 5,
        "Расстояние_до_школы": 3
    },
    {
        "Название": "Игнатьева Инк",
        "Адрес": "п. Ейск, наб. Красноармейская, д. 2/5 к. 6/9, 507714",
        "Количество_этажей": 25,
        "Количество_квартир": 175,
        "Год_постройки": "1976",
        "Тип_материала": "кирпич",
        "Площадь_квартиры": 70,
        "Количество_жителей": 210,
        "Наличие_лифта": true,
        "Наличие_охраны": true,
        "Наличие_парковки": false,
        "Расход_энергии_на_дом": 12208,
        "Наличие_спортивного_зала": false,
        "Расстояние_до_центра": 17,
        "Расстояние_до_метро": 6,
        "Расстояние_до_школы": 5
    },
    {
        "Название": "АО «Семенова, Титова и Якушева»",
        "Адрес": "к. Ростов-на-Дону, ул. Детская, д. 6/6, 748325",
        "Количество_этажей": 33,
        "Количество_квартир": 231,
        "Год_постройки": "1996",
        "Тип_материала": "кирпич",
        "Площадь_квартиры": 125,
        "Количество_жителей": 173,
        "Наличие_лифта": true,
        "Наличие_охраны": true,
        "Наличие_парковки": true,
        "Расход_энергии_на_дом": 11019,
        "Наличие_спортивного_зала": false,
        "Расстояние_до_центра": 10,
        "Расстояние_до_метро": 8,
        "Расстояние_до_школы": 2
    }
]