[
    {
        "Название": "НПО «Лобанова-Зимина»",
        "Адрес": "г. Пятигорск, наб. Школьная, д. 6, 163899",
        "Количество_этажей": 50,
        "Количество_квартир": 350,
        "Год_постройки": "1971",
        "Тип_материала": "стекло",
        "Площадь_квартиры": 180,
        "Количество_жителей": 347,
        "Наличие_лифта": false,
        "Наличие_охраны": true,
        "Наличие_парковки": true,
        "Расход_энергии_на_дом": 47201,
        "Наличие_спортивного_зала": false,
        "Расстояние_до_центра": 9,
        "Расстояние_до_метро": 7,
        "Расстояние_до_школы": 3
    },
    {
        "Название": "РАО «Тарасова-Титов»",
        "Адрес": "д. Ессентуки, алл. Владимирская, д. 5/2, 025616",
        "Количество_этажей": 37,
        "Количество_квартир": 259,
        "Год_постройки": "2017",
        "Тип_материала": "стекло",
        "Площадь_квартиры": 65,
        "Количество_жителей": 278,
        "Наличие_лифта": true,
        "Наличие_охраны": false,
        "Наличие_парковки": true,
        "Расход_энергии_на_дом": 42872,
        "Наличие_спортивного_зала": false,
        "Расстояние_до_центра": 5,
        "Расстояние_до_метро": 6,
        "Расстояние_до_школы": 5
    },
    {
        "Название": "ЗАО «Федосеев Федотов»",
        "Адрес": "п. Томари, алл. Ставропольская, д. 18 к. 444, 983908",
        "Количество_этажей": 33,
        "Количество_квартир": 231,
        "Год_постройки": "1974",
        "Тип_материала": "железобетон",
        "Площадь_квартиры": 140,
        "Количество_жителей": 472,
        "Наличие_лифта": true,
        "Наличие_охраны": false,
        "Наличие_парковки": true,
        "Расход_энергии_на_дом": 18970,
        "Наличие_спортивного_зала": false,
        "Расстояние_до_центра": 9,
        "Расстояние_до_метро": 1,
        "Расстояние_до_школы": 3
    },
    {
        "Название": "Тихонов Инк",
        "Адрес": "г. Новомичуринск, бул. Короткий, д. 1, 254216",
        "Количество_этажей": 38,
        "Количество_квартир": 266,
        "Год_постройки": "2022",
        "Тип_материала": "железобетон",
        "Площадь_квартиры": 77,
        "Количество_жителей": 359,
        "Наличие_лифта": false,
        "Наличие_охраны": true,
        "Наличие_парковки": true,
        "Расход_энергии_на_дом": 16936,
        "Наличие_спортивного_зала": false,
        "Расстояние_до_центра": 17,
        "Расстояние_до_метро": 6,
        "Расстояние_до_школы": 1
    },
    {
        "Название": "ЗАО «Брагин-Симонов»",
        "Адрес": "ст. Екатеринбург, бул. Геологов, д. 260 к. 8/2, 458365",
        "Количество_этажей": 35,
        "Количество_квартир": 245,
        "Год_постройки": "2006",
        "Тип_материала": "железобетон",
        "Площадь_квартиры": 79,
        "Количество_жителей": 97,
        "Наличие_лифта": true,
        "Наличие_охраны": true,
        "Наличие_парковки": true,
        "Расход_энергии_на_дом": 22585,
        "Наличие_спортивного_зала": false,
        "Расстояние_до_центра": 3,
        "Расстояние_до_метро": 9,
        "Расстояние_до_школы": 1
    },
    {
        "Название": "Федотова Лимитед",
        "Адрес": "п. Поярково, ш. Рябиновое, д. 77, 518442",
        "Количество_этажей": 25,
        "Количество_квартир": 175,
        "Год_постройки": "1974",
        "Тип_материала": "кирпич",
        "Площадь_квартиры": 108,
        "Количество_жителей": 76,
        "Наличие_лифта": false,
        "Наличие_охраны": true,
        "Наличие_парковки": false,
        "Расход_энергии_на_дом": 18662,
        "Наличие_спортивного_зала": false,
        "Расстояние_до_центра": 1,
        "Расстояние_до_метро": 2,
        "Расстояние_до_школы": 3
    },
    {
        "Название": "АО «Блохин, Исаков и Кондратьева»",
        "Адрес": "к. Вилюйск, пер. Рабочий, д. 8 стр. 91, 687487",
        "Количество_этажей": 24,
        "Количество_квартир": 168,
        "Год_постройки": "1998",
        "Тип_материала": "железобетон",
        "Площадь_квартиры": 120,
        "Количество_жителей": 379,
        "Наличие_лифта": true,
        "Наличие_охраны": true,
        "Наличие_парковки": false,
        "Расход_энергии_на_дом": 21718,
        "Наличие_спортивного_зала": false,
        "Расстояние_до_центра": 2,
        "Расстояние_до_метро": 8,
        "Расстояние_до_школы": 1
    },
    {
        "Название": "ОАО «Виноградов»",
        "Адрес": "ст. Тотьма, ш. Совхозное, д. 70, 421287",
        "Количество_этажей": 41,
        "Количество_квартир": 287,
        "Год_постройки": "2017",
        "Тип_материала": "кирпич",
        "Площадь_квартиры": 181,
        "Количество_жителей": 115,
        "Наличие_лифта": true,
        "Наличие_охраны": true,
        "Наличие_парковки": true,
        "Расход_энергии_на_дом": 36509,
        "Наличие_спортивного_зала": true,
        "Расстояние_до_центра": 3,
        "Расстояние_до_метро": 5,
        "Расстояние_до_школы": 4
    },
    {
        "Название": "Рулог (Havi)",
        "Адрес": "п. Серафимович, ш. Циолковского, д. 4 к. 177, 332607",
        "Количество_этажей": 20,
        "Количество_квартир": 140,
        "Год_постройки": "2022",
        "Тип_материала": "кирпич",
        "Площадь_квартиры": 162,
        "Количество_жителей": 468,
        "Наличие_лифта": false,
        "Наличие_охраны": true,
        "Наличие_парковки": true,
        "Расход_энергии_на_дом": 39661,
        "Наличие_спортивного_зала": true,
        "Расстояние_до_центра": 19,
        "Расстояние_до_метро": 10,
        "Расстояние_до_школы": 4
    },
    {
        "Название": "Уварова Лтд",
        "Адрес": "д. Химки, пр. Л.Толстого, д. 46, 110130",
        "Количество_этажей": 23,
        "Количество_квартир": 161,
        "Год_постройки": "1996",
        "Тип_материала": "кирпич",
        "Площадь_квартиры": 126,
        "Количество_жителей": 216,
        "Наличие_лифта": true,
        "Наличие_охраны": true,
        "Наличие_парковки": true,
        "Расход_энергии_на_дом": 34527,
        "Наличие_спортивного_зала": true,
        "Расстояние_до_центра": 5,
        "Расстояние_до_метро": 4,
        "Расстояние_до_школы": 1
    },
    {
        "Название": "Уралкалий",
        "Адрес": "д. Уренгой, пер. 70 лет Октября, д. 6/5 стр. 684, 503239",
        "Количество_этажей": 45,
        "Количество_квартир": 315,
        "Год_постройки": "1986",
        "Тип_материала": "железобетон",
        "Площадь_квартиры": 73,
        "Количество_жителей": 72,
        "Наличие_лифта": true,
        "Наличие_охраны": true,
        "Наличие_парковки": false,
        "Расход_энергии_на_дом": 21337,
        "Наличие_спортивного_зала": true,
        "Расстояние_до_центра": 20,
        "Расстояние_до_метро": 10,
        "Расстояние_до_школы": 1
    },
    {
        "Название": "ООО «Смирнов, Борисов и Никонова»",
        "Адрес": "п. Салехард, алл. Техническая, д. 12 к. 682, 907131",
        "Количество_этажей": 29,
        "Количество_квартир": 203,
        "Год_постройки": "2016",
        "Тип_материала": "кирпич",
        "Площадь_квартиры": 95,
        "Количество_жителей": 418,
        "Наличие_лифта": false,
        "Наличие_охраны": true,
        "Наличие_парковки": false,
        "Расход_энергии_на_дом": 46215,
        "Наличие_спортивного_зала": false,
        "Расстояние_до_центра": 2,
        "Расстояние_до_метро": 6,
        "Расстояние_до_школы": 5
    },
    {
        "Название": "Рыбакова Лтд",
        "Адрес": "с. Чокурдах, наб. Короленко, д. 58 стр. 491, 097707",
        "Количество_этажей": 31,
        "Количество_квартир": 217,
        "Год_постройки": "1986",
        "Тип_материала": "кирпич",
        "Площадь_квартиры": 70,
        "Количество_жителей": 325,
        "Наличие_лифта": true,
        "Наличие_охраны": false,
        "Наличие_парковки": false,
        "Расход_энергии_на_дом": 23039,
        "Наличие_спортивного_зала": false,
        "Расстояние_до_центра": 19,
        "Расстояние_до_метро": 2,
        "Расстояние_до_школы": 2
    },
    {
        "Название": "НПО «Наумова»",
        "Адрес": "д. Славянск-на-Кубани, бул. З.Космодемьянской, д. 300 стр. 506, 732848",
        "Количество_этажей": 36,
        "Количество_квартир": 252,
        "Год_постройки": "1978",
        "Тип_материала": "железобетон",
        "Площадь_квартиры": 154,
        "Количество_жителей": 422,
        "Наличие_лифта": true,
        "Наличие_охраны": true,
        "Наличие_парковки": false,
        "Расход_энергии_на_дом": 11450,
        "Наличие_спортивного_зала": true,
        "Расстояние_до_центра": 16,
        "Расстояние_до_метро": 7,
        "Расстояние_до_школы": 5
    },
    {
        "Название": "ООО «Моисеева Трофимова»",
        "Адрес": "к. Тула, пр. Иванова, д. 947 стр. 940, 598584",
        "Количество_этажей": 38,
        "Количество_квартир": 266,
        "Год_постройки": "2007",
        "Тип_материала": "кирпич",
        "Площадь_квартиры": 134,
        "Количество_жителей": 459,
        "Наличие_лифта": true,
        "Наличие_охраны": false,
        "Наличие_парковки": true,
        "Расход_энергии_на_дом": 16666,
        "Наличие_спортивного_зала": true,
        "Расстояние_до_центра": 9,
        "Расстояние_до_метро": 8,
        "Расстояние_до_школы": 1
    }
]