[
    {
        "Название": "НПО «Рябова-Коновалова»",
        "Адрес": "ст. Карталы, алл. Химиков, д. 633 к. 8, 651567",
        "Количество_этажей": 36,
        "Количество_квартир": 252,
        "Год_постройки": "2022",
        "Тип_материала": "кирпич",
        "Площадь_квартиры": 64,
        "Количество_жителей": 178,
        "Наличие_лифта": true,
        "Наличие_охраны": true,
        "Наличие_парковки": true,
        "Расход_энергии_на_дом": 15393,
        "Наличие_спортивного_зала": false,
        "Расстояние_до_центра": 7,
        "Расстояние_до_метро": 4,
        "Расстояние_до_школы": 5
    },
    {
        "Название": "РАО «Герасимова, Панфилов и Медведев»",
        "Адрес": "клх Поронайск, наб. Мельничная, д. 3/6, 522610",
        "Количество_этажей": 38,
        "Количество_квартир": 266,
        "Год_постройки": "2011",
        "Тип_материала": "кирпич",
        "Площадь_квартиры": 145,
        "Количество_жителей": 87,
        "Наличие_лифта": true,
        "Наличие_охраны": true,
        "Наличие_парковки": true,
        "Расход_энергии_на_дом": 13660,
        "Наличие_спортивного_зала": false,
        "Расстояние_до_центра": 9,
        "Расстояние_до_метро": 9,
        "Расстояние_до_школы": 1
    },
    {
        "Название": "НПО «Колесникова»",
        "Адрес": "к. Тикси, алл. Высоковольтная, д. 1/2 к. 29, 803015",
        "Количество_этажей": 24,
        "Количество_квартир": 168,
        "Год_постройки": "1995",
        "Тип_материала": "стекло",
        "Площадь_квартиры": 181,
        "Количество_жителей": 414,
        "Наличие_лифта": true,
        "Наличие_охраны": true,
        "Наличие_парковки": true,
        "Расход_энергии_на_дом": 18204,
        "Наличие_спортивного_зала": true,
        "Расстояние_до_центра": 17,
        "Расстояние_до_метро": 5,
        "Расстояние_до_школы": 4
    },
    {
        "Название": "РАО «Зуева Белов»",
        "Адрес": "п. Ирбит, бул. Добролюбова, д. 4/7 стр. 1, 094758",
        "Количество_этажей": 49,
        "Количество_квартир": 343,
        "Год_постройки": "1993",
        "Тип_материала": "кирпич",
        "Площадь_квартиры": 74,
        "Количество_жителей": 352,
        "Наличие_лифта": true,
        "Наличие_охраны": true,
        "Наличие_парковки": true,
        "Расход_энергии_на_дом": 24876,
        "Наличие_спортивного_зала": false,
        "Расстояние_до_центра": 12,
        "Расстояние_до_метро": 5,
        "Расстояние_до_школы": 3
    },
    {
        "Название": "УГС",
        "Адрес": "д. Тикси, ш. 9 мая, д. 9 к. 172, 143114",
        "Количество_этажей": 44,
        "Количество_квартир": 308,
        "Год_постройки": "2012",
        "Тип_материала": "железобетон",
        "Площадь_квартиры": 85,
        "Количество_жителей": 312,
        "Наличие_лифта": false,
        "Наличие_охраны": false,
        "Наличие_парковки": true,
        "Расход_энергии_на_дом": 42191,
        "Наличие_спортивного_зала": false,
        "Расстояние_до_центра": 9,
        "Расстояние_до_метро": 1,
        "Расстояние_до_школы": 5
    },
    {
        "Название": "РАО «Копылов Маслова»",
        "Адрес": "ст. Балашиха, пер. Мира, д. 830, 074636",
        "Количество_этажей": 25,
        "Количество_квартир": 175,
        "Год_постройки": "1999",
        "Тип_материала": "стекло",
        "Площадь_квартиры": 171,
        "Количество_жителей": 284,
        "Наличие_лифта": false,
        "Наличие_охраны": false,
        "Наличие_парковки": false,
        "Расход_энергии_на_дом": 26945,
        "Наличие_спортивного_зала": true,
        "Расстояние_до_центра": 15,
        "Расстояние_до_метро": 9,
        "Расстояние_до_школы": 2
    },
    {
        "Название": "ИП «Большаков»",
        "Адрес": "п. Белореченск, бул. Дорожников, д. 78 стр. 8, 286993",
        "Количество_этажей": 50,
        "Количество_квартир": 350,
        "Год_постройки": "2023",
        "Тип_материала": "кирпич",
        "Площадь_квартиры": 141,
        "Количество_жителей": 87,
        "Наличие_лифта": true,
        "Наличие_охраны": false,
        "Наличие_парковки": false,
        "Расход_энергии_на_дом": 31447,
        "Наличие_спортивного_зала": false,
        "Расстояние_до_центра": 2,
        "Расстояние_до_метро": 4,
        "Расстояние_до_школы": 4
    },
    {
        "Название": "РАО «Костин-Корнилова»",
        "Адрес": "с. Дубна, пер. Белинского, д. 84, 905753",
        "Количество_этажей": 35,
        "Количество_квартир": 245,
        "Год_постройки": "1975",
        "Тип_материала": "железобетон",
        "Площадь_квартиры": 54,
        "Количество_жителей": 229,
        "Наличие_лифта": true,
        "Наличие_охраны": true,
        "Наличие_парковки": true,
        "Расход_энергии_на_дом": 20142,
        "Наличие_спортивного_зала": false,
        "Расстояние_до_центра": 2,
        "Расстояние_до_метро": 6,
        "Расстояние_до_школы": 1
    },
    {
        "Название": "ОАО «Константинова, Гуляева и Федотова»",
        "Адрес": "п. Анапа, ш. Победы, д. 95, 213909",
        "Количество_этажей": 35,
        "Количество_квартир": 245,
        "Год_постройки": "2001",
        "Тип_материала": "железобетон",
        "Площадь_квартиры": 194,
        "Количество_жителей": 251,
        "Наличие_лифта": false,
        "Наличие_охраны": false,
        "Наличие_парковки": false,
        "Расход_энергии_на_дом": 39541,
        "Наличие_спортивного_зала": false,
        "Расстояние_до_центра": 18,
        "Расстояние_до_метро": 9,
        "Расстояние_до_школы": 1
    },
    {
        "Название": "НПО «Кулагина»",
        "Адрес": "с. Шадринск, наб. Кутузова, д. 5 стр. 5, 152440",
        "Количество_этажей": 41,
        "Количество_квартир": 287,
        "Год_постройки": "1979",
        "Тип_материала": "стекло",
        "Площадь_квартиры": 54,
        "Количество_жителей": 138,
        "Наличие_лифта": true,
        "Наличие_охраны": true,
        "Наличие_парковки": false,
        "Расход_энергии_на_дом": 20694,
        "Наличие_спортивного_зала": false,
        "Расстояние_до_центра": 17,
        "Расстояние_до_метро": 2,
        "Расстояние_до_школы": 5
    },
    {
        "Название": "РАО «Егорова Шашков»",
        "Адрес": "клх Сковородино, наб. Курчатова, д. 2/7 к. 9/1, 499553",
        "Количество_этажей": 31,
        "Количество_квартир": 217,
        "Год_постройки": "1986",
        "Тип_материала": "железобетон",
        "Площадь_квартиры": 105,
        "Количество_жителей": 190,
        "Наличие_лифта": true,
        "Наличие_охраны": true,
        "Наличие_парковки": true,
        "Расход_энергии_на_дом": 31804,
        "Наличие_спортивного_зала": false,
        "Расстояние_до_центра": 4,
        "Расстояние_до_метро": 5,
        "Расстояние_до_школы": 5
    },
    {
        "Название": "ОАО «Кулакова Лаврентьев»",
        "Адрес": "с. Канск, ш. Приозерное, д. 692 к. 37, 367065",
        "Количество_этажей": 23,
        "Количество_квартир": 161,
        "Год_постройки": "2005",
        "Тип_материала": "железобетон",
        "Площадь_квартиры": 140,
        "Количество_жителей": 421,
        "Наличие_лифта": false,
        "Наличие_охраны": false,
        "Наличие_парковки": false,
        "Расход_энергии_на_дом": 46915,
        "Наличие_спортивного_зала": false,
        "Расстояние_до_центра": 10,
        "Расстояние_до_метро": 5,
        "Расстояние_до_школы": 3
    },
    {
        "Название": "РАО «Фомичева»",
        "Адрес": "с. Тырныауз, алл. Учительская, д. 9/1 к. 471, 713361",
        "Количество_этажей": 32,
        "Количество_квартир": 224,
        "Год_постройки": "1974",
        "Тип_материала": "кирпич",
        "Площадь_квартиры": 160,
        "Количество_жителей": 435,
        "Наличие_лифта": false,
        "Наличие_охраны": true,
        "Наличие_парковки": true,
        "Расход_энергии_на_дом": 25534,
        "Наличие_спортивного_зала": false,
        "Расстояние_до_центра": 20,
        "Расстояние_до_метро": 4,
        "Расстояние_до_школы": 2
    },
    {
        "Название": "ОАО «Комаров»",
        "Адрес": "д. Богучар, наб. Инженерная, д. 62 к. 8, 383938",
        "Количество_этажей": 50,
        "Количество_квартир": 350,
        "Год_постройки": "2016",
        "Тип_материала": "кирпич",
        "Площадь_квартиры": 134,
        "Количество_жителей": 375,
        "Наличие_лифта": true,
        "Наличие_охраны": true,
        "Наличие_парковки": false,
        "Расход_энергии_на_дом": 19213,
        "Наличие_спортивного_зала": false,
        "Расстояние_до_центра": 3,
        "Расстояние_до_метро": 7,
        "Расстояние_до_школы": 2
    },
    {
        "Название": "ОАО «Никонова Сидоров»",
        "Адрес": "к. Буденновск, пер. Путевой, д. 2/7, 069317",
        "Количество_этажей": 32,
        "Количество_квартир": 224,
        "Год_постройки": "2018",
        "Тип_материала": "стекло",
        "Площадь_квартиры": 156,
        "Количество_жителей": 479,
        "Наличие_лифта": true,
        "Наличие_охраны": true,
        "Наличие_парковки": false,
        "Расход_энергии_на_дом": 17809,
        "Наличие_спортивного_зала": true,
        "Расстояние_до_центра": 4,
        "Расстояние_до_метро": 10,
        "Расстояние_до_школы": 1
    }
]