[
    {
        "Название": "НПО «Николаев-Жданов»",
        "Адрес": "ст. Челюскин, ул. Заовражная, д. 1/2, 617151",
        "Количество_этажей": 44,
        "Количество_квартир": 308,
        "Год_постройки": "1997",
        "Тип_материала": "железобетон",
        "Площадь_квартиры": 158,
        "Количество_жителей": 183,
        "Наличие_лифта": false,
        "Наличие_охраны": false,
        "Наличие_парковки": false,
        "Расход_энергии_на_дом": 16701,
        "Наличие_спортивного_зала": false,
        "Расстояние_до_центра": 11,
        "Расстояние_до_метро": 9,
        "Расстояние_до_школы": 5
    },
    {
        "Название": "Национальная компьютерная корпорация",
        "Адрес": "к. Королев, ш. Вольное, д. 6, 024615",
        "Количество_этажей": 21,
        "Количество_квартир": 147,
        "Год_постройки": "1993",
        "Тип_материала": "кирпич",
        "Площадь_квартиры": 64,
        "Количество_жителей": 187,
        "Наличие_лифта": true,
        "Наличие_охраны": true,
        "Наличие_парковки": false,
        "Расход_энергии_на_дом": 33289,
        "Наличие_спортивного_зала": true,
        "Расстояние_до_центра": 19,
        "Расстояние_до_метро": 1,
        "Расстояние_до_школы": 2
    },
    {
        "Название": "АО «Гусев, Богданов и Рогова»",
        "Адрес": "п. Красногорск (Моск.), наб. Геологов, д. 2 стр. 2/1, 587833",
        "Количество_этажей": 47,
        "Количество_квартир": 329,
        "Год_постройки": "2010",
        "Тип_материала": "кирпич",
        "Площадь_квартиры": 199,
        "Количество_жителей": 120,
        "Наличие_лифта": false,
        "Наличие_охраны": true,
        "Наличие_парковки": true,
        "Расход_энергии_на_дом": 27589,
        "Наличие_спортивного_зала": false,
        "Расстояние_до_центра": 17,
        "Расстояние_до_метро": 7,
        "Расстояние_до_школы": 3
    },
    {
        "Название": "АО «Игнатьева»",
        "Адрес": "г. Ржев, ул. Тополиная, д. 5/8 к. 9/6, 493314",
        "Количество_этажей": 29,
        "Количество_квартир": 203,
        "Год_постройки": "2023",
        "Тип_материала": "кирпич",
        "Площадь_квартиры": 138,
        "Количество_жителей": 150,
        "Наличие_лифта": true,
        "Наличие_охраны": false,
        "Наличие_парковки": false,
        "Расход_энергии_на_дом": 15897,
        "Наличие_спортивного_зала": false,
        "Расстояние_до_центра": 17,
        "Расстояние_до_метро": 7,
        "Расстояние_до_школы": 5
    },
    {
        "Название": "Пепсико холдингс",
        "Адрес": "ст. Азов (Рост.), пер. Вахитова, д. 88, 283355",
        "Количество_этажей": 27,
        "Количество_квартир": 189,
        "Год_постройки": "1978",
        "Тип_материала": "железобетон",
        "Площадь_квартиры": 148,
        "Количество_жителей": 475,
        "Наличие_лифта": true,
        "Наличие_охраны": true,
        "Наличие_парковки": false,
        "Расход_энергии_на_дом": 33045,
        "Наличие_спортивного_зала": false,
        "Расстояние_до_центра": 13,
        "Расстояние_до_метро": 2,
        "Расстояние_до_школы": 5
    },
    {
        "Название": "ОАО «Лебедев Терентьева»",
        "Адрес": "ст. Тура, ш. Дружба, д. 8, 289693",
        "Количество_этажей": 36,
        "Количество_квартир": 252,
        "Год_постройки": "2021",
        "Тип_материала": "железобетон",
        "Площадь_квартиры": 143,
        "Количество_жителей": 241,
        "Наличие_лифта": false,
        "Наличие_охраны": true,
        "Наличие_парковки": false,
        "Расход_энергии_на_дом": 27868,
        "Наличие_спортивного_зала": false,
        "Расстояние_до_центра": 14,
        "Расстояние_до_метро": 4,
        "Расстояние_до_школы": 3
    },
    {
        "Название": "ОАО «Суворов»",
        "Адрес": "клх Котлас, пр. Циолковского, д. 3 к. 5, 538491",
        "Количество_этажей": 35,
        "Количество_квартир": 245,
        "Год_постройки": "2023",
        "Тип_материала": "стекло",
        "Площадь_квартиры": 118,
        "Количество_жителей": 219,
        "Наличие_лифта": true,
        "Наличие_охраны": true,
        "Наличие_парковки": false,
        "Расход_энергии_на_дом": 24222,
        "Наличие_спортивного_зала": true,
        "Расстояние_до_центра": 17,
        "Расстояние_до_метро": 2,
        "Расстояние_до_школы": 3
    },
    {
        "Название": "АО «Алексеев»",
        "Адрес": "с. Палана, пр. Украинский, д. 71 стр. 18, 082706",
        "Количество_этажей": 37,
        "Количество_квартир": 259,
        "Год_постройки": "2015",
        "Тип_материала": "кирпич",
        "Площадь_квартиры": 106,
        "Количество_жителей": 190,
        "Наличие_лифта": true,
        "Наличие_охраны": false,
        "Наличие_парковки": true,
        "Расход_энергии_на_дом": 39008,
        "Наличие_спортивного_зала": false,
        "Расстояние_до_центра": 8,
        "Расстояние_до_метро": 10,
        "Расстояние_до_школы": 4
    },
    {
        "Название": "НПО «Владимирова-Миронов»",
        "Адрес": "клх Санкт-Петербург, ш. 8 Марта, д. 57, 815105",
        "Количество_этажей": 32,
        "Количество_квартир": 224,
        "Год_постройки": "2011",
        "Тип_материала": "стекло",
        "Площадь_квартиры": 133,
        "Количество_жителей": 78,
        "Наличие_лифта": true,
        "Наличие_охраны": false,
        "Наличие_парковки": true,
        "Расход_энергии_на_дом": 47280,
        "Наличие_спортивного_зала": false,
        "Расстояние_до_центра": 5,
        "Расстояние_до_метро": 1,
        "Расстояние_до_школы": 2
    },
    {
        "Название": "РАО «Давыдов»",
        "Адрес": "д. Хабаровск, ул. Культуры, д. 6/3 стр. 654, 043653",
        "Количество_этажей": 30,
        "Количество_квартир": 210,
        "Год_постройки": "1996",
        "Тип_материала": "стекло",
        "Площадь_квартиры": 155,
        "Количество_жителей": 470,
        "Наличие_лифта": true,
        "Наличие_охраны": true,
        "Наличие_парковки": true,
        "Расход_энергии_на_дом": 37809,
        "Наличие_спортивного_зала": false,
        "Расстояние_до_центра": 4,
        "Расстояние_до_метро": 8,
        "Расстояние_до_школы": 3
    },
    {
        "Название": "АО «Голубев»",
        "Адрес": "д. Волхов, пер. Кирпичный, д. 7 к. 5, 171272",
        "Количество_этажей": 49,
        "Количество_квартир": 343,
        "Год_постройки": "2005",
        "Тип_материала": "кирпич",
        "Площадь_квартиры": 102,
        "Количество_жителей": 291,
        "Наличие_лифта": false,
        "Наличие_охраны": true,
        "Наличие_парковки": true,
        "Расход_энергии_на_дом": 24682,
        "Наличие_спортивного_зала": false,
        "Расстояние_до_центра": 13,
        "Расстояние_до_метро": 7,
        "Расстояние_до_школы": 1
    },
    {
        "Название": "АО «Ефимов, Гурьева и Мясников»",
        "Адрес": "с. Беслан, наб. Лазо, д. 2 стр. 656, 447185",
        "Количество_этажей": 30,
        "Количество_квартир": 210,
        "Год_постройки": "2010",
        "Тип_материала": "стекло",
        "Площадь_квартиры": 91,
        "Количество_жителей": 466,
        "Наличие_лифта": true,
        "Наличие_охраны": true,
        "Наличие_парковки": false,
        "Расход_энергии_на_дом": 22064,
        "Наличие_спортивного_зала": true,
        "Расстояние_до_центра": 20,
        "Расстояние_до_метро": 8,
        "Расстояние_до_школы": 3
    },
    {
        "Название": "РАО «Данилов Блохин»",
        "Адрес": "ст. Уссурийск, пер. Базарный, д. 711 стр. 7/3, 493780",
        "Количество_этажей": 27,
        "Количество_квартир": 189,
        "Год_постройки": "1978",
        "Тип_материала": "стекло",
        "Площадь_квартиры": 104,
        "Количество_жителей": 395,
        "Наличие_лифта": true,
        "Наличие_охраны": false,
        "Наличие_парковки": true,
        "Расход_энергии_на_дом": 34486,
        "Наличие_спортивного_зала": true,
        "Расстояние_до_центра": 11,
        "Расстояние_до_метро": 5,
        "Расстояние_до_школы": 5
    },
    {
        "Название": "Либхерр-Русланд (Liebherr)",
        "Адрес": "п. Надым, ш. Павлика Морозова, д. 4/6 к. 607, 406817",
        "Количество_этажей": 43,
        "Количество_квартир": 301,
        "Год_постройки": "1982",
        "Тип_материала": "стекло",
        "Площадь_квартиры": 166,
        "Количество_жителей": 198,
        "Наличие_лифта": false,
        "Наличие_охраны": false,
        "Наличие_парковки": false,
        "Расход_энергии_на_дом": 24332,
        "Наличие_спортивного_зала": true,
        "Расстояние_до_центра": 4,
        "Расстояние_до_метро": 2,
        "Расстояние_до_школы": 2
    },
    {
        "Название": "Зыков Лимитед",
        "Адрес": "ст. Троицко-Печорск, пер. Кольцевой, д. 4/7 к. 8/6, 635096",
        "Количество_этажей": 23,
        "Количество_квартир": 161,
        "Год_постройки": "2016",
        "Тип_материала": "стекло",
        "Площадь_квартиры": 73,
        "Количество_жителей": 203,
        "Наличие_лифта": true,
        "Наличие_охраны": true,
        "Наличие_парковки": true,
        "Расход_энергии_на_дом": 43675,
        "Наличие_спортивного_зала": false,
        "Расстояние_до_центра": 8,
        "Расстояние_до_метро": 8,
        "Расстояние_до_школы": 2
    }
]