[
    {
        "Название": "РАО «Суханов Зиновьев»",
        "Адрес": "п. Екатеринбург, пер. Портовый, д. 9, 093183",
        "Количество_этажей": 41,
        "Количество_квартир": 287,
        "Год_постройки": "1973",
        "Тип_материала": "кирпич",
        "Площадь_квартиры": 62,
        "Количество_жителей": 68,
        "Наличие_лифта": true,
        "Наличие_охраны": true,
        "Наличие_парковки": false,
        "Расход_энергии_на_дом": 32631,
        "Наличие_спортивного_зала": true,
        "Расстояние_до_центра": 17,
        "Расстояние_до_метро": 9,
        "Расстояние_до_школы": 4
    },
    {
        "Название": "ЗАО «Савина-Гришин»",
        "Адрес": "с. Ейск, пр. Покровский, д. 3/5, 833085",
        "Количество_этажей": 24,
        "Количество_квартир": 168,
        "Год_постройки": "1996",
        "Тип_материала": "кирпич",
        "Площадь_квартиры": 116,
        "Количество_жителей": 410,
        "Наличие_лифта": true,
        "Наличие_охраны": false,
        "Наличие_парковки": false,
        "Расход_энергии_на_дом": 17992,
        "Наличие_спортивного_зала": false,
        "Расстояние_до_центра": 7,
        "Расстояние_до_метро": 1,
        "Расстояние_до_школы": 5
    },
    {
        "Название": "АО «Попов-Степанова»",
        "Адрес": "п. Анадырь, пер. Спартака, д. 1, 727114",
        "Количество_этажей": 37,
        "Количество_квартир": 259,
        "Год_постройки": "1992",
        "Тип_материала": "кирпич",
        "Площадь_квартиры": 193,
        "Количество_жителей": 128,
        "Наличие_лифта": false,
        "Наличие_охраны": false,
        "Наличие_парковки": true,
        "Расход_энергии_на_дом": 43451,
        "Наличие_спортивного_зала": false,
        "Расстояние_до_центра": 19,
        "Расстояние_до_метро": 9,
        "Расстояние_до_школы": 3
    },
    {
        "Название": "АББ (ABB)",
        "Адрес": "ст. Кинешма, ш. Портовое, д. 8/3 к. 671, 255253",
        "Количество_этажей": 43,
        "Количество_квартир": 301,
        "Год_постройки": "2006",
        "Тип_материала": "кирпич",
        "Площадь_квартиры": 83,
        "Количество_жителей": 184,
        "Наличие_лифта": true,
        "Наличие_охраны": true,
        "Наличие_парковки": true,
        "Расход_энергии_на_дом": 11815,
        "Наличие_спортивного_зала": false,
        "Расстояние_до_центра": 7,
        "Расстояние_до_метро": 3,
        "Расстояние_до_школы": 5
    },
    {
        "Название": "НПО «Журавлев Чернов»",
        "Адрес": "ст. Обоянь, ш. Волкова, д. 751 стр. 8/1, 091490",
        "Количество_этажей": 46,
        "Количество_квартир": 322,
        "Год_постройки": "2021",
        "Тип_материала": "стекло",
        "Площадь_квартиры": 63,
        "Количество_жителей": 90,
        "Наличие_лифта": true,
        "Наличие_охраны": true,
        "Наличие_парковки": true,
        "Расход_энергии_на_дом": 26600,
        "Наличие_спортивного_зала": false,
        "Расстояние_до_центра": 12,
        "Расстояние_до_метро": 8,
        "Расстояние_до_школы": 5
    },
    {
        "Название": "ЗАО «Павлова Белоусов»",
        "Адрес": "г. Ишим, ул. Попова, д. 9/6, 540287",
        "Количество_этажей": 31,
        "Количество_квартир": 217,
        "Год_постройки": "1987",
        "Тип_материала": "железобетон",
        "Площадь_квартиры": 68,
        "Количество_жителей": 85,
        "Наличие_лифта": true,
        "Наличие_охраны": true,
        "Наличие_парковки": true,
        "Расход_энергии_на_дом": 13643,
        "Наличие_спортивного_зала": true,
        "Расстояние_до_центра": 17,
        "Расстояние_до_метро": 2,
        "Расстояние_до_школы": 5
    },
    {
        "Название": "Группа РЕСО",
        "Адрес": "г. Лодейное Поле, пер. Пирогова, д. 104 стр. 1, 342988",
        "Количество_этажей": 21,
        "Количество_квартир": 147,
        "Год_постройки": "1979",
        "Тип_материала": "кирпич",
        "Площадь_квартиры": 82,
        "Количество_жителей": 278,
        "Наличие_лифта": true,
        "Наличие_охраны": true,
        "Наличие_парковки": true,
        "Расход_энергии_на_дом": 32125,
        "Наличие_спортивного_зала": true,
        "Расстояние_до_центра": 3,
        "Расстояние_до_метро": 6,
        "Расстояние_до_школы": 5
    },
    {
        "Название": "Авиакомпания Икар",
        "Адрес": "д. Нягань, бул. Плеханова, д. 11 к. 6, 172923",
        "Количество_этажей": 34,
        "Количество_квартир": 238,
        "Год_постройки": "2006",
        "Тип_материала": "стекло",
        "Площадь_квартиры": 138,
        "Количество_жителей": 108,
        "Наличие_лифта": true,
        "Наличие_охраны": false,
        "Наличие_парковки": true,
        "Расход_энергии_на_дом": 23662,
        "Наличие_спортивного_зала": true,
        "Расстояние_до_центра": 3,
        "Расстояние_до_метро": 3,
        "Расстояние_до_школы": 1
    },
    {
        "Название": "НПО «Галкин, Тетерин и Николаев»",
        "Адрес": "с. Чулым, бул. Народный, д. 9, 885000",
        "Количество_этажей": 40,
        "Количество_квартир": 280,
        "Год_постройки": "2022",
        "Тип_материала": "железобетон",
        "Площадь_квартиры": 168,
        "Количество_жителей": 485,
        "Наличие_лифта": true,
        "Наличие_охраны": false,
        "Наличие_парковки": true,
        "Расход_энергии_на_дом": 14224,
        "Наличие_спортивного_зала": false,
        "Расстояние_до_центра": 18,
        "Расстояние_до_метро": 6,
        "Расстояние_до_школы": 2
    },
    {
        "Название": "ОАО «Анисимов Егоров»",
        "Адрес": "к. Тосно, пер. Вишневый, д. 4/9 к. 3, 243705",
        "Количество_этажей": 47,
        "Количество_квартир": 329,
        "Год_постройки": "2019",
        "Тип_материала": "железобетон",
        "Площадь_квартиры": 109,
        "Количество_жителей": 153,
        "Наличие_лифта": true,
        "Наличие_охраны": true,
        "Наличие_парковки": true,
        "Расход_энергии_на_дом": 21967,
        "Наличие_спортивного_зала": false,
        "Расстояние_до_центра": 5,
        "Расстояние_до_метро": 1,
        "Расстояние_до_школы": 5
    },
    {
        "Название": "АО «Савин, Носов и Кудряшова»",
        "Адрес": "г. Соликамск, ул. Автомобилистов, д. 8/8, 823460",
        "Количество_этажей": 37,
        "Количество_квартир": 259,
        "Год_постройки": "1986",
        "Тип_материала": "железобетон",
        "Площадь_квартиры": 156,
        "Количество_жителей": 237,
        "Наличие_лифта": true,
        "Наличие_охраны": true,
        "Наличие_парковки": true,
        "Расход_энергии_на_дом": 21117,
        "Наличие_спортивного_зала": false,
        "Расстояние_до_центра": 10,
        "Расстояние_до_метро": 3,
        "Расстояние_до_школы": 2
    },
    {
        "Название": "ОАО «Игнатьев-Агафонова»",
        "Адрес": "г. Новомичуринск, ш. Авиационное, д. 5/5, 065330",
        "Количество_этажей": 34,
        "Количество_квартир": 238,
        "Год_постройки": "1975",
        "Тип_материала": "кирпич",
        "Площадь_квартиры": 66,
        "Количество_жителей": 283,
        "Наличие_лифта": true,
        "Наличие_охраны": true,
        "Наличие_парковки": false,
        "Расход_энергии_на_дом": 35747,
        "Наличие_спортивного_зала": false,
        "Расстояние_до_центра": 13,
        "Расстояние_до_метро": 7,
        "Расстояние_до_школы": 2
    },
    {
        "Название": "НПО «Третьяков-Новикова»",
        "Адрес": "ст. Ижевск, ш. Запорожское, д. 16 к. 1/8, 349922",
        "Количество_этажей": 48,
        "Количество_квартир": 336,
        "Год_постройки": "1972",
        "Тип_материала": "железобетон",
        "Площадь_квартиры": 55,
        "Количество_жителей": 478,
        "Наличие_лифта": true,
        "Наличие_охраны": true,
        "Наличие_парковки": false,
        "Расход_энергии_на_дом": 40001,
        "Наличие_спортивного_зала": false,
        "Расстояние_до_центра": 19,
        "Расстояние_до_метро": 4,
        "Расстояние_до_школы": 4
    },
    {
        "Название": "ОАО «Горбунов»",
        "Адрес": "к. Дудинка, ш. Нижнее, д. 3/2 стр. 501, 901773",
        "Количество_этажей": 31,
        "Количество_квартир": 217,
        "Год_постройки": "1976",
        "Тип_материала": "стекло",
        "Площадь_квартиры": 50,
        "Количество_жителей": 187,
        "Наличие_лифта": false,
        "Наличие_охраны": false,
        "Наличие_парковки": true,
        "Расход_энергии_на_дом": 30703,
        "Наличие_спортивного_зала": true,
        "Расстояние_до_центра": 16,
        "Расстояние_до_метро": 5,
        "Расстояние_до_школы": 3
    },
    {
        "Название": "Лазарев и партнеры",
        "Адрес": "ст. Сочи, пер. Хвойный, д. 8 к. 97, 042269",
        "Количество_этажей": 47,
        "Количество_квартир": 329,
        "Год_постройки": "1989",
        "Тип_материала": "железобетон",
        "Площадь_квартиры": 79,
        "Количество_жителей": 421,
        "Наличие_лифта": true,
        "Наличие_охраны": true,
        "Наличие_парковки": true,
        "Расход_энергии_на_дом": 23949,
        "Наличие_спортивного_зала": true,
        "Расстояние_до_центра": 8,
        "Расстояние_до_метро": 4,
        "Расстояние_до_школы": 4
    }
]