[
    {
        "Название": "РАО «Козлова»",
        "Адрес": "ст. Певек, пр. Плеханова, д. 55 стр. 3, 782469",
        "Количество_этажей": 46,
        "Количество_квартир": 322,
        "Год_постройки": "2012",
        "Тип_материала": "железобетон",
        "Площадь_квартиры": 72,
        "Количество_жителей": 312,
        "Наличие_лифта": true,
        "Наличие_охраны": true,
        "Наличие_парковки": false,
        "Расход_энергии_на_дом": 41788,
        "Наличие_спортивного_зала": true,
        "Расстояние_до_центра": 6,
        "Расстояние_до_метро": 1,
        "Расстояние_до_школы": 3
    },
    {
        "Название": "ОАО «Филиппов Кононова»",
        "Адрес": "д. Петропавловск-Камчатский, бул. Геологический, д. 12, 875809",
        "Количество_этажей": 35,
        "Количество_квартир": 245,
        "Год_постройки": "2001",
        "Тип_материала": "железобетон",
        "Площадь_квартиры": 199,
        "Количество_жителей": 497,
        "Наличие_лифта": true,
        "Наличие_охраны": true,
        "Наличие_парковки": false,
        "Расход_энергии_на_дом": 26959,
        "Наличие_спортивного_зала": true,
        "Расстояние_до_центра": 18,
        "Расстояние_до_метро": 7,
        "Расстояние_до_школы": 1
    },
    {
        "Название": "АО «Сидорова»",
        "Адрес": "п. Ангарск, бул. Беляева, д. 404, 768921",
        "Количество_этажей": 32,
        "Количество_квартир": 224,
        "Год_постройки": "1999",
        "Тип_материала": "стекло",
        "Площадь_квартиры": 151,
        "Количество_жителей": 167,
        "Наличие_лифта": true,
        "Наличие_охраны": false,
        "Наличие_парковки": false,
        "Расход_энергии_на_дом": 23587,
        "Наличие_спортивного_зала": false,
        "Расстояние_до_центра": 4,
        "Расстояние_до_метро": 10,
        "Расстояние_до_школы": 5
    },
    {
        "Название": "Мельникова Инкорпорэйтед",
        "Адрес": "п. Кулунда, ул. Комсомольская, д. 5/9 к. 1/4, 218216",
        "Количество_этажей": 47,
        "Количество_квартир": 329,
        "Год_постройки": "1985",
        "Тип_материала": "кирпич",
        "Площадь_квартиры": 62,
        "Количество_жителей": 247,
        "Наличие_лифта": true,
        "Наличие_охраны": false,
        "Наличие_парковки": false,
        "Расход_энергии_на_дом": 30237,
        "Наличие_спортивного_зала": true,
        "Расстояние_до_центра": 10,
        "Расстояние_до_метро": 7,
        "Расстояние_до_школы": 3
    },
    {
        "Название": "АО «Уварова»",
        "Адрес": "клх Улан-Удэ, алл. Ударная, д. 78 стр. 4, 601826",
        "Количество_этажей": 44,
        "Количество_квартир": 308,
        "Год_постройки": "2016",
        "Тип_материала": "железобетон",
        "Площадь_квартиры": 135,
        "Количество_жителей": 146,
        "Наличие_лифта": true,
        "Наличие_охраны": true,
        "Наличие_парковки": true,
        "Расход_энергии_на_дом": 10236,
        "Наличие_спортивного_зала": false,
        "Расстояние_до_центра": 12,
        "Расстояние_до_метро": 7,
        "Расстояние_до_школы": 1
    },
    {
        "Название": "Пестов и партнеры",
        "Адрес": "г. Магадан, ул. Загородная, д. 76 стр. 3/8, 497808",
        "Количество_этажей": 42,
        "Количество_квартир": 294,
        "Год_постройки": "1975",
        "Тип_материала": "железобетон",
        "Площадь_квартиры": 139,
        "Количество_жителей": 194,
        "Наличие_лифта": true,
        "Наличие_охраны": true,
        "Наличие_парковки": true,
        "Расход_энергии_на_дом": 32242,
        "Наличие_спортивного_зала": false,
        "Расстояние_до_центра": 6,
        "Расстояние_до_метро": 5,
        "Расстояние_до_школы": 3
    },
    {
        "Название": "АО «Симонов Сидоров»",
        "Адрес": "г. Люберцы, ш. Черноморское, д. 2 к. 7/6, 082317",
        "Количество_этажей": 36,
        "Количество_квартир": 252,
        "Год_постройки": "2000",
        "Тип_материала": "кирпич",
        "Площадь_квартиры": 50,
        "Количество_жителей": 244,
        "Наличие_лифта": true,
        "Наличие_охраны": true,
        "Наличие_парковки": false,
        "Расход_энергии_на_дом": 15750,
        "Наличие_спортивного_зала": false,
        "Расстояние_до_центра": 4,
        "Расстояние_до_метро": 4,
        "Расстояние_до_школы": 4
    },
    {
        "Название": "Григорьев Инк",
        "Адрес": "к. Рославль, пр. Р.Люксембург, д. 9/7 стр. 7/1, 217988",
        "Количество_этажей": 43,
        "Количество_квартир": 301,
        "Год_постройки": "1990",
        "Тип_материала": "кирпич",
        "Площадь_квартиры": 138,
        "Количество_жителей": 472,
        "Наличие_лифта": true,
        "Наличие_охраны": true,
        "Наличие_парковки": false,
        "Расход_энергии_на_дом": 12924,
        "Наличие_спортивного_зала": false,
        "Расстояние_до_центра": 15,
        "Расстояние_до_метро": 8,
        "Расстояние_до_школы": 3
    },
    {
        "Название": "Гордеев Инк",
        "Адрес": "п. Иваново, ул. Февральская, д. 7/8, 919133",
        "Количество_этажей": 24,
        "Количество_квартир": 168,
        "Год_постройки": "1983",
        "Тип_материала": "кирпич",
        "Площадь_квартиры": 196,
        "Количество_жителей": 199,
        "Наличие_лифта": true,
        "Наличие_охраны": true,
        "Наличие_парковки": false,
        "Расход_энергии_на_дом": 33512,
        "Наличие_спортивного_зала": false,
        "Расстояние_до_центра": 2,
        "Расстояние_до_метро": 10,
        "Расстояние_до_школы": 4
    },
    {
        "Название": "ОАО «Тарасова»",
        "Адрес": "с. Инта, пр. Юбилейный, д. 5 к. 72, 292587",
        "Количество_этажей": 21,
        "Количество_квартир": 147,
        "Год_постройки": "1973",
        "Тип_материала": "стекло",
        "Площадь_квартиры": 134,
        "Количество_жителей": 75,
        "Наличие_лифта": true,
        "Наличие_охраны": true,
        "Наличие_парковки": false,
        "Расход_энергии_на_дом": 24892,
        "Наличие_спортивного_зала": false,
        "Расстояние_до_центра": 10,
        "Расстояние_до_метро": 5,
        "Расстояние_до_школы": 2
    },
    {
        "Название": "ИП «Михеева, Филиппова и Титова»",
        "Адрес": "г. Кизел, алл. Геологов, д. 8 стр. 4, 332668",
        "Количество_этажей": 27,
        "Количество_квартир": 189,
        "Год_постройки": "2019",
        "Тип_материала": "железобетон",
        "Площадь_квартиры": 168,
        "Количество_жителей": 80,
        "Наличие_лифта": true,
        "Наличие_охраны": true,
        "Наличие_парковки": true,
        "Расход_энергии_на_дом": 34617,
        "Наличие_спортивного_зала": false,
        "Расстояние_до_центра": 8,
        "Расстояние_до_метро": 4,
        "Расстояние_до_школы": 1
    },
    {
        "Название": "ЗАО «Суханов, Колобова и Комаров»",
        "Адрес": "к. Орехово-Зуево, ул. Слободская, д. 908 к. 91, 752630",
        "Количество_этажей": 34,
        "Количество_квартир": 238,
        "Год_постройки": "1992",
        "Тип_материала": "стекло",
        "Площадь_квартиры": 152,
        "Количество_жителей": 224,
        "Наличие_лифта": true,
        "Наличие_охраны": true,
        "Наличие_парковки": false,
        "Расход_энергии_на_дом": 10201,
        "Наличие_спортивного_зала": false,
        "Расстояние_до_центра": 16,
        "Расстояние_до_метро": 3,
        "Расстояние_до_школы": 1
    },
    {
        "Название": "НПО «Турова Муравьев»",
        "Адрес": "д. Архангельск, бул. Автомобилистов, д. 4/9, 395082",
        "Количество_этажей": 38,
        "Количество_квартир": 266,
        "Год_постройки": "1975",
        "Тип_материала": "кирпич",
        "Площадь_квартиры": 164,
        "Количество_жителей": 158,
        "Наличие_лифта": true,
        "Наличие_охраны": true,
        "Наличие_парковки": false,
        "Расход_энергии_на_дом": 43549,
        "Наличие_спортивного_зала": true,
        "Расстояние_до_центра": 10,
        "Расстояние_до_метро": 2,
        "Расстояние_до_школы": 2
    },
    {
        "Название": "НПО «Колесников»",
        "Адрес": "с. Комсомольск-на-Амуре, ул. Водников, д. 7/4 к. 965, 265692",
        "Количество_этажей": 45,
        "Количество_квартир": 315,
        "Год_постройки": "2001",
        "Тип_материала": "железобетон",
        "Площадь_квартиры": 68,
        "Количество_жителей": 269,
        "Наличие_лифта": true,
        "Наличие_охраны": true,
        "Наличие_парковки": true,
        "Расход_энергии_на_дом": 23367,
        "Наличие_спортивного_зала": true,
        "Расстояние_до_центра": 17,
        "Расстояние_до_метро": 6,
        "Расстояние_до_школы": 5
    },
    {
        "Название": "ИП «Константинов, Меркушев и Виноградова»",
        "Адрес": "к. Александров Гай, ш. Проезжее, д. 7, 439338",
        "Количество_этажей": 28,
        "Количество_квартир": 196,
        "Год_постройки": "2018",
        "Тип_материала": "стекло",
        "Площадь_квартиры": 191,
        "Количество_жителей": 337,
        "Наличие_лифта": true,
        "Наличие_охраны": true,
        "Наличие_парковки": true,
        "Расход_энергии_на_дом": 20194,
        "Наличие_спортивного_зала": true,
        "Расстояние_до_центра": 19,
        "Расстояние_до_метро": 5,
        "Расстояние_до_школы": 2
    }
]