[
    {
        "Название": "ИП «Емельянов Третьяков»",
        "Адрес": "к. Губкинский, пр. Шевченко, д. 8/4 стр. 4, 800298",
        "Количество_этажей": 43,
        "Количество_квартир": 301,
        "Год_постройки": "1995",
        "Тип_материала": "кирпич",
        "Площадь_квартиры": 108,
        "Количество_жителей": 365,
        "Наличие_лифта": true,
        "Наличие_охраны": true,
        "Наличие_парковки": true,
        "Расход_энергии_на_дом": 45778,
        "Наличие_спортивного_зала": true,
        "Расстояние_до_центра": 10,
        "Расстояние_до_метро": 9,
        "Расстояние_до_школы": 4
    },
    {
        "Название": "Ozon",
        "Адрес": "п. Печора, алл. Волкова, д. 4 стр. 6, 352204",
        "Количество_этажей": 39,
        "Количество_квартир": 273,
        "Год_постройки": "2006",
        "Тип_материала": "стекло",
        "Площадь_квартиры": 135,
        "Количество_жителей": 399,
        "Наличие_лифта": true,
        "Наличие_охраны": false,
        "Наличие_парковки": false,
        "Расход_энергии_на_дом": 19557,
        "Наличие_спортивного_зала": false,
        "Расстояние_до_центра": 12,
        "Расстояние_до_метро": 3,
        "Расстояние_до_школы": 1
    },
    {
        "Название": "Морской терминал Тамань",
        "Адрес": "п. Соловки, пр. Радужный, д. 98 стр. 54, 638526",
        "Количество_этажей": 50,
        "Количество_квартир": 350,
        "Год_постройки": "1989",
        "Тип_материала": "стекло",
        "Площадь_квартиры": 168,
        "Количество_жителей": 421,
        "Наличие_лифта": true,
        "Наличие_охраны": true,
        "Наличие_парковки": false,
        "Расход_энергии_на_дом": 23841,
        "Наличие_спортивного_зала": false,
        "Расстояние_до_центра": 20,
        "Расстояние_до_метро": 8,
        "Расстояние_до_школы": 5
    },
    {
        "Название": "ДОМ.РФ",
        "Адрес": "к. Майкоп, наб. Пушкина, д. 2/4 к. 14, 183547",
        "Количество_этажей": 40,
        "Количество_квартир": 280,
        "Год_постройки": "1990",
        "Тип_материала": "железобетон",
        "Площадь_квартиры": 91,
        "Количество_жителей": 464,
        "Наличие_лифта": true,
        "Наличие_охраны": false,
        "Наличие_парковки": false,
        "Расход_энергии_на_дом": 43810,
        "Наличие_спортивного_зала": false,
        "Расстояние_до_центра": 17,
        "Расстояние_до_метро": 7,
        "Расстояние_до_школы": 4
    },
    {
        "Название": "Мессояханефтегаз",
        "Адрес": "клх Невельск, ш. Бригадное, д. 4, 225848",
        "Количество_этажей": 27,
        "Количество_квартир": 189,
        "Год_постройки": "1990",
        "Тип_материала": "кирпич",
        "Площадь_квартиры": 167,
        "Количество_жителей": 394,
        "Наличие_лифта": true,
        "Наличие_охраны": false,
        "Наличие_парковки": true,
        "Расход_энергии_на_дом": 11101,
        "Наличие_спортивного_зала": true,
        "Расстояние_до_центра": 1,
        "Расстояние_до_метро": 9,
        "Расстояние_до_школы": 2
    },
    {
        "Название": "ИП «Алексеева, Шестаков и Харитонов»",
        "Адрес": "клх Верещагино (Перм.), наб. Малиновая, д. 714, 094049",
        "Количество_этажей": 25,
        "Количество_квартир": 175,
        "Год_постройки": "1978",
        "Тип_материала": "кирпич",
        "Площадь_квартиры": 146,
        "Количество_жителей": 448,
        "Наличие_лифта": true,
        "Наличие_охраны": false,
        "Наличие_парковки": false,
        "Расход_энергии_на_дом": 42404,
        "Наличие_спортивного_зала": false,
        "Расстояние_до_центра": 17,
        "Расстояние_до_метро": 7,
        "Расстояние_до_школы": 4
    },
    {
        "Название": "ООО «Одинцов Одинцов»",
        "Адрес": "ст. Пушкино (Моск.), алл. Набережная, д. 1/7, 141469",
        "Количество_этажей": 22,
        "Количество_квартир": 154,
        "Год_постройки": "1993",
        "Тип_материала": "стекло",
        "Площадь_квартиры": 63,
        "Количество_жителей": 451,
        "Наличие_лифта": true,
        "Наличие_охраны": false,
        "Наличие_парковки": true,
        "Расход_энергии_на_дом": 44568,
        "Наличие_спортивного_зала": true,
        "Расстояние_до_центра": 1,
        "Расстояние_до_метро": 7,
        "Расстояние_до_школы": 3
    },
    {
        "Название": "Курганмашзавод",
        "Адрес": "г. Биробиджан, пер. Проточный, д. 125 стр. 8/7, 307461",
        "Количество_этажей": 26,
        "Количество_квартир": 182,
        "Год_постройки": "1985",
        "Тип_материала": "стекло",
        "Площадь_квартиры": 70,
        "Количество_жителей": 51,
        "Наличие_лифта": true,
        "Наличие_охраны": false,
        "Наличие_парковки": true,
        "Расход_энергии_на_дом": 31933,
        "Наличие_спортивного_зала": false,
        "Расстояние_до_центра": 2,
        "Расстояние_до_метро": 5,
        "Расстояние_до_школы": 3
    },
    {
        "Название": "ИП «Кириллов-Жукова»",
        "Адрес": "ст. Октябрьское (Хант.), ул. Краснофлотская, д. 1/6 к. 28, 280426",
        "Количество_этажей": 41,
        "Количество_квартир": 287,
        "Год_постройки": "2010",
        "Тип_материала": "железобетон",
        "Площадь_квартиры": 69,
        "Количество_жителей": 324,
        "Наличие_лифта": true,
        "Наличие_охраны": true,
        "Наличие_парковки": false,
        "Расход_энергии_на_дом": 46632,
        "Наличие_спортивного_зала": false,
        "Расстояние_до_центра": 9,
        "Расстояние_до_метро": 10,
        "Расстояние_до_школы": 1
    },
    {
        "Название": "РАО «Пахомова»",
        "Адрес": "к. Новокузнецк, ул. Фурманова, д. 7 стр. 570, 709856",
        "Количество_этажей": 22,
        "Количество_квартир": 154,
        "Год_постройки": "2010",
        "Тип_материала": "кирпич",
        "Площадь_квартиры": 174,
        "Количество_жителей": 493,
        "Наличие_лифта": true,
        "Наличие_охраны": false,
        "Наличие_парковки": false,
        "Расход_энергии_на_дом": 15298,
        "Наличие_спортивного_зала": false,
        "Расстояние_до_центра": 1,
        "Расстояние_до_метро": 4,
        "Расстояние_до_школы": 1
    },
    {
        "Название": "НПО «Блинова, Ефремова и Молчанов»",
        "Адрес": "ст. Каменномостский, бул. Отрадный, д. 4, 130569",
        "Количество_этажей": 39,
        "Количество_квартир": 273,
        "Год_постройки": "1972",
        "Тип_материала": "железобетон",
        "Площадь_квартиры": 54,
        "Количество_жителей": 147,
        "Наличие_лифта": true,
        "Наличие_охраны": true,
        "Наличие_парковки": true,
        "Расход_энергии_на_дом": 40204,
        "Наличие_спортивного_зала": true,
        "Расстояние_до_центра": 3,
        "Расстояние_до_метро": 7,
        "Расстояние_до_школы": 3
    },
    {
        "Название": "Лента",
        "Адрес": "п. Середниково, ул. 40 лет Победы, д. 92 стр. 8, 225695",
        "Количество_этажей": 35,
        "Количество_квартир": 245,
        "Год_постройки": "1995",
        "Тип_материала": "железобетон",
        "Площадь_квартиры": 136,
        "Количество_жителей": 339,
        "Наличие_лифта": false,
        "Наличие_охраны": true,
        "Наличие_парковки": false,
        "Расход_энергии_на_дом": 17359,
        "Наличие_спортивного_зала": true,
        "Расстояние_до_центра": 2,
        "Расстояние_до_метро": 7,
        "Расстояние_до_школы": 5
    },
    {
        "Название": "АО «Аксенов-Муравьева»",
        "Адрес": "п. Майкоп, бул. 1 Мая, д. 39, 554485",
        "Количество_этажей": 40,
        "Количество_квартир": 280,
        "Год_постройки": "2014",
        "Тип_материала": "железобетон",
        "Площадь_квартиры": 183,
        "Количество_жителей": 74,
        "Наличие_лифта": true,
        "Наличие_охраны": true,
        "Наличие_парковки": false,
        "Расход_энергии_на_дом": 17897,
        "Наличие_спортивного_зала": false,
        "Расстояние_до_центра": 19,
        "Расстояние_до_метро": 1,
        "Расстояние_до_школы": 5
    },
    {
        "Название": "ИП «Беляева»",
        "Адрес": "г. Великие Луки, наб. Красина, д. 9, 242318",
        "Количество_этажей": 25,
        "Количество_квартир": 175,
        "Год_постройки": "1997",
        "Тип_материала": "кирпич",
        "Площадь_квартиры": 137,
        "Количество_жителей": 420,
        "Наличие_лифта": true,
        "Наличие_охраны": true,
        "Наличие_парковки": false,
        "Расход_энергии_на_дом": 34045,
        "Наличие_спортивного_зала": false,
        "Расстояние_до_центра": 9,
        "Расстояние_до_метро": 7,
        "Расстояние_до_школы": 2
    },
    {
        "Название": "Веселова Инкорпорэйтед",
        "Адрес": "клх Усть-Катав, наб. Степная, д. 199, 727259",
        "Количество_этажей": 21,
        "Количество_квартир": 147,
        "Год_постройки": "2023",
        "Тип_материала": "стекло",
        "Площадь_квартиры": 176,
        "Количество_жителей": 370,
        "Наличие_лифта": true,
        "Наличие_охраны": false,
        "Наличие_парковки": false,
        "Расход_энергии_на_дом": 40147,
        "Наличие_спортивного_зала": false,
        "Расстояние_до_центра": 7,
        "Расстояние_до_метро": 7,
        "Расстояние_до_школы": 1
    }
]