[
    {
        "Название": "ЗАО «Быков, Большаков и Вишняков»",
        "Адрес": "к. Кузнецк, бул. Полтавский, д. 7 к. 682, 176308",
        "Количество_этажей": 32,
        "Количество_квартир": 224,
        "Год_постройки": "1981",
        "Тип_материала": "кирпич",
        "Площадь_квартиры": 198,
        "Количество_жителей": 185,
        "Наличие_лифта": true,
        "Наличие_охраны": true,
        "Наличие_парковки": false,
        "Расход_энергии_на_дом": 20199,
        "Наличие_спортивного_зала": false,
        "Расстояние_до_центра": 2,
        "Расстояние_до_метро": 6,
        "Расстояние_до_школы": 3
    },
    {
        "Название": "ИП «Дорофеев, Костина и Силин»",
        "Адрес": "с. Серафимович, ул. Ленинская, д. 981, 754671",
        "Количество_этажей": 33,
        "Количество_квартир": 231,
        "Год_постройки": "1986",
        "Тип_материала": "стекло",
        "Площадь_квартиры": 76,
        "Количество_жителей": 289,
        "Наличие_лифта": true,
        "Наличие_охраны": true,
        "Наличие_парковки": false,
        "Расход_энергии_на_дом": 40408,
        "Наличие_спортивного_зала": false,
        "Расстояние_до_центра": 12,
        "Расстояние_до_метро": 10,
        "Расстояние_до_школы": 1
    },
    {
        "Название": "РАО «Попов»",
        "Адрес": "п. Салават, бул. Северный, д. 657 стр. 10, 167894",
        "Количество_этажей": 38,
        "Количество_квартир": 266,
        "Год_постройки": "2006",
        "Тип_материала": "железобетон",
        "Площадь_квартиры": 60,
        "Количество_жителей": 424,
        "Наличие_лифта": true,
        "Наличие_охраны": true,
        "Наличие_парковки": false,
        "Расход_энергии_на_дом": 22314,
        "Наличие_спортивного_зала": false,
        "Расстояние_до_центра": 4,
        "Расстояние_до_метро": 1,
        "Расстояние_до_школы": 5
    },
    {
        "Название": "ЗАО «Муравьев»",
        "Адрес": "клх Мирный, ш. Механизаторов, д. 71 стр. 73, 296918",
        "Количество_этажей": 29,
        "Количество_квартир": 203,
        "Год_постройки": "1971",
        "Тип_материала": "кирпич",
        "Площадь_квартиры": 53,
        "Количество_жителей": 472,
        "Наличие_лифта": true,
        "Наличие_охраны": true,
        "Наличие_парковки": false,
        "Расход_энергии_на_дом": 41509,
        "Наличие_спортивного_зала": true,
        "Расстояние_до_центра": 16,
        "Расстояние_до_метро": 6,
        "Расстояние_до_школы": 5
    },
    {
        "Название": "Устинова Инкорпорэйтед",
        "Адрес": "д. Тура, пр. Деповский, д. 2/2, 731050",
        "Количество_этажей": 31,
        "Количество_квартир": 217,
        "Год_постройки": "1984",
        "Тип_материала": "стекло",
        "Площадь_квартиры": 158,
        "Количество_жителей": 473,
        "Наличие_лифта": false,
        "Наличие_охраны": true,
        "Наличие_парковки": false,
        "Расход_энергии_на_дом": 12575,
        "Наличие_спортивного_зала": false,
        "Расстояние_до_центра": 12,
        "Расстояние_до_метро": 6,
        "Расстояние_до_школы": 3
    },
    {
        "Название": "РАО «Комиссарова Кононов»",
        "Адрес": "с. Александровск, пр. Дачный, д. 632 к. 83, 143269",
        "Количество_этажей": 40,
        "Количество_квартир": 280,
        "Год_постройки": "2008",
        "Тип_материала": "железобетон",
        "Площадь_квартиры": 89,
        "Количество_жителей": 266,
        "Наличие_лифта": true,
        "Наличие_охраны": true,
        "Наличие_парковки": false,
        "Расход_энергии_на_дом": 35953,
        "Наличие_спортивного_зала": false,
        "Расстояние_до_центра": 17,
        "Расстояние_до_метро": 5,
        "Расстояние_до_школы": 4
    },
    {
        "Название": "ЗАО «Маслов, Мишина и Орехова»",
        "Адрес": "г. Улан-Удэ, ул. Ольховая, д. 8/3 стр. 7/3, 005122",
        "Количество_этажей": 30,
        "Количество_квартир": 210,
        "Год_постройки": "1986",
        "Тип_материала": "железобетон",
        "Площадь_квартиры": 111,
        "Количество_жителей": 363,
        "Наличие_лифта": false,
        "Наличие_охраны": true,
        "Наличие_парковки": false,
        "Расход_энергии_на_дом": 20854,
        "Наличие_спортивного_зала": false,
        "Расстояние_до_центра": 18,
        "Расстояние_до_метро": 3,
        "Расстояние_до_школы": 1
    },
    {
        "Название": "Фомин Инкорпорэйтед",
        "Адрес": "г. Шарья, ш. Раздольное, д. 36 стр. 3, 445282",
        "Количество_этажей": 33,
        "Количество_квартир": 231,
        "Год_постройки": "1973",
        "Тип_материала": "железобетон",
        "Площадь_квартиры": 144,
        "Количество_жителей": 59,
        "Наличие_лифта": true,
        "Наличие_охраны": true,
        "Наличие_парковки": false,
        "Расход_энергии_на_дом": 12207,
        "Наличие_спортивного_зала": true,
        "Расстояние_до_центра": 5,
        "Расстояние_до_метро": 1,
        "Расстояние_до_школы": 5
    },
    {
        "Название": "БАСФ (BASF)",
        "Адрес": "к. Ногинск (Моск.), пр. Баумана, д. 51 к. 17, 876859",
        "Количество_этажей": 34,
        "Количество_квартир": 238,
        "Год_постройки": "1994",
        "Тип_материала": "кирпич",
        "Площадь_квартиры": 64,
        "Количество_жителей": 95,
        "Наличие_лифта": true,
        "Наличие_охраны": false,
        "Наличие_парковки": false,
        "Расход_энергии_на_дом": 19874,
        "Наличие_спортивного_зала": false,
        "Расстояние_до_центра": 17,
        "Расстояние_до_метро": 6,
        "Расстояние_до_школы": 3
    },
    {
        "Название": "ООО «Ковалева»",
        "Адрес": "к. Сарапул, пер. 50 лет Октября, д. 30 к. 405, 408814",
        "Количество_этажей": 29,
        "Количество_квартир": 203,
        "Год_постройки": "2006",
        "Тип_материала": "кирпич",
        "Площадь_квартиры": 167,
        "Количество_жителей": 258,
        "Наличие_лифта": true,
        "Наличие_охраны": true,
        "Наличие_парковки": true,
        "Расход_энергии_на_дом": 15233,
        "Наличие_спортивного_зала": true,
        "Расстояние_до_центра": 9,
        "Расстояние_до_метро": 9,
        "Расстояние_до_школы": 5
    },
    {
        "Название": "ОАО «Сорокин Зуев»",
        "Адрес": "п. Плес, алл. Индустриальная, д. 8/8, 333030",
        "Количество_этажей": 35,
        "Количество_квартир": 245,
        "Год_постройки": "1973",
        "Тип_материала": "кирпич",
        "Площадь_квартиры": 198,
        "Количество_жителей": 366,
        "Наличие_лифта": true,
        "Наличие_охраны": true,
        "Наличие_парковки": true,
        "Расход_энергии_на_дом": 14830,
        "Наличие_спортивного_зала": true,
        "Расстояние_до_центра": 15,
        "Расстояние_до_метро": 7,
        "Расстояние_до_школы": 5
    },
    {
        "Название": "РАО «Зайцев-Лукина»",
        "Адрес": "г. Чебаркуль, пр. Механический, д. 4 стр. 393, 643492",
        "Количество_этажей": 34,
        "Количество_квартир": 238,
        "Год_постройки": "2004",
        "Тип_материала": "железобетон",
        "Площадь_квартиры": 164,
        "Количество_жителей": 98,
        "Наличие_лифта": true,
        "Наличие_охраны": true,
        "Наличие_парковки": false,
        "Расход_энергии_на_дом": 21744,
        "Наличие_спортивного_зала": false,
        "Расстояние_до_центра": 14,
        "Расстояние_до_метро": 9,
        "Расстояние_до_школы": 4
    },
    {
        "Название": "ЗАО «Калашникова Воронова»",
        "Адрес": "клх Северобайкальск, алл. Ольховая, д. 9/1, 407305",
        "Количество_этажей": 38,
        "Количество_квартир": 266,
        "Год_постройки": "2003",
        "Тип_материала": "железобетон",
        "Площадь_квартиры": 95,
        "Количество_жителей": 435,
        "Наличие_лифта": false,
        "Наличие_охраны": true,
        "Наличие_парковки": false,
        "Расход_энергии_на_дом": 15026,
        "Наличие_спортивного_зала": false,
        "Расстояние_до_центра": 10,
        "Расстояние_до_метро": 5,
        "Расстояние_до_школы": 2
    },
    {
        "Название": "АО «Дементьева»",
        "Адрес": "п. Верхний Тагил, ш. Гаражное, д. 926 к. 238, 042866",
        "Количество_этажей": 46,
        "Количество_квартир": 322,
        "Год_постройки": "1993",
        "Тип_материала": "стекло",
        "Площадь_квартиры": 144,
        "Количество_жителей": 116,
        "Наличие_лифта": true,
        "Наличие_охраны": true,
        "Наличие_парковки": false,
        "Расход_энергии_на_дом": 20486,
        "Наличие_спортивного_зала": true,
        "Расстояние_до_центра": 15,
        "Расстояние_до_метро": 9,
        "Расстояние_до_школы": 1
    },
    {
        "Название": "Группа ЭПМ",
        "Адрес": "клх Сибай, пер. Болотный, д. 1/2 стр. 5/9, 183805",
        "Количество_этажей": 35,
        "Количество_квартир": 245,
        "Год_постройки": "1982",
        "Тип_материала": "железобетон",
        "Площадь_квартиры": 197,
        "Количество_жителей": 414,
        "Наличие_лифта": true,
        "Наличие_охраны": true,
        "Наличие_парковки": false,
        "Расход_энергии_на_дом": 22731,
        "Наличие_спортивного_зала": false,
        "Расстояние_до_центра": 6,
        "Расстояние_до_метро": 1,
        "Расстояние_до_школы": 1
    }
]