[
    {
        "Название": "Смирнов Инкорпорэйтед",
        "Адрес": "п. Ессентуки, ул. Тургенева, д. 33 стр. 41, 514787",
        "Количество_этажей": 30,
        "Количество_квартир": 210,
        "Год_постройки": "1980",
        "Тип_материала": "кирпич",
        "Площадь_квартиры": 50,
        "Количество_жителей": 226,
        "Наличие_лифта": true,
        "Наличие_охраны": true,
        "Наличие_парковки": true,
        "Расход_энергии_на_дом": 40091,
        "Наличие_спортивного_зала": true,
        "Расстояние_до_центра": 19,
        "Расстояние_до_метро": 9,
        "Расстояние_до_школы": 3
    },
    {
        "Название": "НПО «Петухова Герасимов»",
        "Адрес": "г. Мезень, бул. Советов, д. 276, 484177",
        "Количество_этажей": 32,
        "Количество_квартир": 224,
        "Год_постройки": "2016",
        "Тип_материала": "стекло",
        "Площадь_квартиры": 127,
        "Количество_жителей": 71,
        "Наличие_лифта": true,
        "Наличие_охраны": true,
        "Наличие_парковки": false,
        "Расход_энергии_на_дом": 49352,
        "Наличие_спортивного_зала": false,
        "Расстояние_до_центра": 7,
        "Расстояние_до_метро": 4,
        "Расстояние_до_школы": 5
    },
    {
        "Название": "ООО «Гордеев-Фокина»",
        "Адрес": "ст. Буденновск, бул. Союзный, д. 339 к. 619, 862248",
        "Количество_этажей": 39,
        "Количество_квартир": 273,
        "Год_постройки": "2010",
        "Тип_материала": "кирпич",
        "Площадь_квартиры": 120,
        "Количество_жителей": 324,
        "Наличие_лифта": true,
        "Наличие_охраны": true,
        "Наличие_парковки": false,
        "Расход_энергии_на_дом": 19001,
        "Наличие_спортивного_зала": false,
        "Расстояние_до_центра": 4,
        "Расстояние_до_метро": 5,
        "Расстояние_до_школы": 3
    },
    {
        "Название": "Группа Мэйджор",
        "Адрес": "клх Туруханск, ш. 8-е Марта, д. 14 к. 2/8, 285552",
        "Количество_этажей": 47,
        "Количество_квартир": 329,
        "Год_постройки": "1970",
        "Тип_материала": "железобетон",
        "Площадь_квартиры": 94,
        "Количество_жителей": 399,
        "Наличие_лифта": true,
        "Наличие_охраны": true,
        "Наличие_парковки": true,
        "Расход_энергии_на_дом": 19549,
        "Наличие_спортивного_зала": true,
        "Расстояние_до_центра": 19,
        "Расстояние_до_метро": 6,
        "Расстояние_до_школы": 2
    },
    {
        "Название": "РАО «Авдеева Симонов»",
        "Адрес": "п. Батайск, ш. Геологическое, д. 2 к. 6/2, 553277",
        "Количество_этажей": 36,
        "Количество_квартир": 252,
        "Год_постройки": "2014",
        "Тип_материала": "стекло",
        "Площадь_квартиры": 137,
        "Количество_жителей": 363,
        "Наличие_лифта": true,
        "Наличие_охраны": true,
        "Наличие_парковки": true,
        "Расход_энергии_на_дом": 43595,
        "Наличие_спортивного_зала": false,
        "Расстояние_до_центра": 2,
        "Расстояние_до_метро": 6,
        "Расстояние_до_школы": 2
    },
    {
        "Название": "НПО «Шубин»",
        "Адрес": "с. Лагань, пер. Прудный, д. 733 к. 32, 295365",
        "Количество_этажей": 48,
        "Количество_квартир": 336,
        "Год_постройки": "1971",
        "Тип_материала": "железобетон",
        "Площадь_квартиры": 91,
        "Количество_жителей": 377,
        "Наличие_лифта": true,
        "Наличие_охраны": true,
        "Наличие_парковки": false,
        "Расход_энергии_на_дом": 16278,
        "Наличие_спортивного_зала": false,
        "Расстояние_до_центра": 2,
        "Расстояние_до_метро": 2,
        "Расстояние_до_школы": 3
    },
    {
        "Название": "Авеста Фармацевтика (Baby Dream)",
        "Адрес": "клх Калязин, алл. Курская, д. 20, 045613",
        "Количество_этажей": 27,
        "Количество_квартир": 189,
        "Год_постройки": "2003",
        "Тип_материала": "кирпич",
        "Площадь_квартиры": 157,
        "Количество_жителей": 450,
        "Наличие_лифта": true,
        "Наличие_охраны": true,
        "Наличие_парковки": true,
        "Расход_энергии_на_дом": 39982,
        "Наличие_спортивного_зала": false,
        "Расстояние_до_центра": 5,
        "Расстояние_до_метро": 9,
        "Расстояние_до_школы": 4
    },
    {
        "Название": "ОАО «Сорокин-Пестова»",
        "Адрес": "клх Кимры, ул. Красная, д. 101 стр. 57, 569850",
        "Количество_этажей": 41,
        "Количество_квартир": 287,
        "Год_постройки": "2014",
        "Тип_материала": "железобетон",
        "Площадь_квартиры": 114,
        "Количество_жителей": 430,
        "Наличие_лифта": true,
        "Наличие_охраны": true,
        "Наличие_парковки": false,
        "Расход_энергии_на_дом": 12414,
        "Наличие_спортивного_зала": true,
        "Расстояние_до_центра": 9,
        "Расстояние_до_метро": 10,
        "Расстояние_до_школы": 5
    },
    {
        "Название": "НПО «Фомичев, Вишнякова и Голубев»",
        "Адрес": "д. Бугуруслан, ул. Иванова, д. 83 стр. 9/3, 346293",
        "Количество_этажей": 44,
        "Количество_квартир": 308,
        "Год_постройки": "2003",
        "Тип_материала": "стекло",
        "Площадь_квартиры": 119,
        "Количество_жителей": 383,
        "Наличие_лифта": true,
        "Наличие_охраны": true,
        "Наличие_парковки": false,
        "Расход_энергии_на_дом": 27244,
        "Наличие_спортивного_зала": true,
        "Расстояние_до_центра": 9,
        "Расстояние_до_метро": 4,
        "Расстояние_до_школы": 4
    },
    {
        "Название": "ИП «Попова-Селиверстов»",
        "Адрес": "клх Аша, алл. Николаева, д. 5/2 к. 25, 337968",
        "Количество_этажей": 23,
        "Количество_квартир": 161,
        "Год_постройки": "2011",
        "Тип_материала": "кирпич",
        "Площадь_квартиры": 172,
        "Количество_жителей": 197,
        "Наличие_лифта": true,
        "Наличие_охраны": true,
        "Наличие_парковки": true,
        "Расход_энергии_на_дом": 31944,
        "Наличие_спортивного_зала": true,
        "Расстояние_до_центра": 14,
        "Расстояние_до_метро": 7,
        "Расстояние_до_школы": 2
    },
    {
        "Название": "ОАО «Комиссаров-Якушев»",
        "Адрес": "д. Тымовское, ш. Весеннее, д. 77, 415984",
        "Количество_этажей": 41,
        "Количество_квартир": 287,
        "Год_постройки": "2018",
        "Тип_материала": "кирпич",
        "Площадь_квартиры": 155,
        "Количество_жителей": 53,
        "Наличие_лифта": true,
        "Наличие_охраны": true,
        "Наличие_парковки": false,
        "Расход_энергии_на_дом": 26090,
        "Наличие_спортивного_зала": false,
        "Расстояние_до_центра": 19,
        "Расстояние_до_метро": 2,
        "Расстояние_до_школы": 1
    },
    {
        "Название": "АО «Костин»",
        "Адрес": "п. Серпухов, пр. Трактовый, д. 8/4 к. 3, 669696",
        "Количество_этажей": 27,
        "Количество_квартир": 189,
        "Год_постройки": "1976",
        "Тип_материала": "железобетон",
        "Площадь_квартиры": 151,
        "Количество_жителей": 248,
        "Наличие_лифта": false,
        "Наличие_охраны": true,
        "Наличие_парковки": true,
        "Расход_энергии_на_дом": 33908,
        "Наличие_спортивного_зала": true,
        "Расстояние_до_центра": 8,
        "Расстояние_до_метро": 2,
        "Расстояние_до_школы": 1
    },
    {
        "Название": "Копылова Инкорпорэйтед",
        "Адрес": "клх Советский, наб. Докучаева, д. 45, 841881",
        "Количество_этажей": 23,
        "Количество_квартир": 161,
        "Год_постройки": "1986",
        "Тип_материала": "железобетон",
        "Площадь_квартиры": 56,
        "Количество_жителей": 491,
        "Наличие_лифта": true,
        "Наличие_охраны": true,
        "Наличие_парковки": false,
        "Расход_энергии_на_дом": 22649,
        "Наличие_спортивного_зала": false,
        "Расстояние_до_центра": 19,
        "Расстояние_до_метро": 7,
        "Расстояние_до_школы": 1
    },
    {
        "Название": "ЗАО «Савельев-Овчинникова»",
        "Адрес": "д. Красновишерск, пр. Садовый, д. 4, 142952",
        "Количество_этажей": 23,
        "Количество_квартир": 161,
        "Год_постройки": "1975",
        "Тип_материала": "стекло",
        "Площадь_квартиры": 169,
        "Количество_жителей": 197,
        "Наличие_лифта": true,
        "Наличие_охраны": true,
        "Наличие_парковки": true,
        "Расход_энергии_на_дом": 10201,
        "Наличие_спортивного_зала": false,
        "Расстояние_до_центра": 12,
        "Расстояние_до_метро": 7,
        "Расстояние_до_школы": 2
    },
    {
        "Название": "Иркутская нефтяная компания",
        "Адрес": "д. Усть-Камчатск, ул. Тургенева, д. 1 стр. 11, 823877",
        "Количество_этажей": 25,
        "Количество_квартир": 175,
        "Год_постройки": "2020",
        "Тип_материала": "стекло",
        "Площадь_квартиры": 127,
        "Количество_жителей": 91,
        "Наличие_лифта": false,
        "Наличие_охраны": false,
        "Наличие_парковки": false,
        "Расход_энергии_на_дом": 22655,
        "Наличие_спортивного_зала": false,
        "Расстояние_до_центра": 17,
        "Расстояние_до_метро": 1,
        "Расстояние_до_школы": 1
    }
]