[
    {
        "Название": "Корпорация Тактическое ракетное вооружение",
        "Адрес": "с. Дивногорск, ул. Черемушки, д. 5, 997404",
        "Количество_этажей": 40,
        "Количество_квартир": 280,
        "Год_постройки": "1996",
        "Тип_материала": "кирпич",
        "Площадь_квартиры": 173,
        "Количество_жителей": 458,
        "Наличие_лифта": true,
        "Наличие_охраны": false,
        "Наличие_парковки": false,
        "Расход_энергии_на_дом": 43519,
        "Наличие_спортивного_зала": true,
        "Расстояние_до_центра": 12,
        "Расстояние_до_метро": 8,
        "Расстояние_до_школы": 4
    },
    {
        "Название": "РАО «Зуев»",
        "Адрес": "с. Салават, алл. Авиационная, д. 2 стр. 404, 035863",
        "Количество_этажей": 21,
        "Количество_квартир": 147,
        "Год_постройки": "2004",
        "Тип_материала": "железобетон",
        "Площадь_квартиры": 162,
        "Количество_жителей": 169,
        "Наличие_лифта": true,
        "Наличие_охраны": false,
        "Наличие_парковки": false,
        "Расход_энергии_на_дом": 33602,
        "Наличие_спортивного_зала": false,
        "Расстояние_до_центра": 7,
        "Расстояние_до_метро": 2,
        "Расстояние_до_школы": 2
    },
    {
        "Название": "Каменск-Уральский металлургический завод",
        "Адрес": "п. Лянтор, наб. Менделеева, д. 1/4, 239186",
        "Количество_этажей": 47,
        "Количество_квартир": 329,
        "Год_постройки": "1977",
        "Тип_материала": "стекло",
        "Площадь_квартиры": 162,
        "Количество_жителей": 318,
        "Наличие_лифта": false,
        "Наличие_охраны": false,
        "Наличие_парковки": false,
        "Расход_энергии_на_дом": 49904,
        "Наличие_спортивного_зала": true,
        "Расстояние_до_центра": 18,
        "Расстояние_до_метро": 1,
        "Расстояние_до_школы": 1
    },
    {
        "Название": "ООО «Доронина Молчанов»",
        "Адрес": "д. Анадырь, ш. Дружба, д. 9 к. 435, 657836",
        "Количество_этажей": 48,
        "Количество_квартир": 336,
        "Год_постройки": "1986",
        "Тип_материала": "железобетон",
        "Площадь_квартиры": 93,
        "Количество_жителей": 392,
        "Наличие_лифта": false,
        "Наличие_охраны": true,
        "Наличие_парковки": true,
        "Расход_энергии_на_дом": 14466,
        "Наличие_спортивного_зала": false,
        "Расстояние_до_центра": 4,
        "Расстояние_до_метро": 5,
        "Расстояние_до_школы": 1
    },
    {
        "Название": "АО «Максимова»",
        "Адрес": "к. Бреды, ул. Красногвардейская, д. 4/7 к. 1/5, 934649",
        "Количество_этажей": 48,
        "Количество_квартир": 336,
        "Год_постройки": "1977",
        "Тип_материала": "стекло",
        "Площадь_квартиры": 105,
        "Количество_жителей": 381,
        "Наличие_лифта": true,
        "Наличие_охраны": false,
        "Наличие_парковки": true,
        "Расход_энергии_на_дом": 43847,
        "Наличие_спортивного_зала": true,
        "Расстояние_до_центра": 9,
        "Расстояние_до_метро": 5,
        "Расстояние_до_школы": 2
    },
    {
        "Название": "Коновалова Лимитед",
        "Адрес": "клх Новый Оскол, наб. К.Маркса, д. 34 стр. 2/1, 082112",
        "Количество_этажей": 50,
        "Количество_квартир": 350,
        "Год_постройки": "1991",
        "Тип_материала": "железобетон",
        "Площадь_квартиры": 73,
        "Количество_жителей": 169,
        "Наличие_лифта": true,
        "Наличие_охраны": true,
        "Наличие_парковки": false,
        "Расход_энергии_на_дом": 18961,
        "Наличие_спортивного_зала": false,
        "Расстояние_до_центра": 5,
        "Расстояние_до_метро": 7,
        "Расстояние_до_школы": 3
    },
    {
        "Название": "ОАО «Крюков Ефремова»",
        "Адрес": "п. Серов, пер. Ватутина, д. 496 стр. 9, 673234",
        "Количество_этажей": 44,
        "Количество_квартир": 308,
        "Год_постройки": "1990",
        "Тип_материала": "стекло",
        "Площадь_квартиры": 93,
        "Количество_жителей": 470,
        "Наличие_лифта": true,
        "Наличие_охраны": true,
        "Наличие_парковки": true,
        "Расход_энергии_на_дом": 33750,
        "Наличие_спортивного_зала": false,
        "Расстояние_до_центра": 19,
        "Расстояние_до_метро": 10,
        "Расстояние_до_школы": 4
    },
    {
        "Название": "Уралвтормет",
        "Адрес": "г. Красноуфимск, наб. 70 лет Октября, д. 98, 556483",
        "Количество_этажей": 38,
        "Количество_квартир": 266,
        "Год_постройки": "2001",
        "Тип_материала": "кирпич",
        "Площадь_квартиры": 192,
        "Количество_жителей": 492,
        "Наличие_лифта": true,
        "Наличие_охраны": false,
        "Наличие_парковки": false,
        "Расход_энергии_на_дом": 28835,
        "Наличие_спортивного_зала": false,
        "Расстояние_до_центра": 10,
        "Расстояние_до_метро": 1,
        "Расстояние_до_школы": 2
    },
    {
        "Название": "ЗАО «Власов Авдеева»",
        "Адрес": "к. Чермоз, бул. Высоцкого, д. 2, 368315",
        "Количество_этажей": 37,
        "Количество_квартир": 259,
        "Год_постройки": "1979",
        "Тип_материала": "стекло",
        "Площадь_квартиры": 76,
        "Количество_жителей": 167,
        "Наличие_лифта": true,
        "Наличие_охраны": true,
        "Наличие_парковки": true,
        "Расход_энергии_на_дом": 25809,
        "Наличие_спортивного_зала": true,
        "Расстояние_до_центра": 1,
        "Расстояние_до_метро": 6,
        "Расстояние_до_школы": 1
    },
    {
        "Название": "РАО «Власов»",
        "Адрес": "г. Объячево, наб. Щетинкина, д. 919, 212952",
        "Количество_этажей": 31,
        "Количество_квартир": 217,
        "Год_постройки": "2002",
        "Тип_материала": "стекло",
        "Площадь_квартиры": 122,
        "Количество_жителей": 343,
        "Наличие_лифта": true,
        "Наличие_охраны": true,
        "Наличие_парковки": true,
        "Расход_энергии_на_дом": 17807,
        "Наличие_спортивного_зала": true,
        "Расстояние_до_центра": 1,
        "Расстояние_до_метро": 4,
        "Расстояние_до_школы": 2
    },
    {
        "Название": "НПО «Кононова-Федосеева»",
        "Адрес": "п. Каменск-Уральский, ул. Подгорная, д. 107 к. 4/5, 742416",
        "Количество_этажей": 44,
        "Количество_квартир": 308,
        "Год_постройки": "1991",
        "Тип_материала": "стекло",
        "Площадь_квартиры": 145,
        "Количество_жителей": 338,
        "Наличие_лифта": true,
        "Наличие_охраны": true,
        "Наличие_парковки": true,
        "Расход_энергии_на_дом": 12288,
        "Наличие_спортивного_зала": true,
        "Расстояние_до_центра": 14,
        "Расстояние_до_метро": 7,
        "Расстояние_до_школы": 5
    },
    {
        "Название": "Муравьев Групп",
        "Адрес": "п. Сосновый Бор, бул. Камский, д. 4/2, 767728",
        "Количество_этажей": 39,
        "Количество_квартир": 273,
        "Год_постройки": "1989",
        "Тип_материала": "железобетон",
        "Площадь_квартиры": 196,
        "Количество_жителей": 286,
        "Наличие_лифта": true,
        "Наличие_охраны": true,
        "Наличие_парковки": true,
        "Расход_энергии_на_дом": 21290,
        "Наличие_спортивного_зала": true,
        "Расстояние_до_центра": 18,
        "Расстояние_до_метро": 8,
        "Расстояние_до_школы": 4
    },
    {
        "Название": "ИП «Субботин»",
        "Адрес": "г. Вилюйск, ул. Невского, д. 7, 173416",
        "Количество_этажей": 32,
        "Количество_квартир": 224,
        "Год_постройки": "2009",
        "Тип_материала": "железобетон",
        "Площадь_квартиры": 81,
        "Количество_жителей": 234,
        "Наличие_лифта": true,
        "Наличие_охраны": true,
        "Наличие_парковки": true,
        "Расход_энергии_на_дом": 17507,
        "Наличие_спортивного_зала": false,
        "Расстояние_до_центра": 15,
        "Расстояние_до_метро": 6,
        "Расстояние_до_школы": 5
    },
    {
        "Название": "Данилов Инк",
        "Адрес": "ст. Новгород Великий, алл. Дорожников, д. 77 к. 2/9, 264810",
        "Количество_этажей": 43,
        "Количество_квартир": 301,
        "Год_постройки": "2015",
        "Тип_материала": "стекло",
        "Площадь_квартиры": 133,
        "Количество_жителей": 50,
        "Наличие_лифта": true,
        "Наличие_охраны": false,
        "Наличие_парковки": false,
        "Расход_энергии_на_дом": 33141,
        "Наличие_спортивного_зала": true,
        "Расстояние_до_центра": 7,
        "Расстояние_до_метро": 7,
        "Расстояние_до_школы": 5
    },
    {
        "Название": "ОАО «Емельянова, Сергеев и Гришина»",
        "Адрес": "д. Оймякон, пр. Мелиораторов, д. 908 к. 949, 741185",
        "Количество_этажей": 29,
        "Количество_квартир": 203,
        "Год_постройки": "1973",
        "Тип_материала": "железобетон",
        "Площадь_квартиры": 116,
        "Количество_жителей": 426,
        "Наличие_лифта": true,
        "Наличие_охраны": true,
        "Наличие_парковки": false,
        "Расход_энергии_на_дом": 17266,
        "Наличие_спортивного_зала": true,
        "Расстояние_до_центра": 12,
        "Расстояние_до_метро": 3,
        "Расстояние_до_школы": 2
    }
]