[
    {
        "Название": "Курганмашзавод",
        "Адрес": "ст. Усть-Ордынский, бул. Геологический, д. 96 к. 44, 979621",
        "Количество_этажей": 48,
        "Количество_квартир": 336,
        "Год_постройки": "2012",
        "Тип_материала": "железобетон",
        "Площадь_квартиры": 78,
        "Количество_жителей": 191,
        "Наличие_лифта": true,
        "Наличие_охраны": true,
        "Наличие_парковки": true,
        "Расход_энергии_на_дом": 12752,
        "Наличие_спортивного_зала": false,
        "Расстояние_до_центра": 13,
        "Расстояние_до_метро": 2,
        "Расстояние_до_школы": 2
    },
    {
        "Название": "ОАО «Цветков Гаврилова»",
        "Адрес": "ст. Рыбинск, бул. Проточный, д. 67, 535894",
        "Количество_этажей": 37,
        "Количество_квартир": 259,
        "Год_постройки": "1992",
        "Тип_материала": "стекло",
        "Площадь_квартиры": 187,
        "Количество_жителей": 98,
        "Наличие_лифта": true,
        "Наличие_охраны": true,
        "Наличие_парковки": true,
        "Расход_энергии_на_дом": 23747,
        "Наличие_спортивного_зала": true,
        "Расстояние_до_центра": 6,
        "Расстояние_до_метро": 5,
        "Расстояние_до_школы": 5
    },
    {
        "Название": "Пестов Инкорпорэйтед",
        "Адрес": "клх Костомукша, бул. Горького, д. 5 стр. 40, 142717",
        "Количество_этажей": 32,
        "Количество_квартир": 224,
        "Год_постройки": "1982",
        "Тип_материала": "железобетон",
        "Площадь_квартиры": 133,
        "Количество_жителей": 441,
        "Наличие_лифта": false,
        "Наличие_охраны": false,
        "Наличие_парковки": true,
        "Расход_энергии_на_дом": 32221,
        "Наличие_спортивного_зала": true,
        "Расстояние_до_центра": 11,
        "Расстояние_до_метро": 7,
        "Расстояние_до_школы": 4
    },
    {
        "Название": "Старттех",
        "Адрес": "ст. Завьялиха, ш. Добролюбова, д. 456 к. 7/6, 662671",
        "Количество_этажей": 32,
        "Количество_квартир": 224,
        "Год_постройки": "1977",
        "Тип_материала": "стекло",
        "Площадь_квартиры": 89,
        "Количество_жителей": 480,
        "Наличие_лифта": true,
        "Наличие_охраны": true,
        "Наличие_парковки": false,
        "Расход_энергии_на_дом": 14352,
        "Наличие_спортивного_зала": false,
        "Расстояние_до_центра": 12,
        "Расстояние_до_метро": 1,
        "Расстояние_до_школы": 2
    },
    {
        "Название": "Наумов Лтд",
        "Адрес": "к. Заводоуковск, бул. Красногвардейский, д. 42 стр. 31, 717148",
        "Количество_этажей": 35,
        "Количество_квартир": 245,
        "Год_постройки": "1989",
        "Тип_материала": "железобетон",
        "Площадь_квартиры": 131,
        "Количество_жителей": 310,
        "Наличие_лифта": false,
        "Наличие_охраны": true,
        "Наличие_парковки": false,
        "Расход_энергии_на_дом": 14731,
        "Наличие_спортивного_зала": true,
        "Расстояние_до_центра": 14,
        "Расстояние_до_метро": 9,
        "Расстояние_до_школы": 1
    },
    {
        "Название": "АО «Орехова»",
        "Адрес": "д. Псебай, ул. Путейская, д. 237, 158457",
        "Количество_этажей": 25,
        "Количество_квартир": 175,
        "Год_постройки": "1975",
        "Тип_материала": "кирпич",
        "Площадь_квартиры": 168,
        "Количество_жителей": 354,
        "Наличие_лифта": false,
        "Наличие_охраны": true,
        "Наличие_парковки": false,
        "Расход_энергии_на_дом": 10823,
        "Наличие_спортивного_зала": false,
        "Расстояние_до_центра": 20,
        "Расстояние_до_метро": 5,
        "Расстояние_до_школы": 5
    },
    {
        "Название": "ИП «Доронина»",
        "Адрес": "п. Анива, бул. Воровского, д. 4, 315347",
        "Количество_этажей": 34,
        "Количество_квартир": 238,
        "Год_постройки": "1992",
        "Тип_материала": "стекло",
        "Площадь_квартиры": 191,
        "Количество_жителей": 388,
        "Наличие_лифта": true,
        "Наличие_охраны": true,
        "Наличие_парковки": false,
        "Расход_энергии_на_дом": 33627,
        "Наличие_спортивного_зала": true,
        "Расстояние_до_центра": 14,
        "Расстояние_до_метро": 10,
        "Расстояние_до_школы": 2
    },
    {
        "Название": "РАО «Зыков»",
        "Адрес": "с. Чокурдах, пр. Комсомольский, д. 6/7, 870012",
        "Количество_этажей": 20,
        "Количество_квартир": 140,
        "Год_постройки": "2015",
        "Тип_материала": "железобетон",
        "Площадь_квартиры": 114,
        "Количество_жителей": 261,
        "Наличие_лифта": true,
        "Наличие_охраны": true,
        "Наличие_парковки": true,
        "Расход_энергии_на_дом": 11531,
        "Наличие_спортивного_зала": false,
        "Расстояние_до_центра": 16,
        "Расстояние_до_метро": 9,
        "Расстояние_до_школы": 3
    },
    {
        "Название": "ИП «Михайлова Гришина»",
        "Адрес": "клх Крымск, ул. Орловская, д. 58 стр. 886, 543291",
        "Количество_этажей": 35,
        "Количество_квартир": 245,
        "Год_постройки": "2004",
        "Тип_материала": "кирпич",
        "Площадь_квартиры": 77,
        "Количество_жителей": 199,
        "Наличие_лифта": true,
        "Наличие_охраны": true,
        "Наличие_парковки": false,
        "Расход_энергии_на_дом": 19573,
        "Наличие_спортивного_зала": false,
        "Расстояние_до_центра": 8,
        "Расстояние_до_метро": 4,
        "Расстояние_до_школы": 5
    },
    {
        "Название": "АО «Ильин»",
        "Адрес": "д. Уренгой, алл. Степана Разина, д. 13 к. 1, 282414",
        "Количество_этажей": 32,
        "Количество_квартир": 224,
        "Год_постройки": "1977",
        "Тип_материала": "стекло",
        "Площадь_квартиры": 158,
        "Количество_жителей": 252,
        "Наличие_лифта": false,
        "Наличие_охраны": true,
        "Наличие_парковки": true,
        "Расход_энергии_на_дом": 13806,
        "Наличие_спортивного_зала": false,
        "Расстояние_до_центра": 16,
        "Расстояние_до_метро": 10,
        "Расстояние_до_школы": 3
    },
    {
        "Название": "ИП «Кабанова Павлова»",
        "Адрес": "к. Оха, ш. Нижнее, д. 6/5 к. 545, 319656",
        "Количество_этажей": 38,
        "Количество_квартир": 266,
        "Год_постройки": "2022",
        "Тип_материала": "железобетон",
        "Площадь_квартиры": 55,
        "Количество_жителей": 181,
        "Наличие_лифта": true,
        "Наличие_охраны": true,
        "Наличие_парковки": true,
        "Расход_энергии_на_дом": 20986,
        "Наличие_спортивного_зала": true,
        "Расстояние_до_центра": 7,
        "Расстояние_до_метро": 2,
        "Расстояние_до_школы": 2
    },
    {
        "Название": "АО «Абрамов»",
        "Адрес": "г. Киржач, пр. Фабричный, д. 7/6, 194131",
        "Количество_этажей": 31,
        "Количество_квартир": 217,
        "Год_постройки": "2013",
        "Тип_материала": "стекло",
        "Площадь_квартиры": 100,
        "Количество_жителей": 50,
        "Наличие_лифта": true,
        "Наличие_охраны": true,
        "Наличие_парковки": true,
        "Расход_энергии_на_дом": 13351,
        "Наличие_спортивного_зала": true,
        "Расстояние_до_центра": 12,
        "Расстояние_до_метро": 4,
        "Расстояние_до_школы": 2
    },
    {
        "Название": "Дмитриев Инк",
        "Адрес": "к. Лабытнанги, наб. Ярославская, д. 7/2, 245204",
        "Количество_этажей": 34,
        "Количество_квартир": 238,
        "Год_постройки": "1979",
        "Тип_материала": "кирпич",
        "Площадь_квартиры": 169,
        "Количество_жителей": 475,
        "Наличие_лифта": true,
        "Наличие_охраны": true,
        "Наличие_парковки": false,
        "Расход_энергии_на_дом": 43888,
        "Наличие_спортивного_зала": false,
        "Расстояние_до_центра": 13,
        "Расстояние_до_метро": 4,
        "Расстояние_до_школы": 5
    },
    {
        "Название": "РАО «Суворова»",
        "Адрес": "д. Объячево, ш. Рабочее, д. 7, 157855",
        "Количество_этажей": 47,
        "Количество_квартир": 329,
        "Год_постройки": "2006",
        "Тип_материала": "кирпич",
        "Площадь_квартиры": 78,
        "Количество_жителей": 350,
        "Наличие_лифта": true,
        "Наличие_охраны": false,
        "Наличие_парковки": true,
        "Расход_энергии_на_дом": 25522,
        "Наличие_спортивного_зала": false,
        "Расстояние_до_центра": 3,
        "Расстояние_до_метро": 7,
        "Расстояние_до_школы": 1
    },
    {
        "Название": "Гришин Инкорпорэйтед",
        "Адрес": "клх Архыз, пр. Коминтерна, д. 809 к. 785, 773274",
        "Количество_этажей": 34,
        "Количество_квартир": 238,
        "Год_постройки": "1986",
        "Тип_материала": "кирпич",
        "Площадь_квартиры": 82,
        "Количество_жителей": 104,
        "Наличие_лифта": true,
        "Наличие_охраны": true,
        "Наличие_парковки": false,
        "Расход_энергии_на_дом": 36539,
        "Наличие_спортивного_зала": false,
        "Расстояние_до_центра": 19,
        "Расстояние_до_метро": 7,
        "Расстояние_до_школы": 2
    }
]