[
    {
        "Название": "РАО «Михеева-Попова»",
        "Адрес": "к. Чулым, пер. Волгоградский, д. 56, 008063",
        "Количество_этажей": 34,
        "Количество_квартир": 238,
        "Год_постройки": "2009",
        "Тип_материала": "кирпич",
        "Площадь_квартиры": 149,
        "Количество_жителей": 89,
        "Наличие_лифта": true,
        "Наличие_охраны": true,
        "Наличие_парковки": true,
        "Расход_энергии_на_дом": 43767,
        "Наличие_спортивного_зала": true,
        "Расстояние_до_центра": 8,
        "Расстояние_до_метро": 5,
        "Расстояние_до_школы": 4
    },
    {
        "Название": "РАО «Соболева-Данилова»",
        "Адрес": "г. Оха, наб. Слободская, д. 66 стр. 1, 252021",
        "Количество_этажей": 25,
        "Количество_квартир": 175,
        "Год_постройки": "1974",
        "Тип_материала": "стекло",
        "Площадь_квартиры": 119,
        "Количество_жителей": 224,
        "Наличие_лифта": true,
        "Наличие_охраны": true,
        "Наличие_парковки": true,
        "Расход_энергии_на_дом": 10678,
        "Наличие_спортивного_зала": true,
        "Расстояние_до_центра": 15,
        "Расстояние_до_метро": 5,
        "Расстояние_до_школы": 2
    },
    {
        "Название": "АО «Родионов-Егоров»",
        "Адрес": "ст. Тамбов, бул. Энергетиков, д. 55 к. 5/8, 473737",
        "Количество_этажей": 37,
        "Количество_квартир": 259,
        "Год_постройки": "1983",
        "Тип_материала": "стекло",
        "Площадь_квартиры": 193,
        "Количество_жителей": 154,
        "Наличие_лифта": true,
        "Наличие_охраны": true,
        "Наличие_парковки": false,
        "Расход_энергии_на_дом": 40788,
        "Наличие_спортивного_зала": false,
        "Расстояние_до_центра": 12,
        "Расстояние_до_метро": 9,
        "Расстояние_до_школы": 5
    },
    {
        "Название": "РАО «Жданов, Королев и Богданов»",
        "Адрес": "п. Гатчина, наб. Р.Люксембург, д. 47, 440787",
        "Количество_этажей": 30,
        "Количество_квартир": 210,
        "Год_постройки": "1983",
        "Тип_материала": "железобетон",
        "Площадь_квартиры": 160,
        "Количество_жителей": 358,
        "Наличие_лифта": true,
        "Наличие_охраны": true,
        "Наличие_парковки": true,
        "Расход_энергии_на_дом": 46579,
        "Наличие_спортивного_зала": false,
        "Расстояние_до_центра": 20,
        "Расстояние_до_метро": 2,
        "Расстояние_до_школы": 5
    },
    {
        "Название": "Гленкор Агро Мзк (Firada)",
        "Адрес": "п. Шумиха, алл. Песчаная, д. 1/1 к. 52, 367961",
        "Количество_этажей": 46,
        "Количество_квартир": 322,
        "Год_постройки": "1989",
        "Тип_материала": "кирпич",
        "Площадь_квартиры": 112,
        "Количество_жителей": 134,
        "Наличие_лифта": true,
        "Наличие_охраны": true,
        "Наличие_парковки": true,
        "Расход_энергии_на_дом": 12603,
        "Наличие_спортивного_зала": true,
        "Расстояние_до_центра": 11,
        "Расстояние_до_метро": 2,
        "Расстояние_до_школы": 2
    },
    {
        "Название": "Мишин Инкорпорэйтед",
        "Адрес": "д. Галич, наб. Донская, д. 7, 058813",
        "Количество_этажей": 36,
        "Количество_квартир": 252,
        "Год_постройки": "1973",
        "Тип_материала": "железобетон",
        "Площадь_квартиры": 121,
        "Количество_жителей": 462,
        "Наличие_лифта": true,
        "Наличие_охраны": false,
        "Наличие_парковки": true,
        "Расход_энергии_на_дом": 29917,
        "Наличие_спортивного_зала": false,
        "Расстояние_до_центра": 11,
        "Расстояние_до_метро": 7,
        "Расстояние_до_школы": 2
    },
    {
        "Название": "Компания Металл Профиль",
        "Адрес": "к. Богучар, алл. Ленская, д. 174, 924978",
        "Количество_этажей": 26,
        "Количество_квартир": 182,
        "Год_постройки": "2013",
        "Тип_материала": "кирпич",
        "Площадь_квартиры": 119,
        "Количество_жителей": 201,
        "Наличие_лифта": true,
        "Наличие_охраны": false,
        "Наличие_парковки": false,
        "Расход_энергии_на_дом": 41587,
        "Наличие_спортивного_зала": true,
        "Расстояние_до_центра": 19,
        "Расстояние_до_метро": 10,
        "Расстояние_до_школы": 1
    },
    {
        "Название": "Рожков Лтд",
        "Адрес": "п. Каргополь, наб. Зеленая, д. 9, 949656",
        "Количество_этажей": 20,
        "Количество_квартир": 140,
        "Год_постройки": "2014",
        "Тип_материала": "железобетон",
        "Площадь_квартиры": 63,
        "Количество_жителей": 290,
        "Наличие_лифта": false,
        "Наличие_охраны": true,
        "Наличие_парковки": true,
        "Расход_энергии_на_дом": 45178,
        "Наличие_спортивного_зала": false,
        "Расстояние_до_центра": 15,
        "Расстояние_до_метро": 1,
        "Расстояние_до_школы": 4
    },
    {
        "Название": "ООО «Зайцев, Терентьева и Мельников»",
        "Адрес": "г. Колпашево, алл. Дачная, д. 175 к. 848, 190811",
        "Количество_этажей": 46,
        "Количество_квартир": 322,
        "Год_постройки": "2008",
        "Тип_материала": "кирпич",
        "Площадь_квартиры": 149,
        "Количество_жителей": 229,
        "Наличие_лифта": false,
        "Наличие_охраны": true,
        "Наличие_парковки": false,
        "Расход_энергии_на_дом": 41048,
        "Наличие_спортивного_зала": false,
        "Расстояние_до_центра": 4,
        "Расстояние_до_метро": 9,
        "Расстояние_до_школы": 2
    },
    {
        "Название": "НПО «Афанасьева»",
        "Адрес": "п. Белокуриха, ул. Малиновая, д. 654, 912549",
        "Количество_этажей": 20,
        "Количество_квартир": 140,
        "Год_постройки": "1989",
        "Тип_материала": "кирпич",
        "Площадь_квартиры": 136,
        "Количество_жителей": 478,
        "Наличие_лифта": true,
        "Наличие_охраны": true,
        "Наличие_парковки": false,
        "Расход_энергии_на_дом": 17864,
        "Наличие_спортивного_зала": false,
        "Расстояние_до_центра": 3,
        "Расстояние_до_метро": 6,
        "Расстояние_до_школы": 5
    },
    {
        "Название": "АО «Никитина Павлов»",
        "Адрес": "с. Лабытнанги, пер. Маркса, д. 1 к. 937, 813072",
        "Количество_этажей": 35,
        "Количество_квартир": 245,
        "Год_постройки": "1998",
        "Тип_материала": "стекло",
        "Площадь_квартиры": 152,
        "Количество_жителей": 454,
        "Наличие_лифта": true,
        "Наличие_охраны": false,
        "Наличие_парковки": true,
        "Расход_энергии_на_дом": 36812,
        "Наличие_спортивного_зала": false,
        "Расстояние_до_центра": 7,
        "Расстояние_до_метро": 1,
        "Расстояние_до_школы": 1
    },
    {
        "Название": "Юдин и партнеры",
        "Адрес": "ст. Соболево, ул. Надежды, д. 96, 009398",
        "Количество_этажей": 39,
        "Количество_квартир": 273,
        "Год_постройки": "1999",
        "Тип_материала": "кирпич",
        "Площадь_квартиры": 147,
        "Количество_жителей": 112,
        "Наличие_лифта": true,
        "Наличие_охраны": true,
        "Наличие_парковки": false,
        "Расход_энергии_на_дом": 49155,
        "Наличие_спортивного_зала": true,
        "Расстояние_до_центра": 6,
        "Расстояние_до_метро": 10,
        "Расстояние_до_школы": 3
    },
    {
        "Название": "Щербаков Лтд",
        "Адрес": "клх Мыс Шмидта, ш. Украинское, д. 8, 593456",
        "Количество_этажей": 38,
        "Количество_квартир": 266,
        "Год_постройки": "2021",
        "Тип_материала": "железобетон",
        "Площадь_квартиры": 129,
        "Количество_жителей": 283,
        "Наличие_лифта": true,
        "Наличие_охраны": false,
        "Наличие_парковки": true,
        "Расход_энергии_на_дом": 13358,
        "Наличие_спортивного_зала": false,
        "Расстояние_до_центра": 20,
        "Расстояние_до_метро": 9,
        "Расстояние_до_школы": 2
    },
    {
        "Название": "АО «Филиппов, Комиссаров и Кудрявцева»",
        "Адрес": "к. Новомичуринск, пр. Луначарского, д. 5 стр. 5/9, 386376",
        "Количество_этажей": 46,
        "Количество_квартир": 322,
        "Год_постройки": "2000",
        "Тип_материала": "кирпич",
        "Площадь_квартиры": 140,
        "Количество_жителей": 410,
        "Наличие_лифта": true,
        "Наличие_охраны": true,
        "Наличие_парковки": true,
        "Расход_энергии_на_дом": 48912,
        "Наличие_спортивного_зала": false,
        "Расстояние_до_центра": 7,
        "Расстояние_до_метро": 6,
        "Расстояние_до_школы": 2
    },
    {
        "Название": "ОАО «Поляков, Воробьева и Юдин»",
        "Адрес": "к. Сибай, пер. Ленинский, д. 2 стр. 548, 221879",
        "Количество_этажей": 28,
        "Количество_квартир": 196,
        "Год_постройки": "2019",
        "Тип_материала": "кирпич",
        "Площадь_квартиры": 51,
        "Количество_жителей": 162,
        "Наличие_лифта": true,
        "Наличие_охраны": false,
        "Наличие_парковки": true,
        "Расход_энергии_на_дом": 47165,
        "Наличие_спортивного_зала": false,
        "Расстояние_до_центра": 16,
        "Расстояние_до_метро": 10,
        "Расстояние_до_школы": 1
    }
]