[
    {
        "Название": "ОАО «Филатова, Маслова и Суханов»",
        "Адрес": "к. Объячево, ш. Космодемьянской, д. 549, 875179",
        "Количество_этажей": 27,
        "Количество_квартир": 189,
        "Год_постройки": "2003",
        "Тип_материала": "железобетон",
        "Площадь_квартиры": 161,
        "Количество_жителей": 350,
        "Наличие_лифта": true,
        "Наличие_охраны": true,
        "Наличие_парковки": true,
        "Расход_энергии_на_дом": 12228,
        "Наличие_спортивного_зала": false,
        "Расстояние_до_центра": 20,
        "Расстояние_до_метро": 7,
        "Расстояние_до_школы": 5
    },
    {
        "Название": "Тетерина и партнеры",
        "Адрес": "д. Абинск, наб. Степана Разина, д. 93 стр. 889, 180819",
        "Количество_этажей": 28,
        "Количество_квартир": 196,
        "Год_постройки": "1977",
        "Тип_материала": "стекло",
        "Площадь_квартиры": 64,
        "Количество_жителей": 101,
        "Наличие_лифта": true,
        "Наличие_охраны": true,
        "Наличие_парковки": false,
        "Расход_энергии_на_дом": 38555,
        "Наличие_спортивного_зала": false,
        "Расстояние_до_центра": 20,
        "Расстояние_до_метро": 6,
        "Расстояние_до_школы": 4
    },
    {
        "Название": "РАО «Смирнова»",
        "Адрес": "клх Александров, пер. Балтийский, д. 3 стр. 700, 089860",
        "Количество_этажей": 36,
        "Количество_квартир": 252,
        "Год_постройки": "2017",
        "Тип_материала": "стекло",
        "Площадь_квартиры": 124,
        "Количество_жителей": 324,
        "Наличие_лифта": true,
        "Наличие_охраны": false,
        "Наличие_парковки": true,
        "Расход_энергии_на_дом": 36271,
        "Наличие_спортивного_зала": false,
        "Расстояние_до_центра": 4,
        "Расстояние_до_метро": 9,
        "Расстояние_до_школы": 1
    },
    {
        "Название": "Артемьева Групп",
        "Адрес": "с. Шенкурск, алл. Красная, д. 7 стр. 32, 251370",
        "Количество_этажей": 40,
        "Количество_квартир": 280,
        "Год_постройки": "2001",
        "Тип_материала": "стекло",
        "Площадь_квартиры": 57,
        "Количество_жителей": 429,
        "Наличие_лифта": true,
        "Наличие_охраны": true,
        "Наличие_парковки": false,
        "Расход_энергии_на_дом": 25484,
        "Наличие_спортивного_зала": false,
        "Расстояние_до_центра": 1,
        "Расстояние_до_метро": 9,
        "Расстояние_до_школы": 2
    },
    {
        "Название": "Макарова и партнеры",
        "Адрес": "с. Верхнее Пенжино, бул. Белорусский, д. 8 стр. 10, 989660",
        "Количество_этажей": 35,
        "Количество_квартир": 245,
        "Год_постройки": "1982",
        "Тип_материала": "кирпич",
        "Площадь_квартиры": 142,
        "Количество_жителей": 459,
        "Наличие_лифта": true,
        "Наличие_охраны": true,
        "Наличие_парковки": true,
        "Расход_энергии_на_дом": 42685,
        "Наличие_спортивного_зала": false,
        "Расстояние_до_центра": 14,
        "Расстояние_до_метро": 1,
        "Расстояние_до_школы": 2
    },
    {
        "Название": "ИП «Ефремова»",
        "Адрес": "д. Междуреченский, алл. Металлургов, д. 823, 842973",
        "Количество_этажей": 23,
        "Количество_квартир": 161,
        "Год_постройки": "1988",
        "Тип_материала": "железобетон",
        "Площадь_квартиры": 64,
        "Количество_жителей": 269,
        "Наличие_лифта": true,
        "Наличие_охраны": true,
        "Наличие_парковки": false,
        "Расход_энергии_на_дом": 40667,
        "Наличие_спортивного_зала": true,
        "Расстояние_до_центра": 12,
        "Расстояние_до_метро": 2,
        "Расстояние_до_школы": 1
    },
    {
        "Название": "Ларионова Инкорпорэйтед",
        "Адрес": "г. Ростов-на-Дону, алл. Ленинградская, д. 958 к. 78, 422928",
        "Количество_этажей": 35,
        "Количество_квартир": 245,
        "Год_постройки": "1973",
        "Тип_материала": "железобетон",
        "Площадь_квартиры": 190,
        "Количество_жителей": 317,
        "Наличие_лифта": true,
        "Наличие_охраны": true,
        "Наличие_парковки": false,
        "Расход_энергии_на_дом": 30340,
        "Наличие_спортивного_зала": false,
        "Расстояние_до_центра": 18,
        "Расстояние_до_метро": 4,
        "Расстояние_до_школы": 5
    },
    {
        "Название": "РАО «Щербаков Баранова»",
        "Адрес": "д. Малоярославец, алл. Шоссейная, д. 3/7, 235327",
        "Количество_этажей": 29,
        "Количество_квартир": 203,
        "Год_постройки": "1994",
        "Тип_материала": "железобетон",
        "Площадь_квартиры": 188,
        "Количество_жителей": 345,
        "Наличие_лифта": false,
        "Наличие_охраны": true,
        "Наличие_парковки": false,
        "Расход_энергии_на_дом": 23840,
        "Наличие_спортивного_зала": true,
        "Расстояние_до_центра": 3,
        "Расстояние_до_метро": 4,
        "Расстояние_до_школы": 1
    },
    {
        "Название": "РАО «Виноградова»",
        "Адрес": "к. Игнашино, алл. Целинная, д. 2 стр. 1, 977694",
        "Количество_этажей": 38,
        "Количество_квартир": 266,
        "Год_постройки": "2021",
        "Тип_материала": "стекло",
        "Площадь_квартиры": 148,
        "Количество_жителей": 217,
        "Наличие_лифта": true,
        "Наличие_охраны": true,
        "Наличие_парковки": false,
        "Расход_энергии_на_дом": 47775,
        "Наличие_спортивного_зала": false,
        "Расстояние_до_центра": 11,
        "Расстояние_до_метро": 3,
        "Расстояние_до_школы": 3
    },
    {
        "Название": "ОАО «Авдеев Ширяев»",
        "Адрес": "д. Тутаев, ш. Севастопольское, д. 690 к. 8/7, 101590",
        "Количество_этажей": 27,
        "Количество_квартир": 189,
        "Год_постройки": "2006",
        "Тип_материала": "кирпич",
        "Площадь_квартиры": 165,
        "Количество_жителей": 370,
        "Наличие_лифта": true,
        "Наличие_охраны": true,
        "Наличие_парковки": false,
        "Расход_энергии_на_дом": 12561,
        "Наличие_спортивного_зала": true,
        "Расстояние_до_центра": 1,
        "Расстояние_до_метро": 2,
        "Расстояние_до_школы": 4
    },
    {
        "Название": "ЗАО «Турова Зимина»",
        "Адрес": "г. Калач-на-Дону, пер. Щорса, д. 968, 555748",
        "Количество_этажей": 44,
        "Количество_квартир": 308,
        "Год_постройки": "2002",
        "Тип_материала": "железобетон",
        "Площадь_квартиры": 154,
        "Количество_жителей": 351,
        "Наличие_лифта": false,
        "Наличие_охраны": false,
        "Наличие_парковки": true,
        "Расход_энергии_на_дом": 43681,
        "Наличие_спортивного_зала": true,
        "Расстояние_до_центра": 8,
        "Расстояние_до_метро": 8,
        "Расстояние_до_школы": 3
    },
    {
        "Название": "ООО «Родионов Субботина»",
        "Адрес": "п. Кызыл, наб. Байкальская, д. 1, 567690",
        "Количество_этажей": 49,
        "Количество_квартир": 343,
        "Год_постройки": "2016",
        "Тип_материала": "кирпич",
        "Площадь_квартиры": 168,
        "Количество_жителей": 405,
        "Наличие_лифта": true,
        "Наличие_охраны": true,
        "Наличие_парковки": true,
        "Расход_энергии_на_дом": 25140,
        "Наличие_спортивного_зала": true,
        "Расстояние_до_центра": 19,
        "Расстояние_до_метро": 10,
        "Расстояние_до_школы": 1
    },
    {
        "Название": "РАО «Лобанова, Носков и Карпов»",
        "Адрес": "клх Междуреченский, наб. Горняцкая, д. 5/7 к. 4/2, 141664",
        "Количество_этажей": 38,
        "Количество_квартир": 266,
        "Год_постройки": "1995",
        "Тип_материала": "железобетон",
        "Площадь_квартиры": 183,
        "Количество_жителей": 214,
        "Наличие_лифта": false,
        "Наличие_охраны": true,
        "Наличие_парковки": false,
        "Расход_энергии_на_дом": 13127,
        "Наличие_спортивного_зала": true,
        "Расстояние_до_центра": 15,
        "Расстояние_до_метро": 2,
        "Расстояние_до_школы": 1
    },
    {
        "Название": "НПО «Суворова Макаров»",
        "Адрес": "ст. Северо-Курильск, пр. Виноградный, д. 6 к. 398, 941762",
        "Количество_этажей": 41,
        "Количество_квартир": 287,
        "Год_постройки": "2007",
        "Тип_материала": "кирпич",
        "Площадь_квартиры": 53,
        "Количество_жителей": 340,
        "Наличие_лифта": true,
        "Наличие_охраны": true,
        "Наличие_парковки": true,
        "Расход_энергии_на_дом": 12295,
        "Наличие_спортивного_зала": true,
        "Расстояние_до_центра": 18,
        "Расстояние_до_метро": 5,
        "Расстояние_до_школы": 5
    },
    {
        "Название": "Воронцов Инкорпорэйтед",
        "Адрес": "ст. Верхотурье, бул. Монтажников, д. 26 к. 7/5, 152439",
        "Количество_этажей": 22,
        "Количество_квартир": 154,
        "Год_постройки": "1974",
        "Тип_материала": "железобетон",
        "Площадь_квартиры": 89,
        "Количество_жителей": 83,
        "Наличие_лифта": true,
        "Наличие_охраны": true,
        "Наличие_парковки": false,
        "Расход_энергии_на_дом": 44367,
        "Наличие_спортивного_зала": false,
        "Расстояние_до_центра": 15,
        "Расстояние_до_метро": 2,
        "Расстояние_до_школы": 1
    }
]