[
    {
        "Название": "НПО «Дроздова»",
        "Адрес": "к. Саянск, алл. Толбухина, д. 4 стр. 8/6, 129022",
        "Количество_этажей": 33,
        "Количество_квартир": 231,
        "Год_постройки": "2017",
        "Тип_материала": "кирпич",
        "Площадь_квартиры": 71,
        "Количество_жителей": 216,
        "Наличие_лифта": false,
        "Наличие_охраны": true,
        "Наличие_парковки": true,
        "Расход_энергии_на_дом": 48718,
        "Наличие_спортивного_зала": false,
        "Расстояние_до_центра": 1,
        "Расстояние_до_метро": 1,
        "Расстояние_до_школы": 2
    },
    {
        "Название": "ЗАО «Молчанова»",
        "Адрес": "к. Домбай, пр. Флотский, д. 7, 913021",
        "Количество_этажей": 33,
        "Количество_квартир": 231,
        "Год_постройки": "2014",
        "Тип_материала": "кирпич",
        "Площадь_квартиры": 132,
        "Количество_жителей": 421,
        "Наличие_лифта": true,
        "Наличие_охраны": false,
        "Наличие_парковки": true,
        "Расход_энергии_на_дом": 48200,
        "Наличие_спортивного_зала": false,
        "Расстояние_до_центра": 9,
        "Расстояние_до_метро": 2,
        "Расстояние_до_школы": 5
    },
    {
        "Название": "АО «Гусев, Веселов и Маслова»",
        "Адрес": "клх Невьянск, наб. Сенная, д. 99 стр. 53, 898806",
        "Количество_этажей": 32,
        "Количество_квартир": 224,
        "Год_постройки": "2000",
        "Тип_материала": "железобетон",
        "Площадь_квартиры": 170,
        "Количество_жителей": 315,
        "Наличие_лифта": true,
        "Наличие_охраны": false,
        "Наличие_парковки": false,
        "Расход_энергии_на_дом": 17709,
        "Наличие_спортивного_зала": false,
        "Расстояние_до_центра": 7,
        "Расстояние_до_метро": 7,
        "Расстояние_до_школы": 3
    },
    {
        "Название": "Ермакова и партнеры",
        "Адрес": "г. Льгов, алл. Надежды, д. 25 стр. 1, 099931",
        "Количество_этажей": 47,
        "Количество_квартир": 329,
        "Год_постройки": "1979",
        "Тип_материала": "стекло",
        "Площадь_квартиры": 181,
        "Количество_жителей": 180,
        "Наличие_лифта": false,
        "Наличие_охраны": true,
        "Наличие_парковки": false,
        "Расход_энергии_на_дом": 26148,
        "Наличие_спортивного_зала": false,
        "Расстояние_до_центра": 7,
        "Расстояние_до_метро": 5,
        "Расстояние_до_школы": 3
    },
    {
        "Название": "Московская инженерно-строительная компания",
        "Адрес": "клх Нефедова, ш. Спартака, д. 263 стр. 967, 655883",
        "Количество_этажей": 46,
        "Количество_квартир": 322,
        "Год_постройки": "2000",
        "Тип_материала": "железобетон",
        "Площадь_квартиры": 56,
        "Количество_жителей": 120,
        "Наличие_лифта": true,
        "Наличие_охраны": false,
        "Наличие_парковки": false,
        "Расход_энергии_на_дом": 35750,
        "Наличие_спортивного_зала": false,
        "Расстояние_до_центра": 8,
        "Расстояние_до_метро": 10,
        "Расстояние_до_школы": 2
    },
    {
        "Название": "АО «Щукин Моисеев»",
        "Адрес": "д. Екатеринбург, пр. Павлика Морозова, д. 871 стр. 87, 501654",
        "Количество_этажей": 50,
        "Количество_квартир": 350,
        "Год_постройки": "1984",
        "Тип_материала": "стекло",
        "Площадь_квартиры": 106,
        "Количество_жителей": 415,
        "Наличие_лифта": true,
        "Наличие_охраны": false,
        "Наличие_парковки": true,
        "Расход_энергии_на_дом": 13092,
        "Наличие_спортивного_зала": false,
        "Расстояние_до_центра": 10,
        "Расстояние_до_метро": 6,
        "Расстояние_до_школы": 1
    },
    {
        "Название": "Русакова Инкорпорэйтед",
        "Адрес": "к. Тикси, бул. Абрикосовый, д. 3 стр. 63, 698291",
        "Количество_этажей": 31,
        "Количество_квартир": 217,
        "Год_постройки": "2006",
        "Тип_материала": "кирпич",
        "Площадь_квартиры": 56,
        "Количество_жителей": 54,
        "Наличие_лифта": true,
        "Наличие_охраны": false,
        "Наличие_парковки": true,
        "Расход_энергии_на_дом": 27594,
        "Наличие_спортивного_зала": false,
        "Расстояние_до_центра": 15,
        "Расстояние_до_метро": 5,
        "Расстояние_до_школы": 4
    },
    {
        "Название": "ЗАО «Селиверстов, Ершова и Куликов»",
        "Адрес": "с. Невьянск, алл. Зои Космодемьянской, д. 8 к. 62, 226154",
        "Количество_этажей": 23,
        "Количество_квартир": 161,
        "Год_постройки": "1997",
        "Тип_материала": "кирпич",
        "Площадь_квартиры": 95,
        "Количество_жителей": 206,
        "Наличие_лифта": false,
        "Наличие_охраны": false,
        "Наличие_парковки": true,
        "Расход_энергии_на_дом": 12760,
        "Наличие_спортивного_зала": true,
        "Расстояние_до_центра": 12,
        "Расстояние_до_метро": 2,
        "Расстояние_до_школы": 3
    },
    {
        "Название": "Энергосбытовая компания Восток",
        "Адрес": "с. Верхний Уфалей, бул. Коминтерна, д. 39, 617849",
        "Количество_этажей": 28,
        "Количество_квартир": 196,
        "Год_постройки": "1997",
        "Тип_материала": "кирпич",
        "Площадь_квартиры": 111,
        "Количество_жителей": 330,
        "Наличие_лифта": true,
        "Наличие_охраны": false,
        "Наличие_парковки": false,
        "Расход_энергии_на_дом": 15261,
        "Наличие_спортивного_зала": true,
        "Расстояние_до_центра": 15,
        "Расстояние_до_метро": 8,
        "Расстояние_до_школы": 2
    },
    {
        "Название": "ЗАО «Жуков, Дьячков и Назарова»",
        "Адрес": "с. Верхний Тагил, бул. Блюхера, д. 143 к. 1, 517154",
        "Количество_этажей": 37,
        "Количество_квартир": 259,
        "Год_постройки": "1980",
        "Тип_материала": "кирпич",
        "Площадь_квартиры": 160,
        "Количество_жителей": 402,
        "Наличие_лифта": false,
        "Наличие_охраны": true,
        "Наличие_парковки": true,
        "Расход_энергии_на_дом": 40351,
        "Наличие_спортивного_зала": true,
        "Расстояние_до_центра": 2,
        "Расстояние_до_метро": 10,
        "Расстояние_до_школы": 1
    },
    {
        "Название": "НПО «Зыков Никифоров»",
        "Адрес": "к. Тобольск, пер. Клубный, д. 60, 906700",
        "Количество_этажей": 43,
        "Количество_квартир": 301,
        "Год_постройки": "1974",
        "Тип_материала": "стекло",
        "Площадь_квартиры": 124,
        "Количество_жителей": 337,
        "Наличие_лифта": true,
        "Наличие_охраны": true,
        "Наличие_парковки": true,
        "Расход_энергии_на_дом": 29612,
        "Наличие_спортивного_зала": true,
        "Расстояние_до_центра": 6,
        "Расстояние_до_метро": 2,
        "Расстояние_до_школы": 4
    },
    {
        "Название": "РАО «Лазарев»",
        "Адрес": "клх Братск, бул. Окружной, д. 3/1 к. 2/9, 350206",
        "Количество_этажей": 46,
        "Количество_квартир": 322,
        "Год_постройки": "1973",
        "Тип_материала": "железобетон",
        "Площадь_квартиры": 155,
        "Количество_жителей": 458,
        "Наличие_лифта": true,
        "Наличие_охраны": false,
        "Наличие_парковки": false,
        "Расход_энергии_на_дом": 35339,
        "Наличие_спортивного_зала": true,
        "Расстояние_до_центра": 15,
        "Расстояние_до_метро": 1,
        "Расстояние_до_школы": 1
    },
    {
        "Название": "КРКА Фарма (KRKA)",
        "Адрес": "ст. Дмитров, пр. Калинина, д. 9, 987642",
        "Количество_этажей": 45,
        "Количество_квартир": 315,
        "Год_постройки": "1992",
        "Тип_материала": "кирпич",
        "Площадь_квартиры": 195,
        "Количество_жителей": 71,
        "Наличие_лифта": true,
        "Наличие_охраны": true,
        "Наличие_парковки": true,
        "Расход_энергии_на_дом": 46722,
        "Наличие_спортивного_зала": false,
        "Расстояние_до_центра": 4,
        "Расстояние_до_метро": 7,
        "Расстояние_до_школы": 3
    },
    {
        "Название": "АО «Стрелкова»",
        "Адрес": "с. Белокуриха, бул. Громова, д. 229 стр. 9, 958990",
        "Количество_этажей": 43,
        "Количество_квартир": 301,
        "Год_постройки": "2000",
        "Тип_материала": "стекло",
        "Площадь_квартиры": 181,
        "Количество_жителей": 157,
        "Наличие_лифта": true,
        "Наличие_охраны": false,
        "Наличие_парковки": true,
        "Расход_энергии_на_дом": 42383,
        "Наличие_спортивного_зала": true,
        "Расстояние_до_центра": 16,
        "Расстояние_до_метро": 8,
        "Расстояние_до_школы": 1
    },
    {
        "Название": "ИП «Соболева, Давыдова и Соловьева»",
        "Адрес": "г. Руза, алл. Крымская, д. 9/7, 319562",
        "Количество_этажей": 20,
        "Количество_квартир": 140,
        "Год_постройки": "1995",
        "Тип_материала": "кирпич",
        "Площадь_квартиры": 71,
        "Количество_жителей": 181,
        "Наличие_лифта": true,
        "Наличие_охраны": true,
        "Наличие_парковки": false,
        "Расход_энергии_на_дом": 41754,
        "Наличие_спортивного_зала": false,
        "Расстояние_до_центра": 4,
        "Расстояние_до_метро": 1,
        "Расстояние_до_школы": 1
    }
]