[
    {
        "Название": "РАО «Евдокимов, Нестерова и Беляева»",
        "Адрес": "к. Озеры, пр. Азовский, д. 6, 068758",
        "Количество_этажей": 30,
        "Количество_квартир": 210,
        "Год_постройки": "1985",
        "Тип_материала": "стекло",
        "Площадь_квартиры": 102,
        "Количество_жителей": 210,
        "Наличие_лифта": true,
        "Наличие_охраны": true,
        "Наличие_парковки": false,
        "Расход_энергии_на_дом": 40394,
        "Наличие_спортивного_зала": true,
        "Расстояние_до_центра": 11,
        "Расстояние_до_метро": 2,
        "Расстояние_до_школы": 5
    },
    {
        "Название": "ЗАО «Федосеева»",
        "Адрес": "д. Сызрань, пер. Черноморский, д. 9/5, 430297",
        "Количество_этажей": 31,
        "Количество_квартир": 217,
        "Год_постройки": "2007",
        "Тип_материала": "кирпич",
        "Площадь_квартиры": 83,
        "Количество_жителей": 330,
        "Наличие_лифта": true,
        "Наличие_охраны": true,
        "Наличие_парковки": false,
        "Расход_энергии_на_дом": 32491,
        "Наличие_спортивного_зала": true,
        "Расстояние_до_центра": 5,
        "Расстояние_до_метро": 1,
        "Расстояние_до_школы": 3
    },
    {
        "Название": "Кузьмин Инк",
        "Адрес": "п. Котлас, наб. Короленко, д. 6 к. 136, 101674",
        "Количество_этажей": 46,
        "Количество_квартир": 322,
        "Год_постройки": "1973",
        "Тип_материала": "железобетон",
        "Площадь_квартиры": 193,
        "Количество_жителей": 275,
        "Наличие_лифта": true,
        "Наличие_охраны": true,
        "Наличие_парковки": false,
        "Расход_энергии_на_дом": 45913,
        "Наличие_спортивного_зала": false,
        "Расстояние_до_центра": 4,
        "Расстояние_до_метро": 4,
        "Расстояние_до_школы": 4
    },
    {
        "Название": "НПО «Никитина-Потапова»",
        "Адрес": "п. Пенза, пер. Малиновый, д. 3 стр. 88, 734857",
        "Количество_этажей": 31,
        "Количество_квартир": 217,
        "Год_постройки": "2006",
        "Тип_материала": "кирпич",
        "Площадь_квартиры": 63,
        "Количество_жителей": 478,
        "Наличие_лифта": true,
        "Наличие_охраны": false,
        "Наличие_парковки": true,
        "Расход_энергии_на_дом": 31880,
        "Наличие_спортивного_зала": false,
        "Расстояние_до_центра": 14,
        "Расстояние_до_метро": 2,
        "Расстояние_до_школы": 2
    },
    {
        "Название": "ИП «Попова»",
        "Адрес": "с. Североморск, ш. Транспортное, д. 70, 794683",
        "Количество_этажей": 35,
        "Количество_квартир": 245,
        "Год_постройки": "1999",
        "Тип_материала": "кирпич",
        "Площадь_квартиры": 55,
        "Количество_жителей": 244,
        "Наличие_лифта": true,
        "Наличие_охраны": false,
        "Наличие_парковки": true,
        "Расход_энергии_на_дом": 21123,
        "Наличие_спортивного_зала": true,
        "Расстояние_до_центра": 14,
        "Расстояние_до_метро": 10,
        "Расстояние_до_школы": 2
    },
    {
        "Название": "Ширяева Лимитед",
        "Адрес": "клх Онега, алл. Болотная, д. 740, 437687",
        "Количество_этажей": 21,
        "Количество_квартир": 147,
        "Год_постройки": "2015",
        "Тип_материала": "кирпич",
        "Площадь_квартиры": 121,
        "Количество_жителей": 468,
        "Наличие_лифта": true,
        "Наличие_охраны": true,
        "Наличие_парковки": true,
        "Расход_энергии_на_дом": 12989,
        "Наличие_спортивного_зала": false,
        "Расстояние_до_центра": 3,
        "Расстояние_до_метро": 4,
        "Расстояние_до_школы": 3
    },
    {
        "Название": "НПО «Крылов-Зимина»",
        "Адрес": "г. Макушино, пр. Р.Люксембург, д. 50 стр. 271, 071302",
        "Количество_этажей": 47,
        "Количество_квартир": 329,
        "Год_постройки": "1973",
        "Тип_материала": "стекло",
        "Площадь_квартиры": 154,
        "Количество_жителей": 68,
        "Наличие_лифта": true,
        "Наличие_охраны": true,
        "Наличие_парковки": false,
        "Расход_энергии_на_дом": 39373,
        "Наличие_спортивного_зала": false,
        "Расстояние_до_центра": 14,
        "Расстояние_до_метро": 4,
        "Расстояние_до_школы": 5
    },
    {
        "Название": "АО «Харитонова-Сергеев»",
        "Адрес": "ст. Дербент, бул. Жданова, д. 5, 356608",
        "Количество_этажей": 25,
        "Количество_квартир": 175,
        "Год_постройки": "1972",
        "Тип_материала": "кирпич",
        "Площадь_квартиры": 117,
        "Количество_жителей": 450,
        "Наличие_лифта": true,
        "Наличие_охраны": true,
        "Наличие_парковки": false,
        "Расход_энергии_на_дом": 43160,
        "Наличие_спортивного_зала": true,
        "Расстояние_до_центра": 11,
        "Расстояние_до_метро": 5,
        "Расстояние_до_школы": 5
    },
    {
        "Название": "ООО «Щербаков Ситникова»",
        "Адрес": "клх Усолье Сибирское, наб. Целинная, д. 900 стр. 28, 450680",
        "Количество_этажей": 24,
        "Количество_квартир": 168,
        "Год_постройки": "2017",
        "Тип_материала": "стекло",
        "Площадь_квартиры": 135,
        "Количество_жителей": 316,
        "Наличие_лифта": true,
        "Наличие_охраны": true,
        "Наличие_парковки": false,
        "Расход_энергии_на_дом": 27837,
        "Наличие_спортивного_зала": false,
        "Расстояние_до_центра": 12,
        "Расстояние_до_метро": 8,
        "Расстояние_до_школы": 5
    },
    {
        "Название": "ИП «Никифорова-Федорова»",
        "Адрес": "с. Дубна, ш. Фадеева, д. 3/5 стр. 937, 040486",
        "Количество_этажей": 32,
        "Количество_квартир": 224,
        "Год_постройки": "2014",
        "Тип_материала": "стекло",
        "Площадь_квартиры": 168,
        "Количество_жителей": 121,
        "Наличие_лифта": true,
        "Наличие_охраны": true,
        "Наличие_парковки": true,
        "Расход_энергии_на_дом": 22793,
        "Наличие_спортивного_зала": false,
        "Расстояние_до_центра": 9,
        "Расстояние_до_метро": 5,
        "Расстояние_до_школы": 3
    },
    {
        "Название": "КамАЗ",
        "Адрес": "г. Юровск, пер. Абрикосовый, д. 8/4 стр. 9/7, 434405",
        "Количество_этажей": 50,
        "Количество_квартир": 350,
        "Год_постройки": "1984",
        "Тип_материала": "железобетон",
        "Площадь_квартиры": 159,
        "Количество_жителей": 296,
        "Наличие_лифта": false,
        "Наличие_охраны": false,
        "Наличие_парковки": false,
        "Расход_энергии_на_дом": 20155,
        "Наличие_спортивного_зала": false,
        "Расстояние_до_центра": 15,
        "Расстояние_до_метро": 1,
        "Расстояние_до_школы": 5
    },
    {
        "Название": "РМ Рейл",
        "Адрес": "к. Троицк (Челяб.), наб. Мирная, д. 43 к. 41, 050871",
        "Количество_этажей": 26,
        "Количество_квартир": 182,
        "Год_постройки": "1977",
        "Тип_материала": "железобетон",
        "Площадь_квартиры": 139,
        "Количество_жителей": 222,
        "Наличие_лифта": true,
        "Наличие_охраны": true,
        "Наличие_парковки": true,
        "Расход_энергии_на_дом": 37864,
        "Наличие_спортивного_зала": true,
        "Расстояние_до_центра": 2,
        "Расстояние_до_метро": 9,
        "Расстояние_до_школы": 4
    },
    {
        "Название": "АО «Буров, Русакова и Горшкова»",
        "Адрес": "д. Кашхатау, алл. Ольховая, д. 234 к. 53, 748730",
        "Количество_этажей": 43,
        "Количество_квартир": 301,
        "Год_постройки": "1978",
        "Тип_материала": "стекло",
        "Площадь_квартиры": 189,
        "Количество_жителей": 199,
        "Наличие_лифта": false,
        "Наличие_охраны": true,
        "Наличие_парковки": false,
        "Расход_энергии_на_дом": 17026,
        "Наличие_спортивного_зала": true,
        "Расстояние_до_центра": 1,
        "Расстояние_до_метро": 7,
        "Расстояние_до_школы": 4
    },
    {
        "Название": "Промсвязьбанк",
        "Адрес": "к. Апатиты, ул. Розы Люксембург, д. 6, 686563",
        "Количество_этажей": 29,
        "Количество_квартир": 203,
        "Год_постройки": "2017",
        "Тип_материала": "стекло",
        "Площадь_квартиры": 171,
        "Количество_жителей": 396,
        "Наличие_лифта": true,
        "Наличие_охраны": true,
        "Наличие_парковки": false,
        "Расход_энергии_на_дом": 35705,
        "Наличие_спортивного_зала": false,
        "Расстояние_до_центра": 4,
        "Расстояние_до_метро": 10,
        "Расстояние_до_школы": 3
    },
    {
        "Название": "ЗАО «Рогов»",
        "Адрес": "с. Мытищи, ул. Большевистская, д. 5/2 стр. 4/9, 336446",
        "Количество_этажей": 22,
        "Количество_квартир": 154,
        "Год_постройки": "2022",
        "Тип_материала": "стекло",
        "Площадь_квартиры": 90,
        "Количество_жителей": 428,
        "Наличие_лифта": true,
        "Наличие_охраны": true,
        "Наличие_парковки": false,
        "Расход_энергии_на_дом": 32278,
        "Наличие_спортивного_зала": true,
        "Расстояние_до_центра": 17,
        "Расстояние_до_метро": 8,
        "Расстояние_до_школы": 1
    }
]