[
    {
        "Название": "Технониколь",
        "Адрес": "к. Голицыно, алл. Ватутина, д. 71 к. 81, 394843",
        "Количество_этажей": 44,
        "Количество_квартир": 308,
        "Год_постройки": "1972",
        "Тип_материала": "стекло",
        "Площадь_квартиры": 144,
        "Количество_жителей": 419,
        "Наличие_лифта": true,
        "Наличие_охраны": false,
        "Наличие_парковки": true,
        "Расход_энергии_на_дом": 15391,
        "Наличие_спортивного_зала": true,
        "Расстояние_до_центра": 3,
        "Расстояние_до_метро": 9,
        "Расстояние_до_школы": 4
    },
    {
        "Название": "НПО «Стрелкова»",
        "Адрес": "п. Торжок, алл. Иванова, д. 471 стр. 9, 572863",
        "Количество_этажей": 40,
        "Количество_квартир": 280,
        "Год_постройки": "1973",
        "Тип_материала": "кирпич",
        "Площадь_квартиры": 182,
        "Количество_жителей": 315,
        "Наличие_лифта": true,
        "Наличие_охраны": false,
        "Наличие_парковки": false,
        "Расход_энергии_на_дом": 22770,
        "Наличие_спортивного_зала": true,
        "Расстояние_до_центра": 8,
        "Расстояние_до_метро": 2,
        "Расстояние_до_школы": 5
    },
    {
        "Название": "ООО «Никитин, Давыдова и Осипова»",
        "Адрес": "к. Избербаш, бул. Карьерный, д. 7/2 стр. 8, 098093",
        "Количество_этажей": 35,
        "Количество_квартир": 245,
        "Год_постройки": "1996",
        "Тип_материала": "железобетон",
        "Площадь_квартиры": 156,
        "Количество_жителей": 106,
        "Наличие_лифта": true,
        "Наличие_охраны": true,
        "Наличие_парковки": false,
        "Расход_энергии_на_дом": 35442,
        "Наличие_спортивного_зала": true,
        "Расстояние_до_центра": 17,
        "Расстояние_до_метро": 8,
        "Расстояние_до_школы": 5
    },
    {
        "Название": "Роскосмос",
        "Адрес": "клх Иваново, ул. Республиканская, д. 4 к. 91, 781299",
        "Количество_этажей": 38,
        "Количество_квартир": 266,
        "Год_постройки": "1982",
        "Тип_материала": "кирпич",
        "Площадь_квартиры": 200,
        "Количество_жителей": 454,
        "Наличие_лифта": true,
        "Наличие_охраны": false,
        "Наличие_парковки": true,
        "Расход_энергии_на_дом": 26304,
        "Наличие_спортивного_зала": true,
        "Расстояние_до_центра": 3,
        "Расстояние_до_метро": 9,
        "Расстояние_до_школы": 1
    },
    {
        "Название": "РАО «Ефремов-Ершова»",
        "Адрес": "п. Усть-Баргузин, пер. Гаражный, д. 548 к. 26, 122499",
        "Количество_этажей": 26,
        "Количество_квартир": 182,
        "Год_постройки": "2008",
        "Тип_материала": "железобетон",
        "Площадь_квартиры": 125,
        "Количество_жителей": 491,
        "Наличие_лифта": true,
        "Наличие_охраны": false,
        "Наличие_парковки": true,
        "Расход_энергии_на_дом": 29840,
        "Наличие_спортивного_зала": true,
        "Расстояние_до_центра": 3,
        "Расстояние_до_метро": 1,
        "Расстояние_до_школы": 3
    },
    {
        "Название": "Некрасова Инк",
        "Адрес": "к. Мурманск, пер. Парковый, д. 3/3 стр. 248, 216988",
        "Количество_этажей": 45,
        "Количество_квартир": 315,
        "Год_постройки": "1978",
        "Тип_материала": "кирпич",
        "Площадь_квартиры": 90,
        "Количество_жителей": 375,
        "Наличие_лифта": false,
        "Наличие_охраны": true,
        "Наличие_парковки": true,
        "Расход_энергии_на_дом": 13353,
        "Наличие_спортивного_зала": false,
        "Расстояние_до_центра": 14,
        "Расстояние_до_метро": 7,
        "Расстояние_до_школы": 5
    },
    {
        "Название": "АО «Прохорова-Игнатова»",
        "Адрес": "клх Хоста, алл. Торговая, д. 8 стр. 7/3, 053373",
        "Количество_этажей": 27,
        "Количество_квартир": 189,
        "Год_постройки": "1977",
        "Тип_материала": "стекло",
        "Площадь_квартиры": 91,
        "Количество_жителей": 117,
        "Наличие_лифта": true,
        "Наличие_охраны": false,
        "Наличие_парковки": false,
        "Расход_энергии_на_дом": 28002,
        "Наличие_спортивного_зала": false,
        "Расстояние_до_центра": 6,
        "Расстояние_до_метро": 1,
        "Расстояние_до_школы": 3
    },
    {
        "Название": "НЗНП",
        "Адрес": "ст. Елец, бул. Шмидта, д. 1 стр. 5, 181304",
        "Количество_этажей": 47,
        "Количество_квартир": 329,
        "Год_постройки": "2010",
        "Тип_материала": "стекло",
        "Площадь_квартиры": 72,
        "Количество_жителей": 267,
        "Наличие_лифта": true,
        "Наличие_охраны": true,
        "Наличие_парковки": false,
        "Расход_энергии_на_дом": 38513,
        "Наличие_спортивного_зала": false,
        "Расстояние_до_центра": 9,
        "Расстояние_до_метро": 7,
        "Расстояние_до_школы": 3
    },
    {
        "Название": "ИП «Медведев»",
        "Адрес": "клх Кашхатау, пер. Азина, д. 43 к. 82, 874581",
        "Количество_этажей": 46,
        "Количество_квартир": 322,
        "Год_постройки": "2014",
        "Тип_материала": "стекло",
        "Площадь_квартиры": 69,
        "Количество_жителей": 338,
        "Наличие_лифта": true,
        "Наличие_охраны": true,
        "Наличие_парковки": false,
        "Расход_энергии_на_дом": 24209,
        "Наличие_спортивного_зала": true,
        "Расстояние_до_центра": 15,
        "Расстояние_до_метро": 3,
        "Расстояние_до_школы": 3
    },
    {
        "Название": "РАО «Дмитриева»",
        "Адрес": "с. Лабытнанги, наб. Воровского, д. 1 к. 3, 991189",
        "Количество_этажей": 49,
        "Количество_квартир": 343,
        "Год_постройки": "1991",
        "Тип_материала": "стекло",
        "Площадь_квартиры": 185,
        "Количество_жителей": 169,
        "Наличие_лифта": true,
        "Наличие_охраны": true,
        "Наличие_парковки": false,
        "Расход_энергии_на_дом": 49717,
        "Наличие_спортивного_зала": true,
        "Расстояние_до_центра": 2,
        "Расстояние_до_метро": 10,
        "Расстояние_до_школы": 5
    },
    {
        "Название": "Дьячков Лтд",
        "Адрес": "г. Кириши, бул. Папанина, д. 8 стр. 1/5, 372495",
        "Количество_этажей": 24,
        "Количество_квартир": 168,
        "Год_постройки": "2003",
        "Тип_материала": "стекло",
        "Площадь_квартиры": 92,
        "Количество_жителей": 103,
        "Наличие_лифта": true,
        "Наличие_охраны": false,
        "Наличие_парковки": true,
        "Расход_энергии_на_дом": 32713,
        "Наличие_спортивного_зала": false,
        "Расстояние_до_центра": 17,
        "Расстояние_до_метро": 2,
        "Расстояние_до_школы": 2
    },
    {
        "Название": "Данилов Инк",
        "Адрес": "д. Магас, алл. Высотная, д. 8/5 к. 236, 655738",
        "Количество_этажей": 38,
        "Количество_квартир": 266,
        "Год_постройки": "1997",
        "Тип_материала": "кирпич",
        "Площадь_квартиры": 91,
        "Количество_жителей": 129,
        "Наличие_лифта": true,
        "Наличие_охраны": false,
        "Наличие_парковки": true,
        "Расход_энергии_на_дом": 27410,
        "Наличие_спортивного_зала": true,
        "Расстояние_до_центра": 8,
        "Расстояние_до_метро": 5,
        "Расстояние_до_школы": 3
    },
    {
        "Название": "Группа ГАЗ",
        "Адрес": "д. Шарья, алл. Радужная, д. 5 стр. 8, 988950",
        "Количество_этажей": 43,
        "Количество_квартир": 301,
        "Год_постройки": "2008",
        "Тип_материала": "железобетон",
        "Площадь_квартиры": 87,
        "Количество_жителей": 88,
        "Наличие_лифта": true,
        "Наличие_охраны": true,
        "Наличие_парковки": true,
        "Расход_энергии_на_дом": 14859,
        "Наличие_спортивного_зала": false,
        "Расстояние_до_центра": 4,
        "Расстояние_до_метро": 10,
        "Расстояние_до_школы": 2
    },
    {
        "Название": "ООО «Анисимова»",
        "Адрес": "п. Бомнак, ул. Вавилова, д. 4/7, 312256",
        "Количество_этажей": 25,
        "Количество_квартир": 175,
        "Год_постройки": "1999",
        "Тип_материала": "стекло",
        "Площадь_квартиры": 183,
        "Количество_жителей": 259,
        "Наличие_лифта": true,
        "Наличие_охраны": false,
        "Наличие_парковки": false,
        "Расход_энергии_на_дом": 28851,
        "Наличие_спортивного_зала": true,
        "Расстояние_до_центра": 11,
        "Расстояние_до_метро": 7,
        "Расстояние_до_школы": 3
    },
    {
        "Название": "Мишина Групп",
        "Адрес": "с. Ростов-на-Дону, наб. Волжская, д. 488, 438990",
        "Количество_этажей": 41,
        "Количество_квартир": 287,
        "Год_постройки": "2020",
        "Тип_материала": "стекло",
        "Площадь_квартиры": 183,
        "Количество_жителей": 374,
        "Наличие_лифта": true,
        "Наличие_охраны": true,
        "Наличие_парковки": true,
        "Расход_энергии_на_дом": 47535,
        "Наличие_спортивного_зала": true,
        "Расстояние_до_центра": 12,
        "Расстояние_до_метро": 1,
        "Расстояние_до_школы": 3
    }
]