[
    {
        "Название": "АО «Пономарева Исакова»",
        "Адрес": "клх Александров, пр. Тургенева, д. 5, 949074",
        "Количество_этажей": 28,
        "Количество_квартир": 196,
        "Год_постройки": "2023",
        "Тип_материала": "железобетон",
        "Площадь_квартиры": 61,
        "Количество_жителей": 363,
        "Наличие_лифта": true,
        "Наличие_охраны": false,
        "Наличие_парковки": true,
        "Расход_энергии_на_дом": 36601,
        "Наличие_спортивного_зала": false,
        "Расстояние_до_центра": 8,
        "Расстояние_до_метро": 8,
        "Расстояние_до_школы": 4
    },
    {
        "Название": "ОАО «Матвеева, Лихачева и Емельянов»",
        "Адрес": "г. Шатой, пер. Подстанция, д. 4, 173526",
        "Количество_этажей": 23,
        "Количество_квартир": 161,
        "Год_постройки": "1996",
        "Тип_материала": "железобетон",
        "Площадь_квартиры": 68,
        "Количество_жителей": 155,
        "Наличие_лифта": false,
        "Наличие_охраны": false,
        "Наличие_парковки": false,
        "Расход_энергии_на_дом": 33254,
        "Наличие_спортивного_зала": false,
        "Расстояние_до_центра": 10,
        "Расстояние_до_метро": 7,
        "Расстояние_до_школы": 1
    },
    {
        "Название": "РАО «Комиссаров»",
        "Адрес": "с. Благовещенск (Амур.), пер. Осенний, д. 477, 966379",
        "Количество_этажей": 35,
        "Количество_квартир": 245,
        "Год_постройки": "2022",
        "Тип_материала": "железобетон",
        "Площадь_квартиры": 198,
        "Количество_жителей": 276,
        "Наличие_лифта": false,
        "Наличие_охраны": true,
        "Наличие_парковки": true,
        "Расход_энергии_на_дом": 39914,
        "Наличие_спортивного_зала": false,
        "Расстояние_до_центра": 7,
        "Расстояние_до_метро": 2,
        "Расстояние_до_школы": 5
    },
    {
        "Название": "ОАО «Дроздова, Шилова и Фомина»",
        "Адрес": "к. Таштагол, пер. Димитрова, д. 5 к. 6/4, 580130",
        "Количество_этажей": 39,
        "Количество_квартир": 273,
        "Год_постройки": "2009",
        "Тип_материала": "железобетон",
        "Площадь_квартиры": 101,
        "Количество_жителей": 468,
        "Наличие_лифта": true,
        "Наличие_охраны": true,
        "Наличие_парковки": false,
        "Расход_энергии_на_дом": 18032,
        "Наличие_спортивного_зала": true,
        "Расстояние_до_центра": 4,
        "Расстояние_до_метро": 9,
        "Расстояние_до_школы": 1
    },
    {
        "Название": "Автодом",
        "Адрес": "г. Елабуга, алл. Байкальская, д. 8/2 к. 12, 848457",
        "Количество_этажей": 29,
        "Количество_квартир": 203,
        "Год_постройки": "2006",
        "Тип_материала": "стекло",
        "Площадь_квартиры": 181,
        "Количество_жителей": 472,
        "Наличие_лифта": true,
        "Наличие_охраны": true,
        "Наличие_парковки": true,
        "Расход_энергии_на_дом": 12059,
        "Наличие_спортивного_зала": true,
        "Расстояние_до_центра": 13,
        "Расстояние_до_метро": 8,
        "Расстояние_до_школы": 1
    },
    {
        "Название": "ОАО «Морозова»",
        "Адрес": "с. Урус-Мартан, ш. Попова, д. 5/9, 532288",
        "Количество_этажей": 23,
        "Количество_квартир": 161,
        "Год_постройки": "2023",
        "Тип_материала": "стекло",
        "Площадь_квартиры": 196,
        "Количество_жителей": 78,
        "Наличие_лифта": true,
        "Наличие_охраны": false,
        "Наличие_парковки": true,
        "Расход_энергии_на_дом": 39049,
        "Наличие_спортивного_зала": false,
        "Расстояние_до_центра": 9,
        "Расстояние_до_метро": 3,
        "Расстояние_до_школы": 5
    },
    {
        "Название": "ЛУКОЙЛ",
        "Адрес": "к. Дно, ул. Загородная, д. 23, 988480",
        "Количество_этажей": 47,
        "Количество_квартир": 329,
        "Год_постройки": "2001",
        "Тип_материала": "кирпич",
        "Площадь_квартиры": 158,
        "Количество_жителей": 214,
        "Наличие_лифта": false,
        "Наличие_охраны": true,
        "Наличие_парковки": false,
        "Расход_энергии_на_дом": 12615,
        "Наличие_спортивного_зала": true,
        "Расстояние_до_центра": 7,
        "Расстояние_до_метро": 9,
        "Расстояние_до_школы": 1
    },
    {
        "Название": "ИП «Корнилов-Калашникова»",
        "Адрес": "д. Калязин, алл. Большая, д. 45 к. 60, 909624",
        "Количество_этажей": 20,
        "Количество_квартир": 140,
        "Год_постройки": "1977",
        "Тип_материала": "кирпич",
        "Площадь_квартиры": 81,
        "Количество_жителей": 449,
        "Наличие_лифта": true,
        "Наличие_охраны": true,
        "Наличие_парковки": false,
        "Расход_энергии_на_дом": 25066,
        "Наличие_спортивного_зала": false,
        "Расстояние_до_центра": 4,
        "Расстояние_до_метро": 8,
        "Расстояние_до_школы": 1
    },
    {
        "Название": "АО «Кулагин»",
        "Адрес": "п. Ачинск, ул. Пархоменко, д. 237, 960963",
        "Количество_этажей": 47,
        "Количество_квартир": 329,
        "Год_постройки": "1972",
        "Тип_материала": "стекло",
        "Площадь_квартиры": 147,
        "Количество_жителей": 446,
        "Наличие_лифта": true,
        "Наличие_охраны": true,
        "Наличие_парковки": true,
        "Расход_энергии_на_дом": 35413,
        "Наличие_спортивного_зала": true,
        "Расстояние_до_центра": 3,
        "Расстояние_до_метро": 10,
        "Расстояние_до_школы": 2
    },
    {
        "Название": "ФМСМ (PMI)",
        "Адрес": "п. Энгельс, бул. Фадеева, д. 3/7 к. 6, 699540",
        "Количество_этажей": 45,
        "Количество_квартир": 315,
        "Год_постройки": "1985",
        "Тип_материала": "кирпич",
        "Площадь_квартиры": 93,
        "Количество_жителей": 82,
        "Наличие_лифта": false,
        "Наличие_охраны": true,
        "Наличие_парковки": true,
        "Расход_энергии_на_дом": 41375,
        "Наличие_спортивного_зала": true,
        "Расстояние_до_центра": 19,
        "Расстояние_до_метро": 2,
        "Расстояние_до_школы": 5
    },
    {
        "Название": "ООО «Маслова Петухова»",
        "Адрес": "д. Нижний Новгород, алл. Школьная, д. 21, 038726",
        "Количество_этажей": 27,
        "Количество_квартир": 189,
        "Год_постройки": "1992",
        "Тип_материала": "железобетон",
        "Площадь_квартиры": 52,
        "Количество_жителей": 306,
        "Наличие_лифта": true,
        "Наличие_охраны": true,
        "Наличие_парковки": false,
        "Расход_энергии_на_дом": 42673,
        "Наличие_спортивного_зала": true,
        "Расстояние_до_центра": 5,
        "Расстояние_до_метро": 4,
        "Расстояние_до_школы": 3
    },
    {
        "Название": "ЗАО «Юдин, Алексеева и Кабанова»",
        "Адрес": "к. Ельня, пр. Просвещения, д. 606 к. 6/7, 499023",
        "Количество_этажей": 41,
        "Количество_квартир": 287,
        "Год_постройки": "1993",
        "Тип_материала": "железобетон",
        "Площадь_квартиры": 57,
        "Количество_жителей": 159,
        "Наличие_лифта": true,
        "Наличие_охраны": true,
        "Наличие_парковки": true,
        "Расход_энергии_на_дом": 37139,
        "Наличие_спортивного_зала": true,
        "Расстояние_до_центра": 19,
        "Расстояние_до_метро": 7,
        "Расстояние_до_школы": 1
    },
    {
        "Название": "АО «Орлова-Красильников»",
        "Адрес": "ст. Усть-Джегута, алл. Ключевая, д. 9 стр. 7, 440968",
        "Количество_этажей": 25,
        "Количество_квартир": 175,
        "Год_постройки": "2001",
        "Тип_материала": "железобетон",
        "Площадь_квартиры": 191,
        "Количество_жителей": 380,
        "Наличие_лифта": false,
        "Наличие_охраны": true,
        "Наличие_парковки": false,
        "Расход_энергии_на_дом": 34418,
        "Наличие_спортивного_зала": false,
        "Расстояние_до_центра": 6,
        "Расстояние_до_метро": 9,
        "Расстояние_до_школы": 5
    },
    {
        "Название": "ООО «Кабанова»",
        "Адрес": "г. Витим, бул. Володарского, д. 1, 657045",
        "Количество_этажей": 40,
        "Количество_квартир": 280,
        "Год_постройки": "1988",
        "Тип_материала": "кирпич",
        "Площадь_квартиры": 125,
        "Количество_жителей": 377,
        "Наличие_лифта": false,
        "Наличие_охраны": true,
        "Наличие_парковки": true,
        "Расход_энергии_на_дом": 14866,
        "Наличие_спортивного_зала": false,
        "Расстояние_до_центра": 14,
        "Расстояние_до_метро": 4,
        "Расстояние_до_школы": 4
    },
    {
        "Название": "РАО «Максимова»",
        "Адрес": "г. Цимлянск, пер. 50 лет Победы, д. 556, 567412",
        "Количество_этажей": 26,
        "Количество_квартир": 182,
        "Год_постройки": "1981",
        "Тип_материала": "железобетон",
        "Площадь_квартиры": 127,
        "Количество_жителей": 386,
        "Наличие_лифта": true,
        "Наличие_охраны": false,
        "Наличие_парковки": false,
        "Расход_энергии_на_дом": 26565,
        "Наличие_спортивного_зала": false,
        "Расстояние_до_центра": 14,
        "Расстояние_до_метро": 3,
        "Расстояние_до_школы": 3
    }
]