[
    {
        "Название": "ИП «Антонов Самойлова»",
        "Адрес": "к. Горно-Алтайск, наб. Черемушки, д. 1, 925592",
        "Количество_этажей": 34,
        "Количество_квартир": 238,
        "Год_постройки": "2020",
        "Тип_материала": "кирпич",
        "Площадь_квартиры": 99,
        "Количество_жителей": 437,
        "Наличие_лифта": true,
        "Наличие_охраны": true,
        "Наличие_парковки": true,
        "Расход_энергии_на_дом": 10359,
        "Наличие_спортивного_зала": true,
        "Расстояние_до_центра": 9,
        "Расстояние_до_метро": 2,
        "Расстояние_до_школы": 4
    },
    {
        "Название": "Петухова Групп",
        "Адрес": "ст. Кыштым, бул. Тенистый, д. 2, 750727",
        "Количество_этажей": 22,
        "Количество_квартир": 154,
        "Год_постройки": "1995",
        "Тип_материала": "железобетон",
        "Площадь_квартиры": 193,
        "Количество_жителей": 435,
        "Наличие_лифта": false,
        "Наличие_охраны": false,
        "Наличие_парковки": false,
        "Расход_энергии_на_дом": 36355,
        "Наличие_спортивного_зала": false,
        "Расстояние_до_центра": 20,
        "Расстояние_до_метро": 10,
        "Расстояние_до_школы": 2
    },
    {
        "Название": "МТС-банк",
        "Адрес": "ст. Середниково, бул. Пирогова, д. 44 стр. 515, 815562",
        "Количество_этажей": 23,
        "Количество_квартир": 161,
        "Год_постройки": "2007",
        "Тип_материала": "стекло",
        "Площадь_квартиры": 163,
        "Количество_жителей": 151,
        "Наличие_лифта": true,
        "Наличие_охраны": false,
        "Наличие_парковки": true,
        "Расход_энергии_на_дом": 21816,
        "Наличие_спортивного_зала": true,
        "Расстояние_до_центра": 10,
        "Расстояние_до_метро": 9,
        "Расстояние_до_школы": 2
    },
    {
        "Название": "ИП «Виноградов Сысоев»",
        "Адрес": "п. Яшкуль, ул. Разина, д. 1 стр. 4, 462172",
        "Количество_этажей": 32,
        "Количество_квартир": 224,
        "Год_постройки": "1975",
        "Тип_материала": "кирпич",
        "Площадь_квартиры": 119,
        "Количество_жителей": 353,
        "Наличие_лифта": true,
        "Наличие_охраны": true,
        "Наличие_парковки": true,
        "Расход_энергии_на_дом": 24344,
        "Наличие_спортивного_зала": false,
        "Расстояние_до_центра": 2,
        "Расстояние_до_метро": 8,
        "Расстояние_до_школы": 2
    },
    {
        "Название": "РАО «Егорова»",
        "Адрес": "к. Шарья, алл. Рябиновая, д. 62 к. 3, 082523",
        "Количество_этажей": 23,
        "Количество_квартир": 161,
        "Год_постройки": "1997",
        "Тип_материала": "кирпич",
        "Площадь_квартиры": 183,
        "Количество_жителей": 266,
        "Наличие_лифта": true,
        "Наличие_охраны": false,
        "Наличие_парковки": true,
        "Расход_энергии_на_дом": 10588,
        "Наличие_спортивного_зала": false,
        "Расстояние_до_центра": 11,
        "Расстояние_до_метро": 5,
        "Расстояние_до_школы": 3
    },
    {
        "Название": "ИП «Быков»",
        "Адрес": "ст. Североморск, ш. Заводское, д. 1, 894632",
        "Количество_этажей": 35,
        "Количество_квартир": 245,
        "Год_постройки": "1978",
        "Тип_материала": "кирпич",
        "Площадь_квартиры": 130,
        "Количество_жителей": 321,
        "Наличие_лифта": true,
        "Наличие_охраны": true,
        "Наличие_парковки": true,
        "Расход_энергии_на_дом": 30143,
        "Наличие_спортивного_зала": false,
        "Расстояние_до_центра": 2,
        "Расстояние_до_метро": 5,
        "Расстояние_до_школы": 2
    },
    {
        "Название": "Комус",
        "Адрес": "г. Горячинск, пр. Морской, д. 97, 002155",
        "Количество_этажей": 44,
        "Количество_квартир": 308,
        "Год_постройки": "1982",
        "Тип_материала": "стекло",
        "Площадь_квартиры": 131,
        "Количество_жителей": 254,
        "Наличие_лифта": true,
        "Наличие_охраны": true,
        "Наличие_парковки": true,
        "Расход_энергии_на_дом": 35885,
        "Наличие_спортивного_зала": false,
        "Расстояние_до_центра": 15,
        "Расстояние_до_метро": 5,
        "Расстояние_до_школы": 5
    },
    {
        "Название": "ОАО «Соболева, Ковалева и Муравьева»",
        "Адрес": "ст. Ейск, ул. Победы, д. 6 к. 7/7, 495166",
        "Количество_этажей": 44,
        "Количество_квартир": 308,
        "Год_постройки": "1992",
        "Тип_материала": "железобетон",
        "Площадь_квартиры": 172,
        "Количество_жителей": 141,
        "Наличие_лифта": true,
        "Наличие_охраны": false,
        "Наличие_парковки": false,
        "Расход_энергии_на_дом": 29717,
        "Наличие_спортивного_зала": false,
        "Расстояние_до_центра": 16,
        "Расстояние_до_метро": 5,
        "Расстояние_до_школы": 2
    },
    {
        "Название": "РАО «Терентьев-Носкова»",
        "Адрес": "д. Балашиха, ш. Вишневое, д. 7 стр. 78, 140751",
        "Количество_этажей": 42,
        "Количество_квартир": 294,
        "Год_постройки": "1998",
        "Тип_материала": "стекло",
        "Площадь_квартиры": 70,
        "Количество_жителей": 168,
        "Наличие_лифта": true,
        "Наличие_охраны": true,
        "Наличие_парковки": false,
        "Расход_энергии_на_дом": 15595,
        "Наличие_спортивного_зала": false,
        "Расстояние_до_центра": 15,
        "Расстояние_до_метро": 3,
        "Расстояние_до_школы": 5
    },
    {
        "Название": "Мишин Лтд",
        "Адрес": "г. Мокшан, пр. Ильича, д. 71 стр. 4, 869853",
        "Количество_этажей": 41,
        "Количество_квартир": 287,
        "Год_постройки": "1970",
        "Тип_материала": "железобетон",
        "Площадь_квартиры": 133,
        "Количество_жителей": 248,
        "Наличие_лифта": true,
        "Наличие_охраны": true,
        "Наличие_парковки": false,
        "Расход_энергии_на_дом": 40988,
        "Наличие_спортивного_зала": false,
        "Расстояние_до_центра": 12,
        "Расстояние_до_метро": 1,
        "Расстояние_до_школы": 4
    },
    {
        "Название": "Вишнякова Групп",
        "Адрес": "с. Онега, бул. Севастопольский, д. 8 к. 2, 034519",
        "Количество_этажей": 37,
        "Количество_квартир": 259,
        "Год_постройки": "1970",
        "Тип_материала": "кирпич",
        "Площадь_квартиры": 199,
        "Количество_жителей": 421,
        "Наличие_лифта": true,
        "Наличие_охраны": true,
        "Наличие_парковки": false,
        "Расход_энергии_на_дом": 45076,
        "Наличие_спортивного_зала": false,
        "Расстояние_до_центра": 7,
        "Расстояние_до_метро": 2,
        "Расстояние_до_школы": 4
    },
    {
        "Название": "РАО «Архипова, Сафонов и Баранова»",
        "Адрес": "клх Шелехов, пер. Астраханский, д. 2 к. 4, 414354",
        "Количество_этажей": 39,
        "Количество_квартир": 273,
        "Год_постройки": "2019",
        "Тип_материала": "кирпич",
        "Площадь_квартиры": 125,
        "Количество_жителей": 370,
        "Наличие_лифта": true,
        "Наличие_охраны": true,
        "Наличие_парковки": true,
        "Расход_энергии_на_дом": 14196,
        "Наличие_спортивного_зала": false,
        "Расстояние_до_центра": 4,
        "Расстояние_до_метро": 7,
        "Расстояние_до_школы": 4
    },
    {
        "Название": "Боброва Лтд",
        "Адрес": "с. Нефтеюганск, ул. Покровская, д. 82 стр. 727, 801686",
        "Количество_этажей": 38,
        "Количество_квартир": 266,
        "Год_постройки": "2013",
        "Тип_материала": "железобетон",
        "Площадь_квартиры": 194,
        "Количество_жителей": 444,
        "Наличие_лифта": true,
        "Наличие_охраны": true,
        "Наличие_парковки": false,
        "Расход_энергии_на_дом": 35475,
        "Наличие_спортивного_зала": true,
        "Расстояние_до_центра": 17,
        "Расстояние_до_метро": 9,
        "Расстояние_до_школы": 5
    },
    {
        "Название": "Национальная компьютерная корпорация",
        "Адрес": "п. Сорочинск, ш. Толстого, д. 3, 554108",
        "Количество_этажей": 49,
        "Количество_квартир": 343,
        "Год_постройки": "2022",
        "Тип_материала": "стекло",
        "Площадь_квартиры": 64,
        "Количество_жителей": 185,
        "Наличие_лифта": false,
        "Наличие_охраны": true,
        "Наличие_парковки": false,
        "Расход_энергии_на_дом": 11744,
        "Наличие_спортивного_зала": false,
        "Расстояние_до_центра": 19,
        "Расстояние_до_метро": 5,
        "Расстояние_до_школы": 4
    },
    {
        "Название": "ОАО «Филиппов»",
        "Адрес": "клх Всеволожск, пер. Рябиновый, д. 3/6 стр. 56, 674158",
        "Количество_этажей": 39,
        "Количество_квартир": 273,
        "Год_постройки": "2021",
        "Тип_материала": "стекло",
        "Площадь_квартиры": 73,
        "Количество_жителей": 475,
        "Наличие_лифта": true,
        "Наличие_охраны": true,
        "Наличие_парковки": false,
        "Расход_энергии_на_дом": 15404,
        "Наличие_спортивного_зала": false,
        "Расстояние_до_центра": 17,
        "Расстояние_до_метро": 6,
        "Расстояние_до_школы": 5
    }
]