[
    {
        "Название": "АО «Абрамова Красильников»",
        "Адрес": "ст. Сорочинск, бул. Главный, д. 4 стр. 7/7, 715160",
        "Количество_этажей": 27,
        "Количество_квартир": 189,
        "Год_постройки": "2015",
        "Тип_материала": "железобетон",
        "Площадь_квартиры": 69,
        "Количество_жителей": 50,
        "Наличие_лифта": true,
        "Наличие_охраны": true,
        "Наличие_парковки": false,
        "Расход_энергии_на_дом": 20439,
        "Наличие_спортивного_зала": false,
        "Расстояние_до_центра": 4,
        "Расстояние_до_метро": 5,
        "Расстояние_до_школы": 5
    },
    {
        "Название": "Матвеева Инкорпорэйтед",
        "Адрес": "клх Химки, наб. Тульская, д. 74 стр. 4/5, 136732",
        "Количество_этажей": 25,
        "Количество_квартир": 175,
        "Год_постройки": "1980",
        "Тип_материала": "стекло",
        "Площадь_квартиры": 148,
        "Количество_жителей": 458,
        "Наличие_лифта": true,
        "Наличие_охраны": true,
        "Наличие_парковки": false,
        "Расход_энергии_на_дом": 16362,
        "Наличие_спортивного_зала": false,
        "Расстояние_до_центра": 16,
        "Расстояние_до_метро": 8,
        "Расстояние_до_школы": 2
    },
    {
        "Название": "ЗАО «Панфилова-Осипов»",
        "Адрес": "г. Цимлянск, пер. Промышленный, д. 247 стр. 51, 326702",
        "Количество_этажей": 37,
        "Количество_квартир": 259,
        "Год_постройки": "1985",
        "Тип_материала": "железобетон",
        "Площадь_квартиры": 84,
        "Количество_жителей": 326,
        "Наличие_лифта": true,
        "Наличие_охраны": true,
        "Наличие_парковки": false,
        "Расход_энергии_на_дом": 14966,
        "Наличие_спортивного_зала": false,
        "Расстояние_до_центра": 11,
        "Расстояние_до_метро": 5,
        "Расстояние_до_школы": 3
    },
    {
        "Название": "РАО «Федорова»",
        "Адрес": "с. Гусь-Хрустальный, пер. Толстого, д. 8 стр. 5/3, 590520",
        "Количество_этажей": 47,
        "Количество_квартир": 329,
        "Год_постройки": "2005",
        "Тип_материала": "кирпич",
        "Площадь_квартиры": 125,
        "Количество_жителей": 72,
        "Наличие_лифта": false,
        "Наличие_охраны": true,
        "Наличие_парковки": false,
        "Расход_энергии_на_дом": 37129,
        "Наличие_спортивного_зала": false,
        "Расстояние_до_центра": 13,
        "Расстояние_до_метро": 5,
        "Расстояние_до_школы": 2
    },
    {
        "Название": "Денцу Эйджис Си Эс (Dentsu)",
        "Адрес": "к. Любань, ул. Камская, д. 85, 251389",
        "Количество_этажей": 20,
        "Количество_квартир": 140,
        "Год_постройки": "2005",
        "Тип_материала": "кирпич",
        "Площадь_квартиры": 113,
        "Количество_жителей": 224,
        "Наличие_лифта": false,
        "Наличие_охраны": true,
        "Наличие_парковки": false,
        "Расход_энергии_на_дом": 46820,
        "Наличие_спортивного_зала": true,
        "Расстояние_до_центра": 6,
        "Расстояние_до_метро": 3,
        "Расстояние_до_школы": 3
    },
    {
        "Название": "ЗАО «Денисова»",
        "Адрес": "п. Озеры, ул. Санаторная, д. 3 к. 9, 569869",
        "Количество_этажей": 40,
        "Количество_квартир": 280,
        "Год_постройки": "2015",
        "Тип_материала": "стекло",
        "Площадь_квартиры": 189,
        "Количество_жителей": 197,
        "Наличие_лифта": true,
        "Наличие_охраны": true,
        "Наличие_парковки": false,
        "Расход_энергии_на_дом": 41512,
        "Наличие_спортивного_зала": true,
        "Расстояние_до_центра": 20,
        "Расстояние_до_метро": 9,
        "Расстояние_до_школы": 5
    },
    {
        "Название": "АО «Куликов»",
        "Адрес": "с. Смирных, пр. Революционный, д. 2, 111470",
        "Количество_этажей": 28,
        "Количество_квартир": 196,
        "Год_постройки": "1997",
        "Тип_материала": "стекло",
        "Площадь_квартиры": 166,
        "Количество_жителей": 256,
        "Наличие_лифта": true,
        "Наличие_охраны": true,
        "Наличие_парковки": false,
        "Расход_энергии_на_дом": 24729,
        "Наличие_спортивного_зала": true,
        "Расстояние_до_центра": 20,
        "Расстояние_до_метро": 10,
        "Расстояние_до_школы": 2
    },
    {
        "Название": "Мазда Мотор Рус (Mazda)",
        "Адрес": "клх Домбай, бул. Осенний, д. 703 к. 7/5, 241570",
        "Количество_этажей": 48,
        "Количество_квартир": 336,
        "Год_постройки": "1988",
        "Тип_материала": "стекло",
        "Площадь_квартиры": 79,
        "Количество_жителей": 232,
        "Наличие_лифта": true,
        "Наличие_охраны": true,
        "Наличие_парковки": true,
        "Расход_энергии_на_дом": 11807,
        "Наличие_спортивного_зала": true,
        "Расстояние_до_центра": 20,
        "Расстояние_до_метро": 8,
        "Расстояние_до_школы": 2
    },
    {
        "Название": "Eurasia Drilling Company",
        "Адрес": "с. Воскресенск, ш. Майское, д. 42 стр. 3/5, 750098",
        "Количество_этажей": 44,
        "Количество_квартир": 308,
        "Год_постройки": "1990",
        "Тип_материала": "кирпич",
        "Площадь_квартиры": 141,
        "Количество_жителей": 351,
        "Наличие_лифта": true,
        "Наличие_охраны": true,
        "Наличие_парковки": false,
        "Расход_энергии_на_дом": 29733,
        "Наличие_спортивного_зала": false,
        "Расстояние_до_центра": 14,
        "Расстояние_до_метро": 4,
        "Расстояние_до_школы": 3
    },
    {
        "Название": "ИКЕА Торг (INGKA)",
        "Адрес": "г. Тюмень, алл. Тюленина, д. 489 стр. 591, 187735",
        "Количество_этажей": 45,
        "Количество_квартир": 315,
        "Год_постройки": "1985",
        "Тип_материала": "железобетон",
        "Площадь_квартиры": 175,
        "Количество_жителей": 158,
        "Наличие_лифта": true,
        "Наличие_охраны": true,
        "Наличие_парковки": false,
        "Расход_энергии_на_дом": 26907,
        "Наличие_спортивного_зала": false,
        "Расстояние_до_центра": 20,
        "Расстояние_до_метро": 6,
        "Расстояние_до_школы": 3
    },
    {
        "Название": "Марс (Mars)",
        "Адрес": "с. Оленек, ш. Гражданское, д. 61 стр. 357, 017755",
        "Количество_этажей": 24,
        "Количество_квартир": 168,
        "Год_постройки": "2002",
        "Тип_материала": "кирпич",
        "Площадь_квартиры": 110,
        "Количество_жителей": 483,
        "Наличие_лифта": true,
        "Наличие_охраны": true,
        "Наличие_парковки": false,
        "Расход_энергии_на_дом": 35948,
        "Наличие_спортивного_зала": true,
        "Расстояние_до_центра": 10,
        "Расстояние_до_метро": 1,
        "Расстояние_до_школы": 1
    },
    {
        "Название": "ИП «Князева Гордеева»",
        "Адрес": "г. Урай, пр. Свердлова, д. 173 стр. 9/5, 837550",
        "Количество_этажей": 34,
        "Количество_квартир": 238,
        "Год_постройки": "2003",
        "Тип_материала": "железобетон",
        "Площадь_квартиры": 75,
        "Количество_жителей": 163,
        "Наличие_лифта": true,
        "Наличие_охраны": false,
        "Наличие_парковки": true,
        "Расход_энергии_на_дом": 15293,
        "Наличие_спортивного_зала": true,
        "Расстояние_до_центра": 3,
        "Расстояние_до_метро": 2,
        "Расстояние_до_школы": 4
    },
    {
        "Название": "АО «Молчанов, Исаков и Афанасьева»",
        "Адрес": "г. Усть-Баргузин, наб. 30 лет Победы, д. 8 стр. 703, 769360",
        "Количество_этажей": 40,
        "Количество_квартир": 280,
        "Год_постройки": "1994",
        "Тип_материала": "кирпич",
        "Площадь_квартиры": 130,
        "Количество_жителей": 60,
        "Наличие_лифта": true,
        "Наличие_охраны": true,
        "Наличие_парковки": true,
        "Расход_энергии_на_дом": 13405,
        "Наличие_спортивного_зала": true,
        "Расстояние_до_центра": 8,
        "Расстояние_до_метро": 3,
        "Расстояние_до_школы": 2
    },
    {
        "Название": "Газпром",
        "Адрес": "клх Усть-Ишим, бул. Народный, д. 54 стр. 7/6, 407309",
        "Количество_этажей": 36,
        "Количество_квартир": 252,
        "Год_постройки": "1996",
        "Тип_материала": "стекло",
        "Площадь_квартиры": 137,
        "Количество_жителей": 249,
        "Наличие_лифта": true,
        "Наличие_охраны": true,
        "Наличие_парковки": false,
        "Расход_энергии_на_дом": 27805,
        "Наличие_спортивного_зала": true,
        "Расстояние_до_центра": 7,
        "Расстояние_до_метро": 6,
        "Расстояние_до_школы": 1
    },
    {
        "Название": "Никитин Лимитед",
        "Адрес": "с. Аргаяш, ш. Панфилова, д. 3, 507776",
        "Количество_этажей": 31,
        "Количество_квартир": 217,
        "Год_постройки": "1971",
        "Тип_материала": "стекло",
        "Площадь_квартиры": 196,
        "Количество_жителей": 244,
        "Наличие_лифта": true,
        "Наличие_охраны": true,
        "Наличие_парковки": true,
        "Расход_энергии_на_дом": 46112,
        "Наличие_спортивного_зала": false,
        "Расстояние_до_центра": 1,
        "Расстояние_до_метро": 6,
        "Расстояние_до_школы": 5
    }
]