[
    {
        "Название": "ООО «Куликова-Григорьева»",
        "Адрес": "клх Видное, наб. Станиславского, д. 8/2 стр. 5/3, 234583",
        "Количество_этажей": 46,
        "Количество_квартир": 322,
        "Год_постройки": "1995",
        "Тип_материала": "железобетон",
        "Площадь_квартиры": 130,
        "Количество_жителей": 227,
        "Наличие_лифта": true,
        "Наличие_охраны": true,
        "Наличие_парковки": true,
        "Расход_энергии_на_дом": 33374,
        "Наличие_спортивного_зала": false,
        "Расстояние_до_центра": 1,
        "Расстояние_до_метро": 10,
        "Расстояние_до_школы": 5
    },
    {
        "Название": "Ширяев Лтд",
        "Адрес": "п. Кинешма, пер. Мусы Джалиля, д. 328 к. 44, 053951",
        "Количество_этажей": 31,
        "Количество_квартир": 217,
        "Год_постройки": "2010",
        "Тип_материала": "железобетон",
        "Площадь_квартиры": 60,
        "Количество_жителей": 81,
        "Наличие_лифта": true,
        "Наличие_охраны": true,
        "Наличие_парковки": false,
        "Расход_энергии_на_дом": 46015,
        "Наличие_спортивного_зала": false,
        "Расстояние_до_центра": 2,
        "Расстояние_до_метро": 6,
        "Расстояние_до_школы": 5
    },
    {
        "Название": "ООО «Владимирова-Воробьев»",
        "Адрес": "д. Железногорск(Курск.), ш. Щетинкина, д. 5/4 к. 80, 514549",
        "Количество_этажей": 24,
        "Количество_квартир": 168,
        "Год_постройки": "2003",
        "Тип_материала": "железобетон",
        "Площадь_квартиры": 166,
        "Количество_жителей": 77,
        "Наличие_лифта": false,
        "Наличие_охраны": true,
        "Наличие_парковки": false,
        "Расход_энергии_на_дом": 39248,
        "Наличие_спортивного_зала": true,
        "Расстояние_до_центра": 15,
        "Расстояние_до_метро": 9,
        "Расстояние_до_школы": 3
    },
    {
        "Название": "РАО «Третьякова, Самойлов и Евдокимова»",
        "Адрес": "д. Клин, пр. Маркса, д. 4 стр. 64, 592990",
        "Количество_этажей": 29,
        "Количество_квартир": 203,
        "Год_постройки": "2009",
        "Тип_материала": "стекло",
        "Площадь_квартиры": 174,
        "Количество_жителей": 366,
        "Наличие_лифта": false,
        "Наличие_охраны": true,
        "Наличие_парковки": true,
        "Расход_энергии_на_дом": 34307,
        "Наличие_спортивного_зала": true,
        "Расстояние_до_центра": 7,
        "Расстояние_до_метро": 3,
        "Расстояние_до_школы": 1
    },
    {
        "Название": "РАО «Попов»",
        "Адрес": "к. Горно-Алтайск, пер. Амурский, д. 97, 487938",
        "Количество_этажей": 42,
        "Количество_квартир": 294,
        "Год_постройки": "1978",
        "Тип_материала": "стекло",
        "Площадь_квартиры": 60,
        "Количество_жителей": 472,
        "Наличие_лифта": true,
        "Наличие_охраны": true,
        "Наличие_парковки": true,
        "Расход_энергии_на_дом": 36450,
        "Наличие_спортивного_зала": true,
        "Расстояние_до_центра": 18,
        "Расстояние_до_метро": 1,
        "Расстояние_до_школы": 3
    },
    {
        "Название": "Селезнев Лимитед",
        "Адрес": "г. Сыктывкар, алл. Инженерная, д. 2, 664447",
        "Количество_этажей": 30,
        "Количество_квартир": 210,
        "Год_постройки": "2001",
        "Тип_материала": "кирпич",
        "Площадь_квартиры": 60,
        "Количество_жителей": 100,
        "Наличие_лифта": true,
        "Наличие_охраны": true,
        "Наличие_парковки": true,
        "Расход_энергии_на_дом": 14712,
        "Наличие_спортивного_зала": true,
        "Расстояние_до_центра": 8,
        "Расстояние_до_метро": 3,
        "Расстояние_до_школы": 5
    },
    {
        "Название": "АО «Блинова-Копылова»",
        "Адрес": "клх Лазаревское, алл. Вольная, д. 44, 193497",
        "Количество_этажей": 39,
        "Количество_квартир": 273,
        "Год_постройки": "2009",
        "Тип_материала": "железобетон",
        "Площадь_квартиры": 171,
        "Количество_жителей": 382,
        "Наличие_лифта": true,
        "Наличие_охраны": true,
        "Наличие_парковки": false,
        "Расход_энергии_на_дом": 24836,
        "Наличие_спортивного_зала": false,
        "Расстояние_до_центра": 15,
        "Расстояние_до_метро": 5,
        "Расстояние_до_школы": 2
    },
    {
        "Название": "Мартынов Лтд",
        "Адрес": "д. Пушкино (Моск.), наб. Угловая, д. 265, 626428",
        "Количество_этажей": 28,
        "Количество_квартир": 196,
        "Год_постройки": "1983",
        "Тип_материала": "железобетон",
        "Площадь_квартиры": 103,
        "Количество_жителей": 394,
        "Наличие_лифта": true,
        "Наличие_охраны": false,
        "Наличие_парковки": true,
        "Расход_энергии_на_дом": 48140,
        "Наличие_спортивного_зала": false,
        "Расстояние_до_центра": 10,
        "Расстояние_до_метро": 2,
        "Расстояние_до_школы": 1
    },
    {
        "Название": "ИП «Овчинникова, Щербакова и Журавлева»",
        "Адрес": "д. Елабуга, наб. 40 лет Октября, д. 5 к. 4/8, 488304",
        "Количество_этажей": 22,
        "Количество_квартир": 154,
        "Год_постройки": "2000",
        "Тип_материала": "кирпич",
        "Площадь_квартиры": 174,
        "Количество_жителей": 155,
        "Наличие_лифта": true,
        "Наличие_охраны": false,
        "Наличие_парковки": true,
        "Расход_энергии_на_дом": 12653,
        "Наличие_спортивного_зала": true,
        "Расстояние_до_центра": 13,
        "Расстояние_до_метро": 8,
        "Расстояние_до_школы": 4
    },
    {
        "Название": "ООО «Журавлев Иванова»",
        "Адрес": "клх Верещагино (Перм.), бул. Ольховый, д. 991 стр. 7/8, 703282",
        "Количество_этажей": 50,
        "Количество_квартир": 350,
        "Год_постройки": "2014",
        "Тип_материала": "железобетон",
        "Площадь_квартиры": 104,
        "Количество_жителей": 242,
        "Наличие_лифта": true,
        "Наличие_охраны": false,
        "Наличие_парковки": false,
        "Расход_энергии_на_дом": 47275,
        "Наличие_спортивного_зала": true,
        "Расстояние_до_центра": 17,
        "Расстояние_до_метро": 4,
        "Расстояние_до_школы": 4
    },
    {
        "Название": "ОАО «Лазарев»",
        "Адрес": "к. Стрежевой, ул. Черемушки, д. 53, 360125",
        "Количество_этажей": 36,
        "Количество_квартир": 252,
        "Год_постройки": "1987",
        "Тип_материала": "железобетон",
        "Площадь_квартиры": 114,
        "Количество_жителей": 393,
        "Наличие_лифта": true,
        "Наличие_охраны": true,
        "Наличие_парковки": false,
        "Расход_энергии_на_дом": 37359,
        "Наличие_спортивного_зала": false,
        "Расстояние_до_центра": 19,
        "Расстояние_до_метро": 2,
        "Расстояние_до_школы": 5
    },
    {
        "Название": "ЗАО «Евдокимова-Алексеев»",
        "Адрес": "д. Томари, ш. Свободы, д. 541 к. 9/2, 322582",
        "Количество_этажей": 47,
        "Количество_квартир": 329,
        "Год_постройки": "2002",
        "Тип_материала": "железобетон",
        "Площадь_квартиры": 136,
        "Количество_жителей": 75,
        "Наличие_лифта": true,
        "Наличие_охраны": true,
        "Наличие_парковки": false,
        "Расход_энергии_на_дом": 34292,
        "Наличие_спортивного_зала": false,
        "Расстояние_до_центра": 3,
        "Расстояние_до_метро": 2,
        "Расстояние_до_школы": 5
    },
    {
        "Название": "ООО «Быкова, Селиверстов и Савина»",
        "Адрес": "к. Октябрьское (Хант.), ш. Володарского, д. 2 стр. 388, 970960",
        "Количество_этажей": 37,
        "Количество_квартир": 259,
        "Год_постройки": "2018",
        "Тип_материала": "стекло",
        "Площадь_квартиры": 178,
        "Количество_жителей": 133,
        "Наличие_лифта": false,
        "Наличие_охраны": true,
        "Наличие_парковки": true,
        "Расход_энергии_на_дом": 19652,
        "Наличие_спортивного_зала": false,
        "Расстояние_до_центра": 4,
        "Расстояние_до_метро": 2,
        "Расстояние_до_школы": 3
    },
    {
        "Название": "ООО «Давыдов»",
        "Адрес": "г. Томск, ш. Менделеева, д. 290 к. 92, 610825",
        "Количество_этажей": 47,
        "Количество_квартир": 329,
        "Год_постройки": "2019",
        "Тип_материала": "железобетон",
        "Площадь_квартиры": 181,
        "Количество_жителей": 323,
        "Наличие_лифта": true,
        "Наличие_охраны": true,
        "Наличие_парковки": true,
        "Расход_энергии_на_дом": 44391,
        "Наличие_спортивного_зала": false,
        "Расстояние_до_центра": 10,
        "Расстояние_до_метро": 3,
        "Расстояние_до_школы": 1
    },
    {
        "Название": "ИП «Егоров Самсонов»",
        "Адрес": "к. Руза, ул. Ивановская, д. 1/4, 762862",
        "Количество_этажей": 26,
        "Количество_квартир": 182,
        "Год_постройки": "1989",
        "Тип_материала": "стекло",
        "Площадь_квартиры": 114,
        "Количество_жителей": 379,
        "Наличие_лифта": true,
        "Наличие_охраны": true,
        "Наличие_парковки": true,
        "Расход_энергии_на_дом": 27375,
        "Наличие_спортивного_зала": false,
        "Расстояние_до_центра": 6,
        "Расстояние_до_метро": 10,
        "Расстояние_до_школы": 1
    }
]