[
    {
        "Название": "ООО «Королева, Гришин и Брагина»",
        "Адрес": "клх Темрюк, бул. Войкова, д. 4/5 к. 418, 112079",
        "Количество_этажей": 20,
        "Количество_квартир": 140,
        "Год_постройки": "1979",
        "Тип_материала": "железобетон",
        "Площадь_квартиры": 61,
        "Количество_жителей": 299,
        "Наличие_лифта": false,
        "Наличие_охраны": true,
        "Наличие_парковки": true,
        "Расход_энергии_на_дом": 12447,
        "Наличие_спортивного_зала": true,
        "Расстояние_до_центра": 13,
        "Расстояние_до_метро": 1,
        "Расстояние_до_школы": 1
    },
    {
        "Название": "Белов Инк",
        "Адрес": "п. Северодвинск, алл. Микрорайон, д. 67 стр. 143, 134615",
        "Количество_этажей": 23,
        "Количество_квартир": 161,
        "Год_постройки": "1974",
        "Тип_материала": "кирпич",
        "Площадь_квартиры": 110,
        "Количество_жителей": 60,
        "Наличие_лифта": true,
        "Наличие_охраны": true,
        "Наличие_парковки": true,
        "Расход_энергии_на_дом": 25164,
        "Наличие_спортивного_зала": false,
        "Расстояние_до_центра": 5,
        "Расстояние_до_метро": 1,
        "Расстояние_до_школы": 1
    },
    {
        "Название": "ЗАО «Ильин Павлов»",
        "Адрес": "ст. Нижний Тагил, бул. Леонова, д. 679, 564140",
        "Количество_этажей": 48,
        "Количество_квартир": 336,
        "Год_постройки": "1984",
        "Тип_материала": "железобетон",
        "Площадь_квартиры": 88,
        "Количество_жителей": 88,
        "Наличие_лифта": true,
        "Наличие_охраны": true,
        "Наличие_парковки": false,
        "Расход_энергии_на_дом": 25402,
        "Наличие_спортивного_зала": true,
        "Расстояние_до_центра": 7,
        "Расстояние_до_метро": 1,
        "Расстояние_до_школы": 3
    },
    {
        "Название": "Калинина и партнеры",
        "Адрес": "г. Пинега, наб. Энгельса, д. 3 стр. 4, 968533",
        "Количество_этажей": 30,
        "Количество_квартир": 210,
        "Год_постройки": "1999",
        "Тип_материала": "стекло",
        "Площадь_квартиры": 155,
        "Количество_жителей": 431,
        "Наличие_лифта": true,
        "Наличие_охраны": false,
        "Наличие_парковки": false,
        "Расход_энергии_на_дом": 36654,
        "Наличие_спортивного_зала": false,
        "Расстояние_до_центра": 1,
        "Расстояние_до_метро": 3,
        "Расстояние_до_школы": 2
    },
    {
        "Название": "РАО «Дмитриева»",
        "Адрес": "д. Мелеуз, бул. Коммунаров, д. 99 стр. 39, 080295",
        "Количество_этажей": 27,
        "Количество_квартир": 189,
        "Год_постройки": "1987",
        "Тип_материала": "стекло",
        "Площадь_квартиры": 98,
        "Количество_жителей": 402,
        "Наличие_лифта": true,
        "Наличие_охраны": true,
        "Наличие_парковки": true,
        "Расход_энергии_на_дом": 38415,
        "Наличие_спортивного_зала": false,
        "Расстояние_до_центра": 10,
        "Расстояние_до_метро": 9,
        "Расстояние_до_школы": 2
    },
    {
        "Название": "НПО «Лобанов Уваров»",
        "Адрес": "к. Истра, пер. Щорса, д. 26 стр. 24, 590937",
        "Количество_этажей": 28,
        "Количество_квартир": 196,
        "Год_постройки": "1984",
        "Тип_материала": "кирпич",
        "Площадь_квартиры": 122,
        "Количество_жителей": 64,
        "Наличие_лифта": true,
        "Наличие_охраны": true,
        "Наличие_парковки": false,
        "Расход_энергии_на_дом": 15632,
        "Наличие_спортивного_зала": false,
        "Расстояние_до_центра": 18,
        "Расстояние_до_метро": 1,
        "Расстояние_до_школы": 3
    },
    {
        "Название": "РАО «Семенов Мамонтов»",
        "Адрес": "д. Тайшет, пр. Ворошилова, д. 9/7 стр. 2, 946311",
        "Количество_этажей": 40,
        "Количество_квартир": 280,
        "Год_постройки": "1977",
        "Тип_материала": "железобетон",
        "Площадь_квартиры": 149,
        "Количество_жителей": 119,
        "Наличие_лифта": true,
        "Наличие_охраны": true,
        "Наличие_парковки": false,
        "Расход_энергии_на_дом": 21634,
        "Наличие_спортивного_зала": false,
        "Расстояние_до_центра": 10,
        "Расстояние_до_метро": 4,
        "Расстояние_до_школы": 5
    },
    {
        "Название": "ИП «Молчанова, Лазарева и Зуев»",
        "Адрес": "д. Нефтеюганск, наб. Окружная, д. 24, 156839",
        "Количество_этажей": 25,
        "Количество_квартир": 175,
        "Год_постройки": "1996",
        "Тип_материала": "стекло",
        "Площадь_квартиры": 88,
        "Количество_жителей": 109,
        "Наличие_лифта": true,
        "Наличие_охраны": true,
        "Наличие_парковки": true,
        "Расход_энергии_на_дом": 24275,
        "Наличие_спортивного_зала": true,
        "Расстояние_до_центра": 14,
        "Расстояние_до_метро": 8,
        "Расстояние_до_школы": 3
    },
    {
        "Название": "ИП «Бирюкова-Назарова»",
        "Адрес": "п. Ставрополь, бул. Энергетиков, д. 87 стр. 3, 158257",
        "Количество_этажей": 44,
        "Количество_квартир": 308,
        "Год_постройки": "2002",
        "Тип_материала": "железобетон",
        "Площадь_квартиры": 111,
        "Количество_жителей": 225,
        "Наличие_лифта": true,
        "Наличие_охраны": true,
        "Наличие_парковки": true,
        "Расход_энергии_на_дом": 44464,
        "Наличие_спортивного_зала": true,
        "Расстояние_до_центра": 19,
        "Расстояние_до_метро": 9,
        "Расстояние_до_школы": 3
    },
    {
        "Название": "АО «Зайцев»",
        "Адрес": "г. Нижний Тагил, пр. Алтайский, д. 6/4 к. 3, 607970",
        "Количество_этажей": 34,
        "Количество_квартир": 238,
        "Год_постройки": "1991",
        "Тип_материала": "стекло",
        "Площадь_квартиры": 103,
        "Количество_жителей": 137,
        "Наличие_лифта": false,
        "Наличие_охраны": false,
        "Наличие_парковки": false,
        "Расход_энергии_на_дом": 49855,
        "Наличие_спортивного_зала": false,
        "Расстояние_до_центра": 12,
        "Расстояние_до_метро": 4,
        "Расстояние_до_школы": 4
    },
    {
        "Название": "ОАО «Медведев Красильникова»",
        "Адрес": "клх Юрюзань, ул. Спартака, д. 951 стр. 68, 449837",
        "Количество_этажей": 29,
        "Количество_квартир": 203,
        "Год_постройки": "1981",
        "Тип_материала": "кирпич",
        "Площадь_квартиры": 87,
        "Количество_жителей": 491,
        "Наличие_лифта": true,
        "Наличие_охраны": true,
        "Наличие_парковки": true,
        "Расход_энергии_на_дом": 33771,
        "Наличие_спортивного_зала": true,
        "Расстояние_до_центра": 9,
        "Расстояние_до_метро": 3,
        "Расстояние_до_школы": 3
    },
    {
        "Название": "АО «Логинов-Герасимова»",
        "Адрес": "д. Улан-Удэ, пр. Ангарский, д. 34 стр. 845, 944131",
        "Количество_этажей": 45,
        "Количество_квартир": 315,
        "Год_постройки": "1979",
        "Тип_материала": "кирпич",
        "Площадь_квартиры": 51,
        "Количество_жителей": 184,
        "Наличие_лифта": true,
        "Наличие_охраны": false,
        "Наличие_парковки": true,
        "Расход_энергии_на_дом": 28121,
        "Наличие_спортивного_зала": false,
        "Расстояние_до_центра": 10,
        "Расстояние_до_метро": 2,
        "Расстояние_до_школы": 3
    },
    {
        "Название": "НПО «Цветков, Зимина и Медведева»",
        "Адрес": "д. Гремячинск (Бурят.), бул. Щербакова, д. 8, 767552",
        "Количество_этажей": 32,
        "Количество_квартир": 224,
        "Год_постройки": "1995",
        "Тип_материала": "стекло",
        "Площадь_квартиры": 165,
        "Количество_жителей": 222,
        "Наличие_лифта": true,
        "Наличие_охраны": false,
        "Наличие_парковки": true,
        "Расход_энергии_на_дом": 29569,
        "Наличие_спортивного_зала": false,
        "Расстояние_до_центра": 5,
        "Расстояние_до_метро": 10,
        "Расстояние_до_школы": 2
    },
    {
        "Название": "НПО «Гусева, Кудряшов и Зыков»",
        "Адрес": "к. Ревда (Сверд.), алл. Загородная, д. 63 к. 379, 285751",
        "Количество_этажей": 21,
        "Количество_квартир": 147,
        "Год_постройки": "1995",
        "Тип_материала": "стекло",
        "Площадь_квартиры": 173,
        "Количество_жителей": 121,
        "Наличие_лифта": true,
        "Наличие_охраны": false,
        "Наличие_парковки": true,
        "Расход_энергии_на_дом": 44614,
        "Наличие_спортивного_зала": false,
        "Расстояние_до_центра": 3,
        "Расстояние_до_метро": 6,
        "Расстояние_до_школы": 5
    },
    {
        "Название": "АО «Боброва Лаврентьев»",
        "Адрес": "д. Кашира, пер. Энергетический, д. 5/3 к. 5, 373938",
        "Количество_этажей": 48,
        "Количество_квартир": 336,
        "Год_постройки": "2008",
        "Тип_материала": "кирпич",
        "Площадь_квартиры": 112,
        "Количество_жителей": 458,
        "Наличие_лифта": true,
        "Наличие_охраны": true,
        "Наличие_парковки": true,
        "Расход_энергии_на_дом": 19714,
        "Наличие_спортивного_зала": false,
        "Расстояние_до_центра": 19,
        "Расстояние_до_метро": 7,
        "Расстояние_до_школы": 5
    }
]