[
    {
        "Название": "РАО «Рогов Мясников»",
        "Адрес": "к. Смоленск, ул. Ручейная, д. 18 к. 8, 047964",
        "Количество_этажей": 30,
        "Количество_квартир": 210,
        "Год_постройки": "1978",
        "Тип_материала": "железобетон",
        "Площадь_квартиры": 52,
        "Количество_жителей": 150,
        "Наличие_лифта": true,
        "Наличие_охраны": true,
        "Наличие_парковки": false,
        "Расход_энергии_на_дом": 11121,
        "Наличие_спортивного_зала": true,
        "Расстояние_до_центра": 2,
        "Расстояние_до_метро": 3,
        "Расстояние_до_школы": 1
    },
    {
        "Название": "Кириллова Лимитед",
        "Адрес": "д. Красная Поляна, пер. Абрикосовый, д. 726, 037286",
        "Количество_этажей": 34,
        "Количество_квартир": 238,
        "Год_постройки": "1987",
        "Тип_материала": "кирпич",
        "Площадь_квартиры": 72,
        "Количество_жителей": 430,
        "Наличие_лифта": false,
        "Наличие_охраны": true,
        "Наличие_парковки": true,
        "Расход_энергии_на_дом": 48272,
        "Наличие_спортивного_зала": true,
        "Расстояние_до_центра": 1,
        "Расстояние_до_метро": 7,
        "Расстояние_до_школы": 3
    },
    {
        "Название": "ИП «Ершов, Гусев и Вишнякова»",
        "Адрес": "д. Москва, МГУ, пр. Боровой, д. 319 стр. 1/7, 255380",
        "Количество_этажей": 34,
        "Количество_квартир": 238,
        "Год_постройки": "2002",
        "Тип_материала": "железобетон",
        "Площадь_квартиры": 53,
        "Количество_жителей": 455,
        "Наличие_лифта": true,
        "Наличие_охраны": false,
        "Наличие_парковки": true,
        "Расход_энергии_на_дом": 34566,
        "Наличие_спортивного_зала": true,
        "Расстояние_до_центра": 15,
        "Расстояние_до_метро": 10,
        "Расстояние_до_школы": 4
    },
    {
        "Название": "ОАО «Красильникова, Матвеев и Яковлева»",
        "Адрес": "с. Оленегорск (Якут.), бул. Жукова, д. 360, 628187",
        "Количество_этажей": 47,
        "Количество_квартир": 329,
        "Год_постройки": "2015",
        "Тип_материала": "кирпич",
        "Площадь_квартиры": 168,
        "Количество_жителей": 379,
        "Наличие_лифта": false,
        "Наличие_охраны": false,
        "Наличие_парковки": true,
        "Расход_энергии_на_дом": 44174,
        "Наличие_спортивного_зала": true,
        "Расстояние_до_центра": 3,
        "Расстояние_до_метро": 4,
        "Расстояние_до_школы": 4
    },
    {
        "Название": "ОХК Уралхим",
        "Адрес": "к. Благовещенск (Амур.), наб. Новостройка, д. 258 стр. 641, 583917",
        "Количество_этажей": 23,
        "Количество_квартир": 161,
        "Год_постройки": "2009",
        "Тип_материала": "стекло",
        "Площадь_квартиры": 146,
        "Количество_жителей": 266,
        "Наличие_лифта": false,
        "Наличие_охраны": true,
        "Наличие_парковки": true,
        "Расход_энергии_на_дом": 42935,
        "Наличие_спортивного_зала": false,
        "Расстояние_до_центра": 5,
        "Расстояние_до_метро": 10,
        "Расстояние_до_школы": 1
    },
    {
        "Название": "АО «Андреева Миронова»",
        "Адрес": "п. Кимры, пер. Грибоедова, д. 55 к. 9/5, 153474",
        "Количество_этажей": 43,
        "Количество_квартир": 301,
        "Год_постройки": "1993",
        "Тип_материала": "кирпич",
        "Площадь_квартиры": 95,
        "Количество_жителей": 331,
        "Наличие_лифта": false,
        "Наличие_охраны": true,
        "Наличие_парковки": true,
        "Расход_энергии_на_дом": 26236,
        "Наличие_спортивного_зала": false,
        "Расстояние_до_центра": 2,
        "Расстояние_до_метро": 3,
        "Расстояние_до_школы": 1
    },
    {
        "Название": "Цветкова Инкорпорэйтед",
        "Адрес": "клх Ямбург, бул. Майский, д. 74, 493475",
        "Количество_этажей": 34,
        "Количество_квартир": 238,
        "Год_постройки": "2002",
        "Тип_материала": "кирпич",
        "Площадь_квартиры": 106,
        "Количество_жителей": 156,
        "Наличие_лифта": true,
        "Наличие_охраны": true,
        "Наличие_парковки": false,
        "Расход_энергии_на_дом": 37829,
        "Наличие_спортивного_зала": true,
        "Расстояние_до_центра": 18,
        "Расстояние_до_метро": 10,
        "Расстояние_до_школы": 2
    },
    {
        "Название": "ГК Ташир",
        "Адрес": "п. Улан-Удэ, наб. Авиационная, д. 7/7 к. 369, 531267",
        "Количество_этажей": 37,
        "Количество_квартир": 259,
        "Год_постройки": "2001",
        "Тип_материала": "кирпич",
        "Площадь_квартиры": 111,
        "Количество_жителей": 475,
        "Наличие_лифта": false,
        "Наличие_охраны": true,
        "Наличие_парковки": true,
        "Расход_энергии_на_дом": 47526,
        "Наличие_спортивного_зала": false,
        "Расстояние_до_центра": 19,
        "Расстояние_до_метро": 1,
        "Расстояние_до_школы": 2
    },
    {
        "Название": "ЗАО «Осипов Горбунова»",
        "Адрес": "г. Ханты-Мансийск, наб. Юности, д. 25 к. 4/4, 316662",
        "Количество_этажей": 33,
        "Количество_квартир": 231,
        "Год_постройки": "2003",
        "Тип_материала": "железобетон",
        "Площадь_квартиры": 119,
        "Количество_жителей": 228,
        "Наличие_лифта": true,
        "Наличие_охраны": true,
        "Наличие_парковки": true,
        "Расход_энергии_на_дом": 27603,
        "Наличие_спортивного_зала": true,
        "Расстояние_до_центра": 6,
        "Расстояние_до_метро": 2,
        "Расстояние_до_школы": 2
    },
    {
        "Название": "ЗАО «Горшкова, Крылова и Корнилова»",
        "Адрес": "с. Новокузнецк, бул. Огородный, д. 8/3 к. 278, 274240",
        "Количество_этажей": 40,
        "Количество_квартир": 280,
        "Год_постройки": "2012",
        "Тип_материала": "кирпич",
        "Площадь_квартиры": 187,
        "Количество_жителей": 431,
        "Наличие_лифта": true,
        "Наличие_охраны": false,
        "Наличие_парковки": true,
        "Расход_энергии_на_дом": 48135,
        "Наличие_спортивного_зала": false,
        "Расстояние_до_центра": 11,
        "Расстояние_до_метро": 1,
        "Расстояние_до_школы": 1
    },
    {
        "Название": "Тихонова Групп",
        "Адрес": "г. Апшеронск, пер. 50 лет ВЛКСМ, д. 21 к. 95, 587924",
        "Количество_этажей": 47,
        "Количество_квартир": 329,
        "Год_постройки": "1975",
        "Тип_материала": "железобетон",
        "Площадь_квартиры": 76,
        "Количество_жителей": 76,
        "Наличие_лифта": true,
        "Наличие_охраны": false,
        "Наличие_парковки": false,
        "Расход_энергии_на_дом": 46539,
        "Наличие_спортивного_зала": false,
        "Расстояние_до_центра": 9,
        "Расстояние_до_метро": 2,
        "Расстояние_до_школы": 3
    },
    {
        "Название": "Алтайвагон",
        "Адрес": "г. Невельск, пер. Максима Горького, д. 5 к. 6/2, 796687",
        "Количество_этажей": 42,
        "Количество_квартир": 294,
        "Год_постройки": "2000",
        "Тип_материала": "стекло",
        "Площадь_квартиры": 97,
        "Количество_жителей": 143,
        "Наличие_лифта": true,
        "Наличие_охраны": true,
        "Наличие_парковки": false,
        "Расход_энергии_на_дом": 40992,
        "Наличие_спортивного_зала": false,
        "Расстояние_до_центра": 9,
        "Расстояние_до_метро": 2,
        "Расстояние_до_школы": 4
    },
    {
        "Название": "ООО «Ширяева, Ларионов и Колесникова»",
        "Адрес": "ст. Шелехов, ш. Блюхера, д. 50, 125229",
        "Количество_этажей": 39,
        "Количество_квартир": 273,
        "Год_постройки": "1972",
        "Тип_материала": "кирпич",
        "Площадь_квартиры": 135,
        "Количество_жителей": 443,
        "Наличие_лифта": true,
        "Наличие_охраны": true,
        "Наличие_парковки": false,
        "Расход_энергии_на_дом": 23892,
        "Наличие_спортивного_зала": false,
        "Расстояние_до_центра": 16,
        "Расстояние_до_метро": 1,
        "Расстояние_до_школы": 4
    },
    {
        "Название": "АБ Инбев Эфес (Anheuser-Busch Inbev)",
        "Адрес": "д. Астрахань, бул. Волгоградский, д. 178, 711142",
        "Количество_этажей": 28,
        "Количество_квартир": 196,
        "Год_постройки": "1985",
        "Тип_материала": "стекло",
        "Площадь_квартиры": 68,
        "Количество_жителей": 252,
        "Наличие_лифта": true,
        "Наличие_охраны": true,
        "Наличие_парковки": true,
        "Расход_энергии_на_дом": 40112,
        "Наличие_спортивного_зала": false,
        "Расстояние_до_центра": 19,
        "Расстояние_до_метро": 7,
        "Расстояние_до_школы": 3
    },
    {
        "Название": "Ефимова Групп",
        "Адрес": "ст. Кимры, алл. Юбилейная, д. 219 к. 3, 543700",
        "Количество_этажей": 40,
        "Количество_квартир": 280,
        "Год_постройки": "2014",
        "Тип_материала": "стекло",
        "Площадь_квартиры": 52,
        "Количество_жителей": 129,
        "Наличие_лифта": false,
        "Наличие_охраны": true,
        "Наличие_парковки": true,
        "Расход_энергии_на_дом": 36574,
        "Наличие_спортивного_зала": false,
        "Расстояние_до_центра": 7,
        "Расстояние_до_метро": 9,
        "Расстояние_до_школы": 2
    }
]