[
    {
        "Название": "АО «Лукин»",
        "Адрес": "д. Онега, ул. Мелиораторов, д. 8 стр. 798, 972781",
        "Количество_этажей": 40,
        "Количество_квартир": 280,
        "Год_постройки": "1970",
        "Тип_материала": "стекло",
        "Площадь_квартиры": 127,
        "Количество_жителей": 432,
        "Наличие_лифта": true,
        "Наличие_охраны": true,
        "Наличие_парковки": true,
        "Расход_энергии_на_дом": 41164,
        "Наличие_спортивного_зала": true,
        "Расстояние_до_центра": 10,
        "Расстояние_до_метро": 10,
        "Расстояние_до_школы": 1
    },
    {
        "Название": "Ефимов Инк",
        "Адрес": "к. Ростов-на-Дону, ш. Алтайское, д. 616, 982279",
        "Количество_этажей": 40,
        "Количество_квартир": 280,
        "Год_постройки": "2016",
        "Тип_материала": "кирпич",
        "Площадь_квартиры": 71,
        "Количество_жителей": 268,
        "Наличие_лифта": true,
        "Наличие_охраны": true,
        "Наличие_парковки": false,
        "Расход_энергии_на_дом": 11505,
        "Наличие_спортивного_зала": true,
        "Расстояние_до_центра": 13,
        "Расстояние_до_метро": 3,
        "Расстояние_до_школы": 3
    },
    {
        "Название": "Муравьева и партнеры",
        "Адрес": "клх Апшеронск, наб. Осипенко, д. 4 стр. 83, 227498",
        "Количество_этажей": 26,
        "Количество_квартир": 182,
        "Год_постройки": "2002",
        "Тип_материала": "железобетон",
        "Площадь_квартиры": 188,
        "Количество_жителей": 120,
        "Наличие_лифта": true,
        "Наличие_охраны": true,
        "Наличие_парковки": false,
        "Расход_энергии_на_дом": 45768,
        "Наличие_спортивного_зала": true,
        "Расстояние_до_центра": 8,
        "Расстояние_до_метро": 8,
        "Расстояние_до_школы": 5
    },
    {
        "Название": "ООО «Моисеева»",
        "Адрес": "п. Домодедово, бул. Ореховый, д. 536 к. 37, 294134",
        "Количество_этажей": 28,
        "Количество_квартир": 196,
        "Год_постройки": "2017",
        "Тип_материала": "стекло",
        "Площадь_квартиры": 113,
        "Количество_жителей": 304,
        "Наличие_лифта": true,
        "Наличие_охраны": true,
        "Наличие_парковки": true,
        "Расход_энергии_на_дом": 35956,
        "Наличие_спортивного_зала": true,
        "Расстояние_до_центра": 5,
        "Расстояние_до_метро": 6,
        "Расстояние_до_школы": 4
    },
    {
        "Название": "Завод имени Дегтярева",
        "Адрес": "д. Тымовское, ул. Крайняя, д. 93 стр. 8/1, 594123",
        "Количество_этажей": 25,
        "Количество_квартир": 175,
        "Год_постройки": "1983",
        "Тип_материала": "кирпич",
        "Площадь_квартиры": 179,
        "Количество_жителей": 179,
        "Наличие_лифта": true,
        "Наличие_охраны": true,
        "Наличие_парковки": true,
        "Расход_энергии_на_дом": 31200,
        "Наличие_спортивного_зала": true,
        "Расстояние_до_центра": 6,
        "Расстояние_до_метро": 2,
        "Расстояние_до_школы": 5
    },
    {
        "Название": "ОАО «Горбачев-Константинов»",
        "Адрес": "клх Гдов, бул. Челюскинцев, д. 506 к. 242, 125349",
        "Количество_этажей": 49,
        "Количество_квартир": 343,
        "Год_постройки": "2015",
        "Тип_материала": "железобетон",
        "Площадь_квартиры": 129,
        "Количество_жителей": 472,
        "Наличие_лифта": true,
        "Наличие_охраны": true,
        "Наличие_парковки": true,
        "Расход_энергии_на_дом": 14235,
        "Наличие_спортивного_зала": true,
        "Расстояние_до_центра": 6,
        "Расстояние_до_метро": 5,
        "Расстояние_до_школы": 3
    },
    {
        "Название": "РАО «Самсонова, Буров и Афанасьева»",
        "Адрес": "к. Охотск, бул. Машиностроителей, д. 6/5 к. 19, 063259",
        "Количество_этажей": 49,
        "Количество_квартир": 343,
        "Год_постройки": "2012",
        "Тип_материала": "кирпич",
        "Площадь_квартиры": 182,
        "Количество_жителей": 298,
        "Наличие_лифта": true,
        "Наличие_охраны": true,
        "Наличие_парковки": true,
        "Расход_энергии_на_дом": 42561,
        "Наличие_спортивного_зала": false,
        "Расстояние_до_центра": 11,
        "Расстояние_до_метро": 4,
        "Расстояние_до_школы": 1
    },
    {
        "Название": "ООО «Исаев Сергеева»",
        "Адрес": "ст. Тула, алл. Щорса, д. 4/5 к. 10, 259359",
        "Количество_этажей": 33,
        "Количество_квартир": 231,
        "Год_постройки": "1975",
        "Тип_материала": "железобетон",
        "Площадь_квартиры": 145,
        "Количество_жителей": 459,
        "Наличие_лифта": true,
        "Наличие_охраны": true,
        "Наличие_парковки": false,
        "Расход_энергии_на_дом": 31353,
        "Наличие_спортивного_зала": false,
        "Расстояние_до_центра": 13,
        "Расстояние_до_метро": 10,
        "Расстояние_до_школы": 1
    },
    {
        "Название": "ЗАО «Хохлов»",
        "Адрес": "ст. Углич, ш. Киевское, д. 41 стр. 52, 740773",
        "Количество_этажей": 29,
        "Количество_квартир": 203,
        "Год_постройки": "2023",
        "Тип_материала": "кирпич",
        "Площадь_квартиры": 130,
        "Количество_жителей": 206,
        "Наличие_лифта": true,
        "Наличие_охраны": true,
        "Наличие_парковки": true,
        "Расход_энергии_на_дом": 24340,
        "Наличие_спортивного_зала": false,
        "Расстояние_до_центра": 1,
        "Расстояние_до_метро": 4,
        "Расстояние_до_школы": 1
    },
    {
        "Название": "НПО «Ширяева-Якушев»",
        "Адрес": "г. Тамбей, наб. Монтажников, д. 6, 909138",
        "Количество_этажей": 46,
        "Количество_квартир": 322,
        "Год_постройки": "2004",
        "Тип_материала": "стекло",
        "Площадь_квартиры": 107,
        "Количество_жителей": 439,
        "Наличие_лифта": false,
        "Наличие_охраны": true,
        "Наличие_парковки": true,
        "Расход_энергии_на_дом": 43513,
        "Наличие_спортивного_зала": false,
        "Расстояние_до_центра": 17,
        "Расстояние_до_метро": 7,
        "Расстояние_до_школы": 1
    },
    {
        "Название": "АО «Самойлов Стрелков»",
        "Адрес": "ст. Воткинск, бул. Сплавный, д. 38 стр. 237, 766158",
        "Количество_этажей": 42,
        "Количество_квартир": 294,
        "Год_постройки": "2019",
        "Тип_материала": "железобетон",
        "Площадь_квартиры": 100,
        "Количество_жителей": 234,
        "Наличие_лифта": true,
        "Наличие_охраны": true,
        "Наличие_парковки": false,
        "Расход_энергии_на_дом": 12337,
        "Наличие_спортивного_зала": false,
        "Расстояние_до_центра": 16,
        "Расстояние_до_метро": 7,
        "Расстояние_до_школы": 3
    },
    {
        "Название": "Селиверстов Инкорпорэйтед",
        "Адрес": "с. Кетченеры, алл. Угольная, д. 7/9 стр. 5, 217590",
        "Количество_этажей": 36,
        "Количество_квартир": 252,
        "Год_постройки": "1997",
        "Тип_материала": "железобетон",
        "Площадь_квартиры": 177,
        "Количество_жителей": 74,
        "Наличие_лифта": true,
        "Наличие_охраны": true,
        "Наличие_парковки": false,
        "Расход_энергии_на_дом": 42846,
        "Наличие_спортивного_зала": false,
        "Расстояние_до_центра": 9,
        "Расстояние_до_метро": 5,
        "Расстояние_до_школы": 3
    },
    {
        "Название": "ООО «Мухин»",
        "Адрес": "клх Хасавюрт, ул. Украинская, д. 112, 470569",
        "Количество_этажей": 40,
        "Количество_квартир": 280,
        "Год_постройки": "2002",
        "Тип_материала": "кирпич",
        "Площадь_квартиры": 84,
        "Количество_жителей": 255,
        "Наличие_лифта": true,
        "Наличие_охраны": false,
        "Наличие_парковки": false,
        "Расход_энергии_на_дом": 10336,
        "Наличие_спортивного_зала": false,
        "Расстояние_до_центра": 12,
        "Расстояние_до_метро": 3,
        "Расстояние_до_школы": 1
    },
    {
        "Название": "ИП «Крылова, Кабанов и Ситников»",
        "Адрес": "г. Шаховская, наб. Тургенева, д. 609 к. 39, 560580",
        "Количество_этажей": 40,
        "Количество_квартир": 280,
        "Год_постройки": "2015",
        "Тип_материала": "кирпич",
        "Площадь_квартиры": 98,
        "Количество_жителей": 237,
        "Наличие_лифта": true,
        "Наличие_охраны": true,
        "Наличие_парковки": true,
        "Расход_энергии_на_дом": 47042,
        "Наличие_спортивного_зала": false,
        "Расстояние_до_центра": 9,
        "Расстояние_до_метро": 7,
        "Расстояние_до_школы": 1
    },
    {
        "Название": "АО «Кошелева»",
        "Адрес": "клх Юровск, алл. Северная, д. 79 к. 9, 693070",
        "Количество_этажей": 30,
        "Количество_квартир": 210,
        "Год_постройки": "1991",
        "Тип_материала": "кирпич",
        "Площадь_квартиры": 181,
        "Количество_жителей": 315,
        "Наличие_лифта": false,
        "Наличие_охраны": true,
        "Наличие_парковки": true,
        "Расход_энергии_на_дом": 49124,
        "Наличие_спортивного_зала": false,
        "Расстояние_до_центра": 1,
        "Расстояние_до_метро": 4,
        "Расстояние_до_школы": 4
    }
]