[
    {
        "Название": "АО «Меркушева»",
        "Адрес": "п. Нарьян-Мар, пер. Вольный, д. 8/7 к. 710, 626624",
        "Количество_этажей": 45,
        "Количество_квартир": 315,
        "Год_постройки": "1996",
        "Тип_материала": "стекло",
        "Площадь_квартиры": 107,
        "Количество_жителей": 482,
        "Наличие_лифта": true,
        "Наличие_охраны": false,
        "Наличие_парковки": false,
        "Расход_энергии_на_дом": 11608,
        "Наличие_спортивного_зала": false,
        "Расстояние_до_центра": 15,
        "Расстояние_до_метро": 9,
        "Расстояние_до_школы": 4
    },
    {
        "Название": "АО «Сергеев Петухов»",
        "Адрес": "клх Апрелевка, пер. Глинки, д. 6/8, 853422",
        "Количество_этажей": 50,
        "Количество_квартир": 350,
        "Год_постройки": "1989",
        "Тип_материала": "стекло",
        "Площадь_квартиры": 78,
        "Количество_жителей": 318,
        "Наличие_лифта": true,
        "Наличие_охраны": true,
        "Наличие_парковки": false,
        "Расход_энергии_на_дом": 10557,
        "Наличие_спортивного_зала": false,
        "Расстояние_до_центра": 5,
        "Расстояние_до_метро": 9,
        "Расстояние_до_школы": 5
    },
    {
        "Название": "НПО «Григорьева Цветков»",
        "Адрес": "г. Кузнецк, наб. 60 лет Октября, д. 99, 665509",
        "Количество_этажей": 39,
        "Количество_квартир": 273,
        "Год_постройки": "1974",
        "Тип_материала": "кирпич",
        "Площадь_квартиры": 53,
        "Количество_жителей": 325,
        "Наличие_лифта": true,
        "Наличие_охраны": true,
        "Наличие_парковки": true,
        "Расход_энергии_на_дом": 14751,
        "Наличие_спортивного_зала": true,
        "Расстояние_до_центра": 17,
        "Расстояние_до_метро": 1,
        "Расстояние_до_школы": 3
    },
    {
        "Название": "ООО «Самсонов»",
        "Адрес": "клх Ангарск, пер. Революции, д. 988, 822108",
        "Количество_этажей": 48,
        "Количество_квартир": 336,
        "Год_постройки": "1970",
        "Тип_материала": "железобетон",
        "Площадь_квартиры": 175,
        "Количество_жителей": 341,
        "Наличие_лифта": true,
        "Наличие_охраны": false,
        "Наличие_парковки": false,
        "Расход_энергии_на_дом": 49224,
        "Наличие_спортивного_зала": false,
        "Расстояние_до_центра": 7,
        "Расстояние_до_метро": 8,
        "Расстояние_до_школы": 3
    },
    {
        "Название": "ЗАО «Тимофеев, Пестов и Карпова»",
        "Адрес": "с. Элиста, алл. Бригадная, д. 8/6 стр. 6/5, 449717",
        "Количество_этажей": 43,
        "Количество_квартир": 301,
        "Год_постройки": "1974",
        "Тип_материала": "железобетон",
        "Площадь_квартиры": 180,
        "Количество_жителей": 265,
        "Наличие_лифта": false,
        "Наличие_охраны": false,
        "Наличие_парковки": false,
        "Расход_энергии_на_дом": 18271,
        "Наличие_спортивного_зала": false,
        "Расстояние_до_центра": 10,
        "Расстояние_до_метро": 8,
        "Расстояние_до_школы": 5
    },
    {
        "Название": "ЗАО «Ершов, Исакова и Смирнов»",
        "Адрес": "с. Каргополь, ул. Победы, д. 97 к. 545, 788208",
        "Количество_этажей": 38,
        "Количество_квартир": 266,
        "Год_постройки": "2000",
        "Тип_материала": "кирпич",
        "Площадь_квартиры": 84,
        "Количество_жителей": 86,
        "Наличие_лифта": true,
        "Наличие_охраны": true,
        "Наличие_парковки": false,
        "Расход_энергии_на_дом": 22820,
        "Наличие_спортивного_зала": true,
        "Расстояние_до_центра": 7,
        "Расстояние_до_метро": 2,
        "Расстояние_до_школы": 5
    },
    {
        "Название": "ЗАО «Макаров Родионов»",
        "Адрес": "ст. Поярково, алл. Высоковольтная, д. 2 к. 491, 064705",
        "Количество_этажей": 28,
        "Количество_квартир": 196,
        "Год_постройки": "2009",
        "Тип_материала": "железобетон",
        "Площадь_квартиры": 65,
        "Количество_жителей": 448,
        "Наличие_лифта": true,
        "Наличие_охраны": true,
        "Наличие_парковки": false,
        "Расход_энергии_на_дом": 42062,
        "Наличие_спортивного_зала": true,
        "Расстояние_до_центра": 2,
        "Расстояние_до_метро": 3,
        "Расстояние_до_школы": 1
    },
    {
        "Название": "ОАО «Волков»",
        "Адрес": "ст. Сунтар, бул. Запорожский, д. 6 к. 5, 140538",
        "Количество_этажей": 46,
        "Количество_квартир": 322,
        "Год_постройки": "1994",
        "Тип_материала": "кирпич",
        "Площадь_квартиры": 170,
        "Количество_жителей": 268,
        "Наличие_лифта": true,
        "Наличие_охраны": false,
        "Наличие_парковки": false,
        "Расход_энергии_на_дом": 24146,
        "Наличие_спортивного_зала": false,
        "Расстояние_до_центра": 10,
        "Расстояние_до_метро": 10,
        "Расстояние_до_школы": 3
    },
    {
        "Название": "ООО «Копылов»",
        "Адрес": "клх Сосновый Бор, наб. Нагорная, д. 8/9 к. 11, 974296",
        "Количество_этажей": 46,
        "Количество_квартир": 322,
        "Год_постройки": "1975",
        "Тип_материала": "стекло",
        "Площадь_квартиры": 50,
        "Количество_жителей": 338,
        "Наличие_лифта": true,
        "Наличие_охраны": true,
        "Наличие_парковки": true,
        "Расход_энергии_на_дом": 15266,
        "Наличие_спортивного_зала": true,
        "Расстояние_до_центра": 17,
        "Расстояние_до_метро": 4,
        "Расстояние_до_школы": 5
    },
    {
        "Название": "ООО «Матвеева Киселева»",
        "Адрес": "д. Брянск, пр. Огородный, д. 3/4 стр. 670, 709773",
        "Количество_этажей": 41,
        "Количество_квартир": 287,
        "Год_постройки": "1994",
        "Тип_материала": "железобетон",
        "Площадь_квартиры": 121,
        "Количество_жителей": 439,
        "Наличие_лифта": true,
        "Наличие_охраны": true,
        "Наличие_парковки": false,
        "Расход_энергии_на_дом": 19680,
        "Наличие_спортивного_зала": true,
        "Расстояние_до_центра": 2,
        "Расстояние_до_метро": 9,
        "Расстояние_до_школы": 1
    },
    {
        "Название": "ООО «Шарова»",
        "Адрес": "к. Апатиты, ш. Народное, д. 2/3, 497762",
        "Количество_этажей": 25,
        "Количество_квартир": 175,
        "Год_постройки": "2011",
        "Тип_материала": "железобетон",
        "Площадь_квартиры": 56,
        "Количество_жителей": 460,
        "Наличие_лифта": true,
        "Наличие_охраны": true,
        "Наличие_парковки": false,
        "Расход_энергии_на_дом": 34808,
        "Наличие_спортивного_зала": false,
        "Расстояние_до_центра": 5,
        "Расстояние_до_метро": 8,
        "Расстояние_до_школы": 4
    },
    {
        "Название": "Бобров и партнеры",
        "Адрес": "с. Новокузнецк, ул. Ясная, д. 96 к. 8/4, 935575",
        "Количество_этажей": 43,
        "Количество_квартир": 301,
        "Год_постройки": "1981",
        "Тип_материала": "кирпич",
        "Площадь_квартиры": 188,
        "Количество_жителей": 162,
        "Наличие_лифта": true,
        "Наличие_охраны": false,
        "Наличие_парковки": true,
        "Расход_энергии_на_дом": 44590,
        "Наличие_спортивного_зала": false,
        "Расстояние_до_центра": 13,
        "Расстояние_до_метро": 4,
        "Расстояние_до_школы": 3
    },
    {
        "Название": "НПО «Кудряшов»",
        "Адрес": "к. Клин, пер. Октября, д. 4 к. 9, 387879",
        "Количество_этажей": 44,
        "Количество_квартир": 308,
        "Год_постройки": "1986",
        "Тип_материала": "стекло",
        "Площадь_квартиры": 87,
        "Количество_жителей": 393,
        "Наличие_лифта": true,
        "Наличие_охраны": false,
        "Наличие_парковки": false,
        "Расход_энергии_на_дом": 16802,
        "Наличие_спортивного_зала": false,
        "Расстояние_до_центра": 8,
        "Расстояние_до_метро": 9,
        "Расстояние_до_школы": 3
    },
    {
        "Название": "РАО «Елисеев Михеева»",
        "Адрес": "с. Каменск-Уральский, ш. Нагорное, д. 974, 434225",
        "Количество_этажей": 50,
        "Количество_квартир": 350,
        "Год_постройки": "1974",
        "Тип_материала": "стекло",
        "Площадь_квартиры": 67,
        "Количество_жителей": 386,
        "Наличие_лифта": true,
        "Наличие_охраны": true,
        "Наличие_парковки": false,
        "Расход_энергии_на_дом": 12768,
        "Наличие_спортивного_зала": false,
        "Расстояние_до_центра": 11,
        "Расстояние_до_метро": 1,
        "Расстояние_до_школы": 5
    },
    {
        "Название": "Рив Гош",
        "Адрес": "к. Инта, пер. Журавлева, д. 60 к. 14, 027462",
        "Количество_этажей": 48,
        "Количество_квартир": 336,
        "Год_постройки": "1980",
        "Тип_материала": "кирпич",
        "Площадь_квартиры": 119,
        "Количество_жителей": 420,
        "Наличие_лифта": true,
        "Наличие_охраны": false,
        "Наличие_парковки": true,
        "Расход_энергии_на_дом": 18742,
        "Наличие_спортивного_зала": false,
        "Расстояние_до_центра": 6,
        "Расстояние_до_метро": 8,
        "Расстояние_до_школы": 4
    }
]