[
    {
        "Название": "ТГК-2",
        "Адрес": "п. Сосновый Бор, пер. Элеваторный, д. 98 к. 12, 521079",
        "Количество_этажей": 42,
        "Количество_квартир": 294,
        "Год_постройки": "1990",
        "Тип_материала": "стекло",
        "Площадь_квартиры": 111,
        "Количество_жителей": 253,
        "Наличие_лифта": true,
        "Наличие_охраны": false,
        "Наличие_парковки": false,
        "Расход_энергии_на_дом": 40241,
        "Наличие_спортивного_зала": false,
        "Расстояние_до_центра": 20,
        "Расстояние_до_метро": 10,
        "Расстояние_до_школы": 5
    },
    {
        "Название": "РАО «Казаков Мухин»",
        "Адрес": "д. Яшалта, ш. Вавилова, д. 237 стр. 6, 249427",
        "Количество_этажей": 33,
        "Количество_квартир": 231,
        "Год_постройки": "1985",
        "Тип_материала": "стекло",
        "Площадь_квартиры": 161,
        "Количество_жителей": 436,
        "Наличие_лифта": true,
        "Наличие_охраны": true,
        "Наличие_парковки": true,
        "Расход_энергии_на_дом": 22798,
        "Наличие_спортивного_зала": true,
        "Расстояние_до_центра": 9,
        "Расстояние_до_метро": 3,
        "Расстояние_до_школы": 3
    },
    {
        "Название": "ООО «Макаров»",
        "Адрес": "с. Аша, ш. Красноярское, д. 9 стр. 157, 567030",
        "Количество_этажей": 38,
        "Количество_квартир": 266,
        "Год_постройки": "2006",
        "Тип_материала": "стекло",
        "Площадь_квартиры": 183,
        "Количество_жителей": 345,
        "Наличие_лифта": true,
        "Наличие_охраны": true,
        "Наличие_парковки": true,
        "Расход_энергии_на_дом": 23085,
        "Наличие_спортивного_зала": false,
        "Расстояние_до_центра": 9,
        "Расстояние_до_метро": 5,
        "Расстояние_до_школы": 3
    },
    {
        "Название": "БАСФ (BASF)",
        "Адрес": "ст. Мезень, ш. Просторное, д. 3 к. 14, 337391",
        "Количество_этажей": 24,
        "Количество_квартир": 168,
        "Год_постройки": "1993",
        "Тип_материала": "железобетон",
        "Площадь_квартиры": 62,
        "Количество_жителей": 141,
        "Наличие_лифта": true,
        "Наличие_охраны": false,
        "Наличие_парковки": false,
        "Расход_энергии_на_дом": 26775,
        "Наличие_спортивного_зала": true,
        "Расстояние_до_центра": 8,
        "Расстояние_до_метро": 8,
        "Расстояние_до_школы": 5
    },
    {
        "Название": "ИП «Галкин Петрова»",
        "Адрес": "г. Таштагол, наб. Краснофлотская, д. 8/2, 999435",
        "Количество_этажей": 42,
        "Количество_квартир": 294,
        "Год_постройки": "2001",
        "Тип_материала": "железобетон",
        "Площадь_квартиры": 198,
        "Количество_жителей": 273,
        "Наличие_лифта": true,
        "Наличие_охраны": true,
        "Наличие_парковки": false,
        "Расход_энергии_на_дом": 23460,
        "Наличие_спортивного_зала": false,
        "Расстояние_до_центра": 4,
        "Расстояние_до_метро": 8,
        "Расстояние_до_школы": 1
    },
    {
        "Название": "ОАО «Сидорова Яковлева»",
        "Адрес": "клх Грозный, пер. Юности, д. 464, 293281",
        "Количество_этажей": 21,
        "Количество_квартир": 147,
        "Год_постройки": "2020",
        "Тип_материала": "стекло",
        "Площадь_квартиры": 103,
        "Количество_жителей": 368,
        "Наличие_лифта": true,
        "Наличие_охраны": true,
        "Наличие_парковки": false,
        "Расход_энергии_на_дом": 37696,
        "Наличие_спортивного_зала": true,
        "Расстояние_до_центра": 16,
        "Расстояние_до_метро": 8,
        "Расстояние_до_школы": 1
    },
    {
        "Название": "РАО «Лебедев, Рогов и Калашников»",
        "Адрес": "д. Енисейск, наб. Ключевая, д. 8 к. 7/7, 005755",
        "Количество_этажей": 49,
        "Количество_квартир": 343,
        "Год_постройки": "1976",
        "Тип_материала": "стекло",
        "Площадь_квартиры": 134,
        "Количество_жителей": 187,
        "Наличие_лифта": true,
        "Наличие_охраны": true,
        "Наличие_парковки": false,
        "Расход_энергии_на_дом": 12271,
        "Наличие_спортивного_зала": true,
        "Расстояние_до_центра": 10,
        "Расстояние_до_метро": 7,
        "Расстояние_до_школы": 1
    },
    {
        "Название": "НПО «Титова, Молчанова и Морозова»",
        "Адрес": "клх Надым, ш. Путейское, д. 3, 257399",
        "Количество_этажей": 30,
        "Количество_квартир": 210,
        "Год_постройки": "2001",
        "Тип_материала": "кирпич",
        "Площадь_квартиры": 65,
        "Количество_жителей": 476,
        "Наличие_лифта": true,
        "Наличие_охраны": false,
        "Наличие_парковки": false,
        "Расход_энергии_на_дом": 16431,
        "Наличие_спортивного_зала": false,
        "Расстояние_до_центра": 9,
        "Расстояние_до_метро": 5,
        "Расстояние_до_школы": 1
    },
    {
        "Название": "ИП «Быков Чернов»",
        "Адрес": "ст. Воскресенск, пр. Челюскинцев, д. 64 к. 2/3, 714684",
        "Количество_этажей": 47,
        "Количество_квартир": 329,
        "Год_постройки": "1978",
        "Тип_материала": "железобетон",
        "Площадь_квартиры": 99,
        "Количество_жителей": 107,
        "Наличие_лифта": false,
        "Наличие_охраны": true,
        "Наличие_парковки": false,
        "Расход_энергии_на_дом": 26913,
        "Наличие_спортивного_зала": false,
        "Расстояние_до_центра": 20,
        "Расстояние_до_метро": 4,
        "Расстояние_до_школы": 5
    },
    {
        "Название": "Марков и партнеры",
        "Адрес": "д. Тосно, ул. Шмидта, д. 5/4 стр. 63, 446383",
        "Количество_этажей": 50,
        "Количество_квартир": 350,
        "Год_постройки": "1993",
        "Тип_материала": "кирпич",
        "Площадь_квартиры": 69,
        "Количество_жителей": 195,
        "Наличие_лифта": false,
        "Наличие_охраны": true,
        "Наличие_парковки": false,
        "Расход_энергии_на_дом": 41218,
        "Наличие_спортивного_зала": true,
        "Расстояние_до_центра": 11,
        "Расстояние_до_метро": 1,
        "Расстояние_до_школы": 5
    },
    {
        "Название": "ОАО «Лебедев, Орехов и Иванова»",
        "Адрес": "ст. Оха, наб. Спортивная, д. 6 к. 84, 107560",
        "Количество_этажей": 42,
        "Количество_квартир": 294,
        "Год_постройки": "1981",
        "Тип_материала": "стекло",
        "Площадь_квартиры": 181,
        "Количество_жителей": 220,
        "Наличие_лифта": true,
        "Наличие_охраны": true,
        "Наличие_парковки": true,
        "Расход_энергии_на_дом": 49951,
        "Наличие_спортивного_зала": true,
        "Расстояние_до_центра": 9,
        "Расстояние_до_метро": 3,
        "Расстояние_до_школы": 2
    },
    {
        "Название": "РАО «Щукин-Савин»",
        "Адрес": "д. Лазаревское, пр. Школьный, д. 630 к. 739, 018499",
        "Количество_этажей": 46,
        "Количество_квартир": 322,
        "Год_постройки": "2004",
        "Тип_материала": "стекло",
        "Площадь_квартиры": 120,
        "Количество_жителей": 428,
        "Наличие_лифта": true,
        "Наличие_охраны": true,
        "Наличие_парковки": true,
        "Расход_энергии_на_дом": 41805,
        "Наличие_спортивного_зала": false,
        "Расстояние_до_центра": 15,
        "Расстояние_до_метро": 4,
        "Расстояние_до_школы": 2
    },
    {
        "Название": "НПО «Андреева-Шарова»",
        "Адрес": "клх Поярково, бул. Нагорный, д. 2/9 стр. 28, 286163",
        "Количество_этажей": 41,
        "Количество_квартир": 287,
        "Год_постройки": "2016",
        "Тип_материала": "железобетон",
        "Площадь_квартиры": 76,
        "Количество_жителей": 409,
        "Наличие_лифта": true,
        "Наличие_охраны": true,
        "Наличие_парковки": true,
        "Расход_энергии_на_дом": 21705,
        "Наличие_спортивного_зала": true,
        "Расстояние_до_центра": 13,
        "Расстояние_до_метро": 9,
        "Расстояние_до_школы": 4
    },
    {
        "Название": "Тихонова Лимитед",
        "Адрес": "г. Пятигорск, алл. Гаражная, д. 58 стр. 82, 482437",
        "Количество_этажей": 32,
        "Количество_квартир": 224,
        "Год_постройки": "1977",
        "Тип_материала": "кирпич",
        "Площадь_квартиры": 55,
        "Количество_жителей": 81,
        "Наличие_лифта": true,
        "Наличие_охраны": true,
        "Наличие_парковки": false,
        "Расход_энергии_на_дом": 22834,
        "Наличие_спортивного_зала": false,
        "Расстояние_до_центра": 12,
        "Расстояние_до_метро": 8,
        "Расстояние_до_школы": 2
    },
    {
        "Название": "НПО «Киселева, Дорофеев и Куликов»",
        "Адрес": "д. Новый Уренгой, ш. Производственное, д. 567, 692034",
        "Количество_этажей": 41,
        "Количество_квартир": 287,
        "Год_постройки": "1981",
        "Тип_материала": "кирпич",
        "Площадь_квартиры": 131,
        "Количество_жителей": 379,
        "Наличие_лифта": true,
        "Наличие_охраны": true,
        "Наличие_парковки": true,
        "Расход_энергии_на_дом": 32303,
        "Наличие_спортивного_зала": true,
        "Расстояние_до_центра": 16,
        "Расстояние_до_метро": 7,
        "Расстояние_до_школы": 3
    }
]