[
    {
        "Название": "ЗАО «Ситников»",
        "Адрес": "г. Орск, наб. Портовая, д. 51 к. 78, 039031",
        "Количество_этажей": 35,
        "Количество_квартир": 245,
        "Год_постройки": "1975",
        "Тип_материала": "кирпич",
        "Площадь_квартиры": 181,
        "Количество_жителей": 490,
        "Наличие_лифта": false,
        "Наличие_охраны": true,
        "Наличие_парковки": false,
        "Расход_энергии_на_дом": 20384,
        "Наличие_спортивного_зала": false,
        "Расстояние_до_центра": 3,
        "Расстояние_до_метро": 4,
        "Расстояние_до_школы": 4
    },
    {
        "Название": "Л'Ореаль (L'Oreal)",
        "Адрес": "с. Южно-Сахалинск, бул. Жукова, д. 806 стр. 883, 801952",
        "Количество_этажей": 30,
        "Количество_квартир": 210,
        "Год_постройки": "1995",
        "Тип_материала": "кирпич",
        "Площадь_квартиры": 176,
        "Количество_жителей": 453,
        "Наличие_лифта": false,
        "Наличие_охраны": false,
        "Наличие_парковки": true,
        "Расход_энергии_на_дом": 14869,
        "Наличие_спортивного_зала": false,
        "Расстояние_до_центра": 15,
        "Расстояние_до_метро": 2,
        "Расстояние_до_школы": 5
    },
    {
        "Название": "НПО «Лебедев Мельникова»",
        "Адрес": "ст. Сузун, алл. Ставропольская, д. 4 стр. 4, 873029",
        "Количество_этажей": 48,
        "Количество_квартир": 336,
        "Год_постройки": "2012",
        "Тип_материала": "стекло",
        "Площадь_квартиры": 193,
        "Количество_жителей": 76,
        "Наличие_лифта": false,
        "Наличие_охраны": true,
        "Наличие_парковки": false,
        "Расход_энергии_на_дом": 23091,
        "Наличие_спортивного_зала": false,
        "Расстояние_до_центра": 16,
        "Расстояние_до_метро": 8,
        "Расстояние_до_школы": 1
    },
    {
        "Название": "РАО «Аксенова Филатова»",
        "Адрес": "п. Алексин, пр. Л.Толстого, д. 1/7, 481723",
        "Количество_этажей": 22,
        "Количество_квартир": 154,
        "Год_постройки": "2001",
        "Тип_материала": "стекло",
        "Площадь_квартиры": 200,
        "Количество_жителей": 384,
        "Наличие_лифта": false,
        "Наличие_охраны": true,
        "Наличие_парковки": false,
        "Расход_энергии_на_дом": 27500,
        "Наличие_спортивного_зала": false,
        "Расстояние_до_центра": 15,
        "Расстояние_до_метро": 1,
        "Расстояние_до_школы": 2
    },
    {
        "Название": "Астеллас Фарма",
        "Адрес": "д. Усть-Катав, ул. Огородная, д. 7 стр. 6, 263613",
        "Количество_этажей": 26,
        "Количество_квартир": 182,
        "Год_постройки": "1989",
        "Тип_материала": "железобетон",
        "Площадь_квартиры": 132,
        "Количество_жителей": 415,
        "Наличие_лифта": true,
        "Наличие_охраны": true,
        "Наличие_парковки": true,
        "Расход_энергии_на_дом": 19769,
        "Наличие_спортивного_зала": false,
        "Расстояние_до_центра": 7,
        "Расстояние_до_метро": 7,
        "Расстояние_до_школы": 2
    },
    {
        "Название": "ИП «Федотов, Кириллова и Гусев»",
        "Адрес": "г. Кунгур, пер. Камский, д. 2/2, 714904",
        "Количество_этажей": 42,
        "Количество_квартир": 294,
        "Год_постройки": "1997",
        "Тип_материала": "железобетон",
        "Площадь_квартиры": 92,
        "Количество_жителей": 406,
        "Наличие_лифта": true,
        "Наличие_охраны": true,
        "Наличие_парковки": false,
        "Расход_энергии_на_дом": 18100,
        "Наличие_спортивного_зала": false,
        "Расстояние_до_центра": 14,
        "Расстояние_до_метро": 6,
        "Расстояние_до_школы": 5
    },
    {
        "Название": "ЗАО «Капустина»",
        "Адрес": "клх Руза, алл. Халтурина, д. 26 к. 662, 914698",
        "Количество_этажей": 34,
        "Количество_квартир": 238,
        "Год_постройки": "2017",
        "Тип_материала": "кирпич",
        "Площадь_квартиры": 151,
        "Количество_жителей": 340,
        "Наличие_лифта": true,
        "Наличие_охраны": true,
        "Наличие_парковки": false,
        "Расход_энергии_на_дом": 45889,
        "Наличие_спортивного_зала": false,
        "Расстояние_до_центра": 8,
        "Расстояние_до_метро": 4,
        "Расстояние_до_школы": 5
    },
    {
        "Название": "ЗАО «Орехов-Воробьев»",
        "Адрес": "ст. Сибай, ул. Покровская, д. 3/5 стр. 754, 432858",
        "Количество_этажей": 39,
        "Количество_квартир": 273,
        "Год_постройки": "1995",
        "Тип_материала": "стекло",
        "Площадь_квартиры": 167,
        "Количество_жителей": 168,
        "Наличие_лифта": true,
        "Наличие_охраны": true,
        "Наличие_парковки": false,
        "Расход_энергии_на_дом": 45420,
        "Наличие_спортивного_зала": false,
        "Расстояние_до_центра": 5,
        "Расстояние_до_метро": 2,
        "Расстояние_до_школы": 1
    },
    {
        "Название": "ЗАО «Пахомов»",
        "Адрес": "с. Тамбей, алл. Портовая, д. 39 к. 4/7, 652410",
        "Количество_этажей": 24,
        "Количество_квартир": 168,
        "Год_постройки": "2014",
        "Тип_материала": "кирпич",
        "Площадь_квартиры": 95,
        "Количество_жителей": 470,
        "Наличие_лифта": false,
        "Наличие_охраны": true,
        "Наличие_парковки": false,
        "Расход_энергии_на_дом": 48688,
        "Наличие_спортивного_зала": true,
        "Расстояние_до_центра": 4,
        "Расстояние_до_метро": 4,
        "Расстояние_до_школы": 3
    },
    {
        "Название": "ООО «Константинова Лобанов»",
        "Адрес": "к. Волоколамск, алл. Байкальская, д. 1/2, 434747",
        "Количество_этажей": 21,
        "Количество_квартир": 147,
        "Год_постройки": "1973",
        "Тип_материала": "кирпич",
        "Площадь_квартиры": 197,
        "Количество_жителей": 317,
        "Наличие_лифта": false,
        "Наличие_охраны": false,
        "Наличие_парковки": true,
        "Расход_энергии_на_дом": 24572,
        "Наличие_спортивного_зала": false,
        "Расстояние_до_центра": 20,
        "Расстояние_до_метро": 9,
        "Расстояние_до_школы": 4
    },
    {
        "Название": "Шубин Групп",
        "Адрес": "клх Избербаш, бул. Космонавтов, д. 92 к. 1/7, 463091",
        "Количество_этажей": 34,
        "Количество_квартир": 238,
        "Год_постройки": "1986",
        "Тип_материала": "стекло",
        "Площадь_квартиры": 180,
        "Количество_жителей": 103,
        "Наличие_лифта": true,
        "Наличие_охраны": true,
        "Наличие_парковки": true,
        "Расход_энергии_на_дом": 34896,
        "Наличие_спортивного_зала": false,
        "Расстояние_до_центра": 9,
        "Расстояние_до_метро": 10,
        "Расстояние_до_школы": 4
    },
    {
        "Название": "ГК СНС",
        "Адрес": "п. Киров (Вятка), пер. Донской, д. 820 стр. 6/8, 997919",
        "Количество_этажей": 24,
        "Количество_квартир": 168,
        "Год_постройки": "1989",
        "Тип_материала": "стекло",
        "Площадь_квартиры": 94,
        "Количество_жителей": 277,
        "Наличие_лифта": true,
        "Наличие_охраны": false,
        "Наличие_парковки": false,
        "Расход_энергии_на_дом": 22513,
        "Наличие_спортивного_зала": true,
        "Расстояние_до_центра": 10,
        "Расстояние_до_метро": 7,
        "Расстояние_до_школы": 1
    },
    {
        "Название": "Группа Газфонд",
        "Адрес": "к. Бугуруслан, бул. Сиреневый, д. 9/6, 420357",
        "Количество_этажей": 23,
        "Количество_квартир": 161,
        "Год_постройки": "2015",
        "Тип_материала": "стекло",
        "Площадь_квартиры": 54,
        "Количество_жителей": 391,
        "Наличие_лифта": false,
        "Наличие_охраны": true,
        "Наличие_парковки": false,
        "Расход_энергии_на_дом": 26993,
        "Наличие_спортивного_зала": false,
        "Расстояние_до_центра": 10,
        "Расстояние_до_метро": 5,
        "Расстояние_до_школы": 2
    },
    {
        "Название": "АО «Сорокина, Моисеев и Соловьева»",
        "Адрес": "с. Нягань, ш. Свободы, д. 4/9, 633644",
        "Количество_этажей": 23,
        "Количество_квартир": 161,
        "Год_постройки": "2000",
        "Тип_материала": "кирпич",
        "Площадь_квартиры": 195,
        "Количество_жителей": 342,
        "Наличие_лифта": false,
        "Наличие_охраны": false,
        "Наличие_парковки": true,
        "Расход_энергии_на_дом": 15380,
        "Наличие_спортивного_зала": false,
        "Расстояние_до_центра": 17,
        "Расстояние_до_метро": 8,
        "Расстояние_до_школы": 4
    },
    {
        "Название": "ЗАО «Константинов, Власова и Меркушева»",
        "Адрес": "с. Бавлы, пр. Черемушки, д. 6 стр. 40, 160940",
        "Количество_этажей": 20,
        "Количество_квартир": 140,
        "Год_постройки": "1989",
        "Тип_материала": "железобетон",
        "Площадь_квартиры": 55,
        "Количество_жителей": 317,
        "Наличие_лифта": true,
        "Наличие_охраны": false,
        "Наличие_парковки": true,
        "Расход_энергии_на_дом": 35948,
        "Наличие_спортивного_зала": false,
        "Расстояние_до_центра": 4,
        "Расстояние_до_метро": 9,
        "Расстояние_до_школы": 4
    }
]