[
    {
        "Название": "ООО «Миронов»",
        "Адрес": "д. Кедровый, наб. Стахановская, д. 643, 930865",
        "Количество_этажей": 33,
        "Количество_квартир": 231,
        "Год_постройки": "2017",
        "Тип_материала": "стекло",
        "Площадь_квартиры": 154,
        "Количество_жителей": 201,
        "Наличие_лифта": true,
        "Наличие_охраны": true,
        "Наличие_парковки": true,
        "Расход_энергии_на_дом": 23162,
        "Наличие_спортивного_зала": true,
        "Расстояние_до_центра": 1,
        "Расстояние_до_метро": 2,
        "Расстояние_до_школы": 2
    },
    {
        "Название": "РАО «Стрелкова, Карпова и Ширяев»",
        "Адрес": "с. Эльбрус, бул. Портовый, д. 262 к. 112, 927434",
        "Количество_этажей": 29,
        "Количество_квартир": 203,
        "Год_постройки": "2008",
        "Тип_материала": "стекло",
        "Площадь_квартиры": 50,
        "Количество_жителей": 465,
        "Наличие_лифта": true,
        "Наличие_охраны": true,
        "Наличие_парковки": true,
        "Расход_энергии_на_дом": 47737,
        "Наличие_спортивного_зала": false,
        "Расстояние_до_центра": 20,
        "Расстояние_до_метро": 3,
        "Расстояние_до_школы": 1
    },
    {
        "Название": "Смирнов Инк",
        "Адрес": "с. Гусь-Хрустальный, пер. Отрадный, д. 2/3 к. 7/5, 447635",
        "Количество_этажей": 30,
        "Количество_квартир": 210,
        "Год_постройки": "2011",
        "Тип_материала": "кирпич",
        "Площадь_квартиры": 137,
        "Количество_жителей": 499,
        "Наличие_лифта": false,
        "Наличие_охраны": true,
        "Наличие_парковки": true,
        "Расход_энергии_на_дом": 26314,
        "Наличие_спортивного_зала": false,
        "Расстояние_до_центра": 15,
        "Расстояние_до_метро": 5,
        "Расстояние_до_школы": 4
    },
    {
        "Название": "ЗАО «Капустин Сазонова»",
        "Адрес": "клх Мончегорск, бул. Химиков, д. 826 к. 321, 427627",
        "Количество_этажей": 24,
        "Количество_квартир": 168,
        "Год_постройки": "2017",
        "Тип_материала": "стекло",
        "Площадь_квартиры": 51,
        "Количество_жителей": 251,
        "Наличие_лифта": false,
        "Наличие_охраны": true,
        "Наличие_парковки": true,
        "Расход_энергии_на_дом": 24937,
        "Наличие_спортивного_зала": false,
        "Расстояние_до_центра": 14,
        "Расстояние_до_метро": 2,
        "Расстояние_до_школы": 4
    },
    {
        "Название": "Герасимова Инк",
        "Адрес": "клх Курск, наб. Волкова, д. 9 стр. 5, 762693",
        "Количество_этажей": 37,
        "Количество_квартир": 259,
        "Год_постройки": "2013",
        "Тип_материала": "железобетон",
        "Площадь_квартиры": 81,
        "Количество_жителей": 364,
        "Наличие_лифта": true,
        "Наличие_охраны": true,
        "Наличие_парковки": false,
        "Расход_энергии_на_дом": 39142,
        "Наличие_спортивного_зала": false,
        "Расстояние_до_центра": 13,
        "Расстояние_до_метро": 4,
        "Расстояние_до_школы": 5
    },
    {
        "Название": "Борисхоф 1 (Inchcape)",
        "Адрес": "к. Кашхатау, ул. Белинского, д. 169, 364853",
        "Количество_этажей": 23,
        "Количество_квартир": 161,
        "Год_постройки": "1982",
        "Тип_материала": "железобетон",
        "Площадь_квартиры": 156,
        "Количество_жителей": 107,
        "Наличие_лифта": false,
        "Наличие_охраны": true,
        "Наличие_парковки": false,
        "Расход_энергии_на_дом": 39152,
        "Наличие_спортивного_зала": false,
        "Расстояние_до_центра": 18,
        "Расстояние_до_метро": 1,
        "Расстояние_до_школы": 2
    },
    {
        "Название": "АО «Большакова, Калашников и Федоров»",
        "Адрес": "клх Саратов, бул. Фрунзе, д. 1/3, 060606",
        "Количество_этажей": 50,
        "Количество_квартир": 350,
        "Год_постройки": "1980",
        "Тип_материала": "кирпич",
        "Площадь_квартиры": 102,
        "Количество_жителей": 467,
        "Наличие_лифта": true,
        "Наличие_охраны": true,
        "Наличие_парковки": false,
        "Расход_энергии_на_дом": 19402,
        "Наличие_спортивного_зала": true,
        "Расстояние_до_центра": 10,
        "Расстояние_до_метро": 8,
        "Расстояние_до_школы": 2
    },
    {
        "Название": "Щукина Лтд",
        "Адрес": "д. Королев, ш. Звездное, д. 9/8 к. 747, 897299",
        "Количество_этажей": 46,
        "Количество_квартир": 322,
        "Год_постройки": "2020",
        "Тип_материала": "кирпич",
        "Площадь_квартиры": 128,
        "Количество_жителей": 338,
        "Наличие_лифта": true,
        "Наличие_охраны": true,
        "Наличие_парковки": false,
        "Расход_энергии_на_дом": 12700,
        "Наличие_спортивного_зала": true,
        "Расстояние_до_центра": 3,
        "Расстояние_до_метро": 2,
        "Расстояние_до_школы": 2
    },
    {
        "Название": "Николаев Инк",
        "Адрес": "д. Бузулук, пер. Заречный, д. 4/2 стр. 1, 360981",
        "Количество_этажей": 38,
        "Количество_квартир": 266,
        "Год_постройки": "2010",
        "Тип_материала": "кирпич",
        "Площадь_квартиры": 71,
        "Количество_жителей": 63,
        "Наличие_лифта": true,
        "Наличие_охраны": false,
        "Наличие_парковки": false,
        "Расход_энергии_на_дом": 17706,
        "Наличие_спортивного_зала": true,
        "Расстояние_до_центра": 17,
        "Расстояние_до_метро": 1,
        "Расстояние_до_школы": 3
    },
    {
        "Название": "ОАО «Петров, Киселев и Некрасов»",
        "Адрес": "клх Сибай, бул. Волкова, д. 3/7 стр. 9, 191109",
        "Количество_этажей": 50,
        "Количество_квартир": 350,
        "Год_постройки": "2013",
        "Тип_материала": "стекло",
        "Площадь_квартиры": 84,
        "Количество_жителей": 408,
        "Наличие_лифта": true,
        "Наличие_охраны": true,
        "Наличие_парковки": false,
        "Расход_энергии_на_дом": 32570,
        "Наличие_спортивного_зала": true,
        "Расстояние_до_центра": 16,
        "Расстояние_до_метро": 8,
        "Расстояние_до_школы": 3
    },
    {
        "Название": "ИП «Лаврентьев-Веселов»",
        "Адрес": "д. Химки, пер. Горького, д. 251 стр. 9, 040658",
        "Количество_этажей": 27,
        "Количество_квартир": 189,
        "Год_постройки": "2023",
        "Тип_материала": "железобетон",
        "Площадь_квартиры": 157,
        "Количество_жителей": 251,
        "Наличие_лифта": true,
        "Наличие_охраны": true,
        "Наличие_парковки": false,
        "Расход_энергии_на_дом": 48129,
        "Наличие_спортивного_зала": false,
        "Расстояние_до_центра": 6,
        "Расстояние_до_метро": 2,
        "Расстояние_до_школы": 5
    },
    {
        "Название": "НПО «Белозеров-Большакова»",
        "Адрес": "г. Луга, наб. Прибрежная, д. 26 стр. 939, 659801",
        "Количество_этажей": 22,
        "Количество_квартир": 154,
        "Год_постройки": "1972",
        "Тип_материала": "железобетон",
        "Площадь_квартиры": 188,
        "Количество_жителей": 455,
        "Наличие_лифта": true,
        "Наличие_охраны": true,
        "Наличие_парковки": false,
        "Расход_энергии_на_дом": 36496,
        "Наличие_спортивного_зала": false,
        "Расстояние_до_центра": 4,
        "Расстояние_до_метро": 10,
        "Расстояние_до_школы": 2
    },
    {
        "Название": "Ефимова Лтд",
        "Адрес": "к. Октябрьский (Башк.), алл. Болотная, д. 9 к. 5, 030043",
        "Количество_этажей": 30,
        "Количество_квартир": 210,
        "Год_постройки": "1978",
        "Тип_материала": "железобетон",
        "Площадь_квартиры": 73,
        "Количество_жителей": 367,
        "Наличие_лифта": true,
        "Наличие_охраны": true,
        "Наличие_парковки": false,
        "Расход_энергии_на_дом": 15423,
        "Наличие_спортивного_зала": false,
        "Расстояние_до_центра": 3,
        "Расстояние_до_метро": 1,
        "Расстояние_до_школы": 1
    },
    {
        "Название": "Либхерр-Русланд (Liebherr)",
        "Адрес": "п. Белгород, алл. Вахитова, д. 434 к. 568, 870077",
        "Количество_этажей": 28,
        "Количество_квартир": 196,
        "Год_постройки": "1998",
        "Тип_материала": "кирпич",
        "Площадь_квартиры": 94,
        "Количество_жителей": 327,
        "Наличие_лифта": false,
        "Наличие_охраны": true,
        "Наличие_парковки": true,
        "Расход_энергии_на_дом": 41070,
        "Наличие_спортивного_зала": false,
        "Расстояние_до_центра": 15,
        "Расстояние_до_метро": 5,
        "Расстояние_до_школы": 1
    },
    {
        "Название": "Новосибирскэнергосбыт",
        "Адрес": "с. Ухта, ул. Курортная, д. 22, 365985",
        "Количество_этажей": 31,
        "Количество_квартир": 217,
        "Год_постройки": "2014",
        "Тип_материала": "железобетон",
        "Площадь_квартиры": 191,
        "Количество_жителей": 181,
        "Наличие_лифта": true,
        "Наличие_охраны": true,
        "Наличие_парковки": true,
        "Расход_энергии_на_дом": 12453,
        "Наличие_спортивного_зала": false,
        "Расстояние_до_центра": 5,
        "Расстояние_до_метро": 2,
        "Расстояние_до_школы": 1
    }
]