[
    {
        "Название": "РАО «Смирнов, Ковалев и Гаврилов»",
        "Адрес": "г. Чехов, пер. Байкальский, д. 34 стр. 594, 428393",
        "Количество_этажей": 30,
        "Количество_квартир": 210,
        "Год_постройки": "2003",
        "Тип_материала": "железобетон",
        "Площадь_квартиры": 61,
        "Количество_жителей": 494,
        "Наличие_лифта": true,
        "Наличие_охраны": true,
        "Наличие_парковки": false,
        "Расход_энергии_на_дом": 23504,
        "Наличие_спортивного_зала": true,
        "Расстояние_до_центра": 3,
        "Расстояние_до_метро": 8,
        "Расстояние_до_школы": 4
    },
    {
        "Название": "ГК ЕКС",
        "Адрес": "с. Якша, пр. Черноморский, д. 388 к. 1/9, 859954",
        "Количество_этажей": 28,
        "Количество_квартир": 196,
        "Год_постройки": "1984",
        "Тип_материала": "железобетон",
        "Площадь_квартиры": 194,
        "Количество_жителей": 494,
        "Наличие_лифта": false,
        "Наличие_охраны": true,
        "Наличие_парковки": false,
        "Расход_энергии_на_дом": 40549,
        "Наличие_спортивного_зала": false,
        "Расстояние_до_центра": 17,
        "Расстояние_до_метро": 10,
        "Расстояние_до_школы": 2
    },
    {
        "Название": "ООО «Орехов Никифорова»",
        "Адрес": "клх Североуральск, пр. Ушакова, д. 444 к. 202, 394307",
        "Количество_этажей": 37,
        "Количество_квартир": 259,
        "Год_постройки": "2015",
        "Тип_материала": "кирпич",
        "Площадь_квартиры": 195,
        "Количество_жителей": 289,
        "Наличие_лифта": true,
        "Наличие_охраны": true,
        "Наличие_парковки": false,
        "Расход_энергии_на_дом": 27049,
        "Наличие_спортивного_зала": false,
        "Расстояние_до_центра": 5,
        "Расстояние_до_метро": 8,
        "Расстояние_до_школы": 3
    },
    {
        "Название": "Шаров и партнеры",
        "Адрес": "к. Тайшет, ш. Элеваторное, д. 9/6, 165913",
        "Количество_этажей": 33,
        "Количество_квартир": 231,
        "Год_постройки": "1998",
        "Тип_материала": "стекло",
        "Площадь_квартиры": 129,
        "Количество_жителей": 163,
        "Наличие_лифта": true,
        "Наличие_охраны": true,
        "Наличие_парковки": false,
        "Расход_энергии_на_дом": 26507,
        "Наличие_спортивного_зала": true,
        "Расстояние_до_центра": 20,
        "Расстояние_до_метро": 2,
        "Расстояние_до_школы": 4
    },
    {
        "Название": "Комиссарова Инк",
        "Адрес": "клх Елец, пер. 60 лет СССР, д. 801 к. 6, 114079",
        "Количество_этажей": 43,
        "Количество_квартир": 301,
        "Год_постройки": "2012",
        "Тип_материала": "стекло",
        "Площадь_квартиры": 61,
        "Количество_жителей": 405,
        "Наличие_лифта": true,
        "Наличие_охраны": true,
        "Наличие_парковки": false,
        "Расход_энергии_на_дом": 33074,
        "Наличие_спортивного_зала": true,
        "Расстояние_до_центра": 19,
        "Расстояние_до_метро": 3,
        "Расстояние_до_школы": 4
    },
    {
        "Название": "АО «Лазарева»",
        "Адрес": "д. Таштагол, алл. Клубная, д. 9 к. 7/8, 105945",
        "Количество_этажей": 32,
        "Количество_квартир": 224,
        "Год_постройки": "1988",
        "Тип_материала": "железобетон",
        "Площадь_квартиры": 140,
        "Количество_жителей": 256,
        "Наличие_лифта": true,
        "Наличие_охраны": true,
        "Наличие_парковки": true,
        "Расход_энергии_на_дом": 22972,
        "Наличие_спортивного_зала": false,
        "Расстояние_до_центра": 5,
        "Расстояние_до_метро": 6,
        "Расстояние_до_школы": 2
    },
    {
        "Название": "ЗАО «Киселев Князев»",
        "Адрес": "с. Нягань, пр. Алтайский, д. 5 к. 146, 761253",
        "Количество_этажей": 25,
        "Количество_квартир": 175,
        "Год_постройки": "2015",
        "Тип_материала": "стекло",
        "Площадь_квартиры": 121,
        "Количество_жителей": 205,
        "Наличие_лифта": false,
        "Наличие_охраны": true,
        "Наличие_парковки": false,
        "Расход_энергии_на_дом": 13348,
        "Наличие_спортивного_зала": true,
        "Расстояние_до_центра": 19,
        "Расстояние_до_метро": 1,
        "Расстояние_до_школы": 2
    },
    {
        "Название": "Савина Лтд",
        "Адрес": "п. Данков, пер. Энергетический, д. 85, 339518",
        "Количество_этажей": 24,
        "Количество_квартир": 168,
        "Год_постройки": "2001",
        "Тип_материала": "стекло",
        "Площадь_квартиры": 56,
        "Количество_жителей": 167,
        "Наличие_лифта": true,
        "Наличие_охраны": true,
        "Наличие_парковки": false,
        "Расход_энергии_на_дом": 23090,
        "Наличие_спортивного_зала": true,
        "Расстояние_до_центра": 19,
        "Расстояние_до_метро": 2,
        "Расстояние_до_школы": 5
    },
    {
        "Название": "Жданова Лимитед",
        "Адрес": "к. Бийск, пр. Тургенева, д. 5 стр. 7, 550595",
        "Количество_этажей": 31,
        "Количество_квартир": 217,
        "Год_постройки": "1974",
        "Тип_материала": "стекло",
        "Площадь_квартиры": 111,
        "Количество_жителей": 385,
        "Наличие_лифта": true,
        "Наличие_охраны": true,
        "Наличие_парковки": false,
        "Расход_энергии_на_дом": 44484,
        "Наличие_спортивного_зала": true,
        "Расстояние_до_центра": 17,
        "Расстояние_до_метро": 9,
        "Расстояние_до_школы": 1
    },
    {
        "Название": "АО «Савина Зуева»",
        "Адрес": "с. Кировск (Мурм.), пер. Путейский, д. 692, 452256",
        "Количество_этажей": 29,
        "Количество_квартир": 203,
        "Год_постройки": "2008",
        "Тип_материала": "стекло",
        "Площадь_квартиры": 80,
        "Количество_жителей": 58,
        "Наличие_лифта": true,
        "Наличие_охраны": true,
        "Наличие_парковки": true,
        "Расход_энергии_на_дом": 30483,
        "Наличие_спортивного_зала": true,
        "Расстояние_до_центра": 6,
        "Расстояние_до_метро": 2,
        "Расстояние_до_школы": 2
    },
    {
        "Название": "АО «Шашкова Фокина»",
        "Адрес": "д. Барнаул, алл. Снежная, д. 1 к. 7, 911735",
        "Количество_этажей": 37,
        "Количество_квартир": 259,
        "Год_постройки": "1984",
        "Тип_материала": "железобетон",
        "Площадь_квартиры": 84,
        "Количество_жителей": 282,
        "Наличие_лифта": true,
        "Наличие_охраны": true,
        "Наличие_парковки": false,
        "Расход_энергии_на_дом": 20096,
        "Наличие_спортивного_зала": false,
        "Расстояние_до_центра": 3,
        "Расстояние_до_метро": 4,
        "Расстояние_до_школы": 5
    },
    {
        "Название": "Орлова Групп",
        "Адрес": "к. Белокуриха, пер. Разина, д. 7, 794326",
        "Количество_этажей": 34,
        "Количество_квартир": 238,
        "Год_постройки": "2001",
        "Тип_материала": "железобетон",
        "Площадь_квартиры": 54,
        "Количество_жителей": 214,
        "Наличие_лифта": true,
        "Наличие_охраны": true,
        "Наличие_парковки": true,
        "Расход_энергии_на_дом": 23325,
        "Наличие_спортивного_зала": false,
        "Расстояние_до_центра": 20,
        "Расстояние_до_метро": 9,
        "Расстояние_до_школы": 2
    },
    {
        "Название": "Захарова Инк",
        "Адрес": "п. Лабинск, наб. Сахалинская, д. 1/8 к. 40, 074626",
        "Количество_этажей": 38,
        "Количество_квартир": 266,
        "Год_постройки": "2000",
        "Тип_материала": "кирпич",
        "Площадь_квартиры": 84,
        "Количество_жителей": 456,
        "Наличие_лифта": true,
        "Наличие_охраны": true,
        "Наличие_парковки": false,
        "Расход_энергии_на_дом": 22624,
        "Наличие_спортивного_зала": false,
        "Расстояние_до_центра": 1,
        "Расстояние_до_метро": 1,
        "Расстояние_до_школы": 1
    },
    {
        "Название": "ООО «Воронцова»",
        "Адрес": "д. Мезень, пр. Ленский, д. 9/3 к. 3, 727604",
        "Количество_этажей": 50,
        "Количество_квартир": 350,
        "Год_постройки": "1981",
        "Тип_материала": "железобетон",
        "Площадь_квартиры": 65,
        "Количество_жителей": 304,
        "Наличие_лифта": true,
        "Наличие_охраны": true,
        "Наличие_парковки": false,
        "Расход_энергии_на_дом": 18605,
        "Наличие_спортивного_зала": true,
        "Расстояние_до_центра": 20,
        "Расстояние_до_метро": 3,
        "Расстояние_до_школы": 3
    },
    {
        "Название": "НПО «Быков Давыдов»",
        "Адрес": "к. Курчатов, ш. Сплавное, д. 67 к. 82, 755487",
        "Количество_этажей": 49,
        "Количество_квартир": 343,
        "Год_постройки": "1989",
        "Тип_материала": "стекло",
        "Площадь_квартиры": 59,
        "Количество_жителей": 237,
        "Наличие_лифта": true,
        "Наличие_охраны": true,
        "Наличие_парковки": false,
        "Расход_энергии_на_дом": 32336,
        "Наличие_спортивного_зала": true,
        "Расстояние_до_центра": 1,
        "Расстояние_до_метро": 9,
        "Расстояние_до_школы": 5
    }
]