[
    {
        "Название": "РАО «Симонов-Лобанова»",
        "Адрес": "г. Анадырь, наб. Таманская, д. 6/9, 069865",
        "Количество_этажей": 22,
        "Количество_квартир": 154,
        "Год_постройки": "2003",
        "Тип_материала": "стекло",
        "Площадь_квартиры": 112,
        "Количество_жителей": 437,
        "Наличие_лифта": true,
        "Наличие_охраны": false,
        "Наличие_парковки": false,
        "Расход_энергии_на_дом": 11401,
        "Наличие_спортивного_зала": true,
        "Расстояние_до_центра": 7,
        "Расстояние_до_метро": 3,
        "Расстояние_до_школы": 5
    },
    {
        "Название": "РАО «Бирюков»",
        "Адрес": "к. Верхоянск, пр. Крайний, д. 28 стр. 73, 212085",
        "Количество_этажей": 47,
        "Количество_квартир": 329,
        "Год_постройки": "2003",
        "Тип_материала": "стекло",
        "Площадь_квартиры": 131,
        "Количество_жителей": 126,
        "Наличие_лифта": true,
        "Наличие_охраны": true,
        "Наличие_парковки": true,
        "Расход_энергии_на_дом": 43171,
        "Наличие_спортивного_зала": false,
        "Расстояние_до_центра": 17,
        "Расстояние_до_метро": 1,
        "Расстояние_до_школы": 4
    },
    {
        "Название": "ЗАО «Николаев Фадеев»",
        "Адрес": "с. Мокшан, ул. Астраханская, д. 7 к. 5/7, 309362",
        "Количество_этажей": 43,
        "Количество_квартир": 301,
        "Год_постройки": "1972",
        "Тип_материала": "кирпич",
        "Площадь_квартиры": 72,
        "Количество_жителей": 338,
        "Наличие_лифта": true,
        "Наличие_охраны": false,
        "Наличие_парковки": false,
        "Расход_энергии_на_дом": 44138,
        "Наличие_спортивного_зала": false,
        "Расстояние_до_центра": 12,
        "Расстояние_до_метро": 6,
        "Расстояние_до_школы": 2
    },
    {
        "Название": "ИП «Самсонов, Марков и Ларионова»",
        "Адрес": "с. Шелехов, пер. Раздольный, д. 104, 667409",
        "Количество_этажей": 31,
        "Количество_квартир": 217,
        "Год_постройки": "1974",
        "Тип_материала": "стекло",
        "Площадь_квартиры": 94,
        "Количество_жителей": 354,
        "Наличие_лифта": false,
        "Наличие_охраны": true,
        "Наличие_парковки": true,
        "Расход_энергии_на_дом": 35098,
        "Наличие_спортивного_зала": true,
        "Расстояние_до_центра": 18,
        "Расстояние_до_метро": 8,
        "Расстояние_до_школы": 5
    },
    {
        "Название": "Дмитриева Групп",
        "Адрес": "г. Слюдянка, наб. Пархоменко, д. 286, 161644",
        "Количество_этажей": 33,
        "Количество_квартир": 231,
        "Год_постройки": "2001",
        "Тип_материала": "стекло",
        "Площадь_квартиры": 92,
        "Количество_жителей": 349,
        "Наличие_лифта": true,
        "Наличие_охраны": true,
        "Наличие_парковки": true,
        "Расход_энергии_на_дом": 40171,
        "Наличие_спортивного_зала": true,
        "Расстояние_до_центра": 19,
        "Расстояние_до_метро": 2,
        "Расстояние_до_школы": 3
    },
    {
        "Название": "Пономарев Лимитед",
        "Адрес": "г. Южно-Сахалинск, пер. Цветочный, д. 868, 427031",
        "Количество_этажей": 44,
        "Количество_квартир": 308,
        "Год_постройки": "2013",
        "Тип_материала": "стекло",
        "Площадь_квартиры": 75,
        "Количество_жителей": 455,
        "Наличие_лифта": true,
        "Наличие_охраны": true,
        "Наличие_парковки": true,
        "Расход_энергии_на_дом": 37781,
        "Наличие_спортивного_зала": false,
        "Расстояние_до_центра": 3,
        "Расстояние_до_метро": 1,
        "Расстояние_до_школы": 4
    },
    {
        "Название": "ИП «Аксенов»",
        "Адрес": "к. Александров, пр. Журавлева, д. 6/7 стр. 6, 139864",
        "Количество_этажей": 24,
        "Количество_квартир": 168,
        "Год_постройки": "1976",
        "Тип_материала": "кирпич",
        "Площадь_квартиры": 54,
        "Количество_жителей": 342,
        "Наличие_лифта": true,
        "Наличие_охраны": false,
        "Наличие_парковки": true,
        "Расход_энергии_на_дом": 43859,
        "Наличие_спортивного_зала": false,
        "Расстояние_до_центра": 10,
        "Расстояние_до_метро": 8,
        "Расстояние_до_школы": 3
    },
    {
        "Название": "РАО «Князев Макарова»",
        "Адрес": "п. Валдай, ш. Железнодорожное, д. 1/7 к. 1, 442016",
        "Количество_этажей": 41,
        "Количество_квартир": 287,
        "Год_постройки": "1979",
        "Тип_материала": "кирпич",
        "Площадь_квартиры": 92,
        "Количество_жителей": 462,
        "Наличие_лифта": true,
        "Наличие_охраны": true,
        "Наличие_парковки": false,
        "Расход_энергии_на_дом": 43550,
        "Наличие_спортивного_зала": false,
        "Расстояние_до_центра": 9,
        "Расстояние_до_метро": 8,
        "Расстояние_до_школы": 3
    },
    {
        "Название": "ООО «Панова Сидорова»",
        "Адрес": "д. Усинск, наб. Крымская, д. 1 к. 2, 650621",
        "Количество_этажей": 50,
        "Количество_квартир": 350,
        "Год_постройки": "1996",
        "Тип_материала": "стекло",
        "Площадь_квартиры": 92,
        "Количество_жителей": 414,
        "Наличие_лифта": true,
        "Наличие_охраны": true,
        "Наличие_парковки": false,
        "Расход_энергии_на_дом": 41831,
        "Наличие_спортивного_зала": true,
        "Расстояние_до_центра": 6,
        "Расстояние_до_метро": 6,
        "Расстояние_до_школы": 2
    },
    {
        "Название": "Князева и партнеры",
        "Адрес": "ст. Амдерма, пр. Красных Партизан, д. 9 стр. 4, 616748",
        "Количество_этажей": 35,
        "Количество_квартир": 245,
        "Год_постройки": "2015",
        "Тип_материала": "железобетон",
        "Площадь_квартиры": 140,
        "Количество_жителей": 119,
        "Наличие_лифта": true,
        "Наличие_охраны": true,
        "Наличие_парковки": false,
        "Расход_энергии_на_дом": 42544,
        "Наличие_спортивного_зала": false,
        "Расстояние_до_центра": 2,
        "Расстояние_до_метро": 2,
        "Расстояние_до_школы": 2
    },
    {
        "Название": "ИП «Фролов Хохлова»",
        "Адрес": "п. Кяхта, ш. Рабочее, д. 5/5, 527810",
        "Количество_этажей": 35,
        "Количество_квартир": 245,
        "Год_постройки": "1997",
        "Тип_материала": "железобетон",
        "Площадь_квартиры": 70,
        "Количество_жителей": 383,
        "Наличие_лифта": true,
        "Наличие_охраны": true,
        "Наличие_парковки": true,
        "Расход_энергии_на_дом": 16003,
        "Наличие_спортивного_зала": false,
        "Расстояние_до_центра": 12,
        "Расстояние_до_метро": 10,
        "Расстояние_до_школы": 3
    },
    {
        "Название": "ООО «Гордеев Гурьева»",
        "Адрес": "г. Канск, наб. Мостовая, д. 829 к. 904, 206135",
        "Количество_этажей": 33,
        "Количество_квартир": 231,
        "Год_постройки": "2006",
        "Тип_материала": "железобетон",
        "Площадь_квартиры": 62,
        "Количество_жителей": 477,
        "Наличие_лифта": true,
        "Наличие_охраны": true,
        "Наличие_парковки": true,
        "Расход_энергии_на_дом": 35375,
        "Наличие_спортивного_зала": true,
        "Расстояние_до_центра": 7,
        "Расстояние_до_метро": 2,
        "Расстояние_до_школы": 1
    },
    {
        "Название": "АО «Волкова, Носова и Сергеев»",
        "Адрес": "п. Алексин, наб. Водников, д. 8 к. 2, 611674",
        "Количество_этажей": 36,
        "Количество_квартир": 252,
        "Год_постройки": "2009",
        "Тип_материала": "железобетон",
        "Площадь_квартиры": 93,
        "Количество_жителей": 136,
        "Наличие_лифта": false,
        "Наличие_охраны": true,
        "Наличие_парковки": false,
        "Расход_энергии_на_дом": 12498,
        "Наличие_спортивного_зала": true,
        "Расстояние_до_центра": 18,
        "Расстояние_до_метро": 7,
        "Расстояние_до_школы": 1
    },
    {
        "Название": "НПО «Никонова, Абрамов и Ефимов»",
        "Адрес": "к. Эльбрус, наб. Мира, д. 1/2 к. 47, 171505",
        "Количество_этажей": 48,
        "Количество_квартир": 336,
        "Год_постройки": "1985",
        "Тип_материала": "стекло",
        "Площадь_квартиры": 116,
        "Количество_жителей": 387,
        "Наличие_лифта": true,
        "Наличие_охраны": true,
        "Наличие_парковки": true,
        "Расход_энергии_на_дом": 20042,
        "Наличие_спортивного_зала": false,
        "Расстояние_до_центра": 8,
        "Расстояние_до_метро": 2,
        "Расстояние_до_школы": 3
    },
    {
        "Название": "ИП «Кузьмина»",
        "Адрес": "ст. Одинцово, ул. Механическая, д. 2/2 стр. 9/3, 698745",
        "Количество_этажей": 34,
        "Количество_квартир": 238,
        "Год_постройки": "2002",
        "Тип_материала": "стекло",
        "Площадь_квартиры": 91,
        "Количество_жителей": 491,
        "Наличие_лифта": false,
        "Наличие_охраны": true,
        "Наличие_парковки": false,
        "Расход_энергии_на_дом": 31242,
        "Наличие_спортивного_зала": true,
        "Расстояние_до_центра": 18,
        "Расстояние_до_метро": 9,
        "Расстояние_до_школы": 2
    }
]