[
    {
        "Название": "Хохлов Инк",
        "Адрес": "г. Борзя, ш. Авиационное, д. 4/7 стр. 331, 494774",
        "Количество_этажей": 43,
        "Количество_квартир": 301,
        "Год_постройки": "2019",
        "Тип_материала": "стекло",
        "Площадь_квартиры": 200,
        "Количество_жителей": 186,
        "Наличие_лифта": true,
        "Наличие_охраны": true,
        "Наличие_парковки": false,
        "Расход_энергии_на_дом": 12281,
        "Наличие_спортивного_зала": false,
        "Расстояние_до_центра": 8,
        "Расстояние_до_метро": 2,
        "Расстояние_до_школы": 2
    },
    {
        "Название": "ЗАО «Цветков, Беляев и Лаврентьев»",
        "Адрес": "клх Уварово, наб. 50 лет Октября, д. 1/4 к. 887, 792226",
        "Количество_этажей": 47,
        "Количество_квартир": 329,
        "Год_постройки": "2009",
        "Тип_материала": "железобетон",
        "Площадь_квартиры": 144,
        "Количество_жителей": 281,
        "Наличие_лифта": false,
        "Наличие_охраны": true,
        "Наличие_парковки": true,
        "Расход_энергии_на_дом": 33513,
        "Наличие_спортивного_зала": false,
        "Расстояние_до_центра": 13,
        "Расстояние_до_метро": 2,
        "Расстояние_до_школы": 2
    },
    {
        "Название": "АО «Титов Якушев»",
        "Адрес": "ст. Ивдель, алл. Поселковая, д. 1 к. 9/8, 208529",
        "Количество_этажей": 49,
        "Количество_квартир": 343,
        "Год_постройки": "1994",
        "Тип_материала": "кирпич",
        "Площадь_квартиры": 107,
        "Количество_жителей": 151,
        "Наличие_лифта": true,
        "Наличие_охраны": true,
        "Наличие_парковки": true,
        "Расход_энергии_на_дом": 13036,
        "Наличие_спортивного_зала": true,
        "Расстояние_до_центра": 12,
        "Расстояние_до_метро": 5,
        "Расстояние_до_школы": 4
    },
    {
        "Название": "Сидорова Лтд",
        "Адрес": "к. Куртамыш, наб. Болотная, д. 454, 967699",
        "Количество_этажей": 50,
        "Количество_квартир": 350,
        "Год_постройки": "1986",
        "Тип_материала": "кирпич",
        "Площадь_квартиры": 154,
        "Количество_жителей": 358,
        "Наличие_лифта": true,
        "Наличие_охраны": false,
        "Наличие_парковки": true,
        "Расход_энергии_на_дом": 22544,
        "Наличие_спортивного_зала": false,
        "Расстояние_до_центра": 8,
        "Расстояние_до_метро": 7,
        "Расстояние_до_школы": 2
    },
    {
        "Название": "РАО «Брагин, Костина и Коновалова»",
        "Адрес": "клх Заводоуковск, наб. Профсоюзная, д. 9/3 стр. 5, 076367",
        "Количество_этажей": 41,
        "Количество_квартир": 287,
        "Год_постройки": "1983",
        "Тип_материала": "стекло",
        "Площадь_квартиры": 184,
        "Количество_жителей": 252,
        "Наличие_лифта": false,
        "Наличие_охраны": true,
        "Наличие_парковки": true,
        "Расход_энергии_на_дом": 13806,
        "Наличие_спортивного_зала": true,
        "Расстояние_до_центра": 4,
        "Расстояние_до_метро": 2,
        "Расстояние_до_школы": 3
    },
    {
        "Название": "Русакова Групп",
        "Адрес": "клх Тырныауз, ш. Энгельса, д. 305 к. 96, 210254",
        "Количество_этажей": 28,
        "Количество_квартир": 196,
        "Год_постройки": "1991",
        "Тип_материала": "кирпич",
        "Площадь_квартиры": 104,
        "Количество_жителей": 447,
        "Наличие_лифта": true,
        "Наличие_охраны": false,
        "Наличие_парковки": true,
        "Расход_энергии_на_дом": 36155,
        "Наличие_спортивного_зала": false,
        "Расстояние_до_центра": 6,
        "Расстояние_до_метро": 8,
        "Расстояние_до_школы": 4
    },
    {
        "Название": "УГС",
        "Адрес": "с. Егорьевск, ул. Химиков, д. 80 стр. 9/4, 417322",
        "Количество_этажей": 50,
        "Количество_квартир": 350,
        "Год_постройки": "1990",
        "Тип_материала": "кирпич",
        "Площадь_квартиры": 73,
        "Количество_жителей": 456,
        "Наличие_лифта": false,
        "Наличие_охраны": false,
        "Наличие_парковки": true,
        "Расход_энергии_на_дом": 23550,
        "Наличие_спортивного_зала": true,
        "Расстояние_до_центра": 11,
        "Расстояние_до_метро": 9,
        "Расстояние_до_школы": 5
    },
    {
        "Название": "S7 Group",
        "Адрес": "ст. Самара, ул. Мельничная, д. 9/9 стр. 3/2, 713775",
        "Количество_этажей": 22,
        "Количество_квартир": 154,
        "Год_постройки": "1982",
        "Тип_материала": "кирпич",
        "Площадь_квартиры": 94,
        "Количество_жителей": 158,
        "Наличие_лифта": false,
        "Наличие_охраны": true,
        "Наличие_парковки": false,
        "Расход_энергии_на_дом": 49762,
        "Наличие_спортивного_зала": false,
        "Расстояние_до_центра": 18,
        "Расстояние_до_метро": 8,
        "Расстояние_до_школы": 3
    },
    {
        "Название": "РАО «Панфилов, Молчанова и Якушева»",
        "Адрес": "д. Беломорск, ул. Больничная, д. 12 к. 75, 078894",
        "Количество_этажей": 41,
        "Количество_квартир": 287,
        "Год_постройки": "2017",
        "Тип_материала": "стекло",
        "Площадь_квартиры": 105,
        "Количество_жителей": 405,
        "Наличие_лифта": false,
        "Наличие_охраны": true,
        "Наличие_парковки": true,
        "Расход_энергии_на_дом": 45567,
        "Наличие_спортивного_зала": true,
        "Расстояние_до_центра": 9,
        "Расстояние_до_метро": 7,
        "Расстояние_до_школы": 4
    },
    {
        "Название": "ООО «Цветков, Макарова и Горбунов»",
        "Адрес": "к. Бологое, ул. Дарвина, д. 132 к. 4, 010505",
        "Количество_этажей": 21,
        "Количество_квартир": 147,
        "Год_постройки": "2019",
        "Тип_материала": "стекло",
        "Площадь_квартиры": 163,
        "Количество_жителей": 230,
        "Наличие_лифта": true,
        "Наличие_охраны": true,
        "Наличие_парковки": true,
        "Расход_энергии_на_дом": 10550,
        "Наличие_спортивного_зала": false,
        "Расстояние_до_центра": 4,
        "Расстояние_до_метро": 8,
        "Расстояние_до_школы": 3
    },
    {
        "Название": "ОАО «Григорьева-Никонов»",
        "Адрес": "г. Переславль-Залесский, пр. Абрикосовый, д. 8 к. 3, 348328",
        "Количество_этажей": 32,
        "Количество_квартир": 224,
        "Год_постройки": "2008",
        "Тип_материала": "кирпич",
        "Площадь_квартиры": 195,
        "Количество_жителей": 427,
        "Наличие_лифта": true,
        "Наличие_охраны": true,
        "Наличие_парковки": false,
        "Расход_энергии_на_дом": 47502,
        "Наличие_спортивного_зала": false,
        "Расстояние_до_центра": 3,
        "Расстояние_до_метро": 1,
        "Расстояние_до_школы": 1
    },
    {
        "Название": "РАО «Голубев-Дмитриев»",
        "Адрес": "г. Махачкала, пер. Кольцевой, д. 90 стр. 6/2, 236830",
        "Количество_этажей": 31,
        "Количество_квартир": 217,
        "Год_постройки": "1991",
        "Тип_материала": "железобетон",
        "Площадь_квартиры": 82,
        "Количество_жителей": 471,
        "Наличие_лифта": true,
        "Наличие_охраны": true,
        "Наличие_парковки": false,
        "Расход_энергии_на_дом": 26665,
        "Наличие_спортивного_зала": true,
        "Расстояние_до_центра": 20,
        "Расстояние_до_метро": 8,
        "Расстояние_до_школы": 3
    },
    {
        "Название": "АО «Захарова-Данилов»",
        "Адрес": "ст. Асино, пер. Промышленный, д. 2/7 стр. 5, 820002",
        "Количество_этажей": 28,
        "Количество_квартир": 196,
        "Год_постройки": "2002",
        "Тип_материала": "стекло",
        "Площадь_квартиры": 74,
        "Количество_жителей": 472,
        "Наличие_лифта": false,
        "Наличие_охраны": false,
        "Наличие_парковки": true,
        "Расход_энергии_на_дом": 24584,
        "Наличие_спортивного_зала": true,
        "Расстояние_до_центра": 3,
        "Расстояние_до_метро": 9,
        "Расстояние_до_школы": 2
    },
    {
        "Название": "Доронина и партнеры",
        "Адрес": "г. Заводоуковск, пер. Шмидта, д. 9/6, 543042",
        "Количество_этажей": 31,
        "Количество_квартир": 217,
        "Год_постройки": "1992",
        "Тип_материала": "кирпич",
        "Площадь_квартиры": 158,
        "Количество_жителей": 257,
        "Наличие_лифта": false,
        "Наличие_охраны": true,
        "Наличие_парковки": false,
        "Расход_энергии_на_дом": 40037,
        "Наличие_спортивного_зала": true,
        "Расстояние_до_центра": 19,
        "Расстояние_до_метро": 7,
        "Расстояние_до_школы": 1
    },
    {
        "Название": "ОАО «Стрелкова»",
        "Адрес": "к. Соловки, бул. Терешковой, д. 5/7 к. 5/8, 004088",
        "Количество_этажей": 33,
        "Количество_квартир": 231,
        "Год_постройки": "1981",
        "Тип_материала": "железобетон",
        "Площадь_квартиры": 126,
        "Количество_жителей": 189,
        "Наличие_лифта": true,
        "Наличие_охраны": true,
        "Наличие_парковки": false,
        "Расход_энергии_на_дом": 27123,
        "Наличие_спортивного_зала": false,
        "Расстояние_до_центра": 10,
        "Расстояние_до_метро": 5,
        "Расстояние_до_школы": 3
    }
]