[
    {
        "Название": "ЗАО «Блинов»",
        "Адрес": "д. Сусуман, наб. Таманская, д. 255 стр. 50, 158442",
        "Количество_этажей": 45,
        "Количество_квартир": 315,
        "Год_постройки": "2001",
        "Тип_материала": "железобетон",
        "Площадь_квартиры": 109,
        "Количество_жителей": 155,
        "Наличие_лифта": true,
        "Наличие_охраны": true,
        "Наличие_парковки": false,
        "Расход_энергии_на_дом": 28143,
        "Наличие_спортивного_зала": false,
        "Расстояние_до_центра": 7,
        "Расстояние_до_метро": 7,
        "Расстояние_до_школы": 1
    },
    {
        "Название": "ООО «Романов-Исакова»",
        "Адрес": "с. Мирный, пр. Леонова, д. 350 к. 2/5, 243385",
        "Количество_этажей": 42,
        "Количество_квартир": 294,
        "Год_постройки": "2020",
        "Тип_материала": "железобетон",
        "Площадь_квартиры": 136,
        "Количество_жителей": 236,
        "Наличие_лифта": true,
        "Наличие_охраны": true,
        "Наличие_парковки": false,
        "Расход_энергии_на_дом": 10124,
        "Наличие_спортивного_зала": true,
        "Расстояние_до_центра": 20,
        "Расстояние_до_метро": 9,
        "Расстояние_до_школы": 1
    },
    {
        "Название": "Сорокина Лимитед",
        "Адрес": "п. Кропоткин (Краснод.), пер. Мирный, д. 12 стр. 2, 931692",
        "Количество_этажей": 42,
        "Количество_квартир": 294,
        "Год_постройки": "1978",
        "Тип_материала": "стекло",
        "Площадь_квартиры": 185,
        "Количество_жителей": 357,
        "Наличие_лифта": true,
        "Наличие_охраны": true,
        "Наличие_парковки": true,
        "Расход_энергии_на_дом": 14843,
        "Наличие_спортивного_зала": false,
        "Расстояние_до_центра": 17,
        "Расстояние_до_метро": 6,
        "Расстояние_до_школы": 5
    },
    {
        "Название": "НПО «Григорьев-Михеев»",
        "Адрес": "с. Соликамск, пер. Слободской, д. 3 к. 58, 635210",
        "Количество_этажей": 47,
        "Количество_квартир": 329,
        "Год_постройки": "1984",
        "Тип_материала": "стекло",
        "Площадь_квартиры": 156,
        "Количество_жителей": 268,
        "Наличие_лифта": true,
        "Наличие_охраны": true,
        "Наличие_парковки": true,
        "Расход_энергии_на_дом": 34962,
        "Наличие_спортивного_зала": true,
        "Расстояние_до_центра": 5,
        "Расстояние_до_метро": 10,
        "Расстояние_до_школы": 1
    },
    {
        "Название": "ОАО «Крюков, Иванов и Устинов»",
        "Адрес": "г. Усолье Сибирское, ул. Докучаева, д. 370, 746376",
        "Количество_этажей": 50,
        "Количество_квартир": 350,
        "Год_постройки": "1979",
        "Тип_материала": "стекло",
        "Площадь_квартиры": 88,
        "Количество_жителей": 425,
        "Наличие_лифта": true,
        "Наличие_охраны": true,
        "Наличие_парковки": false,
        "Расход_энергии_на_дом": 37947,
        "Наличие_спортивного_зала": false,
        "Расстояние_до_центра": 10,
        "Расстояние_до_метро": 6,
        "Расстояние_до_школы": 2
    },
    {
        "Название": "ООО «Моисеев, Селезнев и Лобанов»",
        "Адрес": "к. Шаховская, ш. Таманское, д. 52 стр. 4/3, 213944",
        "Количество_этажей": 34,
        "Количество_квартир": 238,
        "Год_постройки": "2021",
        "Тип_материала": "стекло",
        "Площадь_квартиры": 80,
        "Количество_жителей": 138,
        "Наличие_лифта": false,
        "Наличие_охраны": true,
        "Наличие_парковки": false,
        "Расход_энергии_на_дом": 37443,
        "Наличие_спортивного_зала": false,
        "Расстояние_до_центра": 4,
        "Расстояние_до_метро": 4,
        "Расстояние_до_школы": 4
    },
    {
        "Название": "РАО «Кондратьева-Матвеев»",
        "Адрес": "д. Нарым, пер. Целинный, д. 3, 058952",
        "Количество_этажей": 27,
        "Количество_квартир": 189,
        "Год_постройки": "2012",
        "Тип_материала": "стекло",
        "Площадь_квартиры": 155,
        "Количество_жителей": 349,
        "Наличие_лифта": true,
        "Наличие_охраны": false,
        "Наличие_парковки": true,
        "Расход_энергии_на_дом": 33413,
        "Наличие_спортивного_зала": false,
        "Расстояние_до_центра": 15,
        "Расстояние_до_метро": 7,
        "Расстояние_до_школы": 5
    },
    {
        "Название": "ЗАО «Фомичева, Гаврилова и Котова»",
        "Адрес": "п. Троицк (Челяб.), ш. Абрикосовое, д. 40 стр. 88, 783107",
        "Количество_этажей": 39,
        "Количество_квартир": 273,
        "Год_постройки": "1986",
        "Тип_материала": "железобетон",
        "Площадь_квартиры": 139,
        "Количество_жителей": 486,
        "Наличие_лифта": true,
        "Наличие_охраны": false,
        "Наличие_парковки": true,
        "Расход_энергии_на_дом": 46868,
        "Наличие_спортивного_зала": false,
        "Расстояние_до_центра": 12,
        "Расстояние_до_метро": 10,
        "Расстояние_до_школы": 3
    },
    {
        "Название": "Лобанова Инк",
        "Адрес": "клх Елабуга, пер. Первомайский, д. 93, 749032",
        "Количество_этажей": 37,
        "Количество_квартир": 259,
        "Год_постройки": "1995",
        "Тип_материала": "кирпич",
        "Площадь_квартиры": 127,
        "Количество_жителей": 251,
        "Наличие_лифта": true,
        "Наличие_охраны": true,
        "Наличие_парковки": true,
        "Расход_энергии_на_дом": 15111,
        "Наличие_спортивного_зала": true,
        "Расстояние_до_центра": 4,
        "Расстояние_до_метро": 9,
        "Расстояние_до_школы": 1
    },
    {
        "Название": "Кордиант",
        "Адрес": "д. Батайск, пр. Куйбышева, д. 7 к. 3, 400328",
        "Количество_этажей": 43,
        "Количество_квартир": 301,
        "Год_постройки": "1981",
        "Тип_материала": "кирпич",
        "Площадь_квартиры": 166,
        "Количество_жителей": 448,
        "Наличие_лифта": true,
        "Наличие_охраны": true,
        "Наличие_парковки": true,
        "Расход_энергии_на_дом": 47544,
        "Наличие_спортивного_зала": false,
        "Расстояние_до_центра": 10,
        "Расстояние_до_метро": 9,
        "Расстояние_до_школы": 2
    },
    {
        "Название": "АО «Сергеева»",
        "Адрес": "клх Токсово, ул. Терешковой, д. 3, 905805",
        "Количество_этажей": 29,
        "Количество_квартир": 203,
        "Год_постройки": "1999",
        "Тип_материала": "стекло",
        "Площадь_квартиры": 97,
        "Количество_жителей": 268,
        "Наличие_лифта": true,
        "Наличие_охраны": true,
        "Наличие_парковки": true,
        "Расход_энергии_на_дом": 44701,
        "Наличие_спортивного_зала": false,
        "Расстояние_до_центра": 14,
        "Расстояние_до_метро": 9,
        "Расстояние_до_школы": 4
    },
    {
        "Название": "РАО «Савельев-Сергеев»",
        "Адрес": "клх Учалы, ш. Партизанское, д. 323 стр. 51, 531516",
        "Количество_этажей": 25,
        "Количество_квартир": 175,
        "Год_постройки": "1980",
        "Тип_материала": "железобетон",
        "Площадь_квартиры": 170,
        "Количество_жителей": 241,
        "Наличие_лифта": false,
        "Наличие_охраны": false,
        "Наличие_парковки": false,
        "Расход_энергии_на_дом": 45919,
        "Наличие_спортивного_зала": false,
        "Расстояние_до_центра": 13,
        "Расстояние_до_метро": 5,
        "Расстояние_до_школы": 1
    },
    {
        "Название": "РАО «Юдина»",
        "Адрес": "с. Руза, бул. Краснофлотский, д. 74 стр. 52, 492209",
        "Количество_этажей": 41,
        "Количество_квартир": 287,
        "Год_постройки": "2003",
        "Тип_материала": "кирпич",
        "Площадь_квартиры": 74,
        "Количество_жителей": 132,
        "Наличие_лифта": true,
        "Наличие_охраны": true,
        "Наличие_парковки": false,
        "Расход_энергии_на_дом": 24742,
        "Наличие_спортивного_зала": false,
        "Расстояние_до_центра": 20,
        "Расстояние_до_метро": 7,
        "Расстояние_до_школы": 2
    },
    {
        "Название": "ГК Агропромкомплектация",
        "Адрес": "д. Кропоткин (Краснод.), алл. Ясная, д. 1/7, 636312",
        "Количество_этажей": 50,
        "Количество_квартир": 350,
        "Год_постройки": "2003",
        "Тип_материала": "стекло",
        "Площадь_квартиры": 76,
        "Количество_жителей": 118,
        "Наличие_лифта": true,
        "Наличие_охраны": true,
        "Наличие_парковки": false,
        "Расход_энергии_на_дом": 15426,
        "Наличие_спортивного_зала": false,
        "Расстояние_до_центра": 6,
        "Расстояние_до_метро": 4,
        "Расстояние_до_школы": 2
    },
    {
        "Название": "Лаборатория Касперского",
        "Адрес": "г. Цимлянск, пр. Торговый, д. 61, 177980",
        "Количество_этажей": 29,
        "Количество_квартир": 203,
        "Год_постройки": "2013",
        "Тип_материала": "железобетон",
        "Площадь_квартиры": 135,
        "Количество_жителей": 358,
        "Наличие_лифта": true,
        "Наличие_охраны": true,
        "Наличие_парковки": true,
        "Расход_энергии_на_дом": 15880,
        "Наличие_спортивного_зала": false,
        "Расстояние_до_центра": 2,
        "Расстояние_до_метро": 10,
        "Расстояние_до_школы": 3
    }
]