[
    {
        "Название": "ЗАО «Трофимов Рябова»",
        "Адрес": "клх Усть-Баргузин, пер. Линейный, д. 902 к. 7, 390656",
        "Количество_этажей": 41,
        "Количество_квартир": 287,
        "Год_постройки": "2003",
        "Тип_материала": "железобетон",
        "Площадь_квартиры": 193,
        "Количество_жителей": 344,
        "Наличие_лифта": true,
        "Наличие_охраны": true,
        "Наличие_парковки": false,
        "Расход_энергии_на_дом": 22806,
        "Наличие_спортивного_зала": true,
        "Расстояние_до_центра": 17,
        "Расстояние_до_метро": 6,
        "Расстояние_до_школы": 2
    },
    {
        "Название": "АО «Кудряшов, Петухов и Павлова»",
        "Адрес": "г. Мокшан, наб. О.Кошевого, д. 3 к. 4, 252269",
        "Количество_этажей": 35,
        "Количество_квартир": 245,
        "Год_постройки": "1977",
        "Тип_материала": "стекло",
        "Площадь_квартиры": 71,
        "Количество_жителей": 330,
        "Наличие_лифта": true,
        "Наличие_охраны": true,
        "Наличие_парковки": true,
        "Расход_энергии_на_дом": 23422,
        "Наличие_спортивного_зала": false,
        "Расстояние_до_центра": 5,
        "Расстояние_до_метро": 7,
        "Расстояние_до_школы": 3
    },
    {
        "Название": "ЗАО «Ершова Давыдов»",
        "Адрес": "п. Курильск, пр. Просторный, д. 1/6 стр. 4/2, 919415",
        "Количество_этажей": 28,
        "Количество_квартир": 196,
        "Год_постройки": "1981",
        "Тип_материала": "стекло",
        "Площадь_квартиры": 190,
        "Количество_жителей": 183,
        "Наличие_лифта": true,
        "Наличие_охраны": false,
        "Наличие_парковки": false,
        "Расход_энергии_на_дом": 39557,
        "Наличие_спортивного_зала": false,
        "Расстояние_до_центра": 13,
        "Расстояние_до_метро": 8,
        "Расстояние_до_школы": 3
    },
    {
        "Название": "РАО «Лобанова Антонова»",
        "Адрес": "г. Оймякон, ш. Украинское, д. 6/2 к. 1/8, 220924",
        "Количество_этажей": 43,
        "Количество_квартир": 301,
        "Год_постройки": "2016",
        "Тип_материала": "железобетон",
        "Площадь_квартиры": 147,
        "Количество_жителей": 347,
        "Наличие_лифта": true,
        "Наличие_охраны": true,
        "Наличие_парковки": false,
        "Расход_энергии_на_дом": 23226,
        "Наличие_спортивного_зала": false,
        "Расстояние_до_центра": 7,
        "Расстояние_до_метро": 7,
        "Расстояние_до_школы": 1
    },
    {
        "Название": "НПО «Шестакова»",
        "Адрес": "с. Хасавюрт, алл. Новоселов, д. 128 к. 22, 686357",
        "Количество_этажей": 25,
        "Количество_квартир": 175,
        "Год_постройки": "1978",
        "Тип_материала": "кирпич",
        "Площадь_квартиры": 61,
        "Количество_жителей": 142,
        "Наличие_лифта": true,
        "Наличие_охраны": true,
        "Наличие_парковки": false,
        "Расход_энергии_на_дом": 36352,
        "Наличие_спортивного_зала": true,
        "Расстояние_до_центра": 19,
        "Расстояние_до_метро": 10,
        "Расстояние_до_школы": 1
    },
    {
        "Название": "Комус",
        "Адрес": "ст. Луховицы, пр. Невского, д. 9/9 к. 29, 167389",
        "Количество_этажей": 30,
        "Количество_квартир": 210,
        "Год_постройки": "2002",
        "Тип_материала": "железобетон",
        "Площадь_квартиры": 123,
        "Количество_жителей": 220,
        "Наличие_лифта": true,
        "Наличие_охраны": false,
        "Наличие_парковки": true,
        "Расход_энергии_на_дом": 32548,
        "Наличие_спортивного_зала": true,
        "Расстояние_до_центра": 11,
        "Расстояние_до_метро": 4,
        "Расстояние_до_школы": 3
    },
    {
        "Название": "АО «Рябова Комиссаров»",
        "Адрес": "п. Кировск (Мурм.), пер. Ульяновский, д. 850 к. 109, 778280",
        "Количество_этажей": 37,
        "Количество_квартир": 259,
        "Год_постройки": "2000",
        "Тип_материала": "кирпич",
        "Площадь_квартиры": 59,
        "Количество_жителей": 154,
        "Наличие_лифта": true,
        "Наличие_охраны": true,
        "Наличие_парковки": false,
        "Расход_энергии_на_дом": 33444,
        "Наличие_спортивного_зала": true,
        "Расстояние_до_центра": 11,
        "Расстояние_до_метро": 7,
        "Расстояние_до_школы": 1
    },
    {
        "Название": "ЗАО «Куликова, Журавлева и Смирнова»",
        "Адрес": "с. Магнитогорск, ш. Володарского, д. 581 стр. 28, 954177",
        "Количество_этажей": 39,
        "Количество_квартир": 273,
        "Год_постройки": "2023",
        "Тип_материала": "железобетон",
        "Площадь_квартиры": 179,
        "Количество_жителей": 403,
        "Наличие_лифта": true,
        "Наличие_охраны": false,
        "Наличие_парковки": false,
        "Расход_энергии_на_дом": 46515,
        "Наличие_спортивного_зала": true,
        "Расстояние_до_центра": 18,
        "Расстояние_до_метро": 1,
        "Расстояние_до_школы": 5
    },
    {
        "Название": "АО «Ермаков-Панфилова»",
        "Адрес": "с. Старый Оскол, пер. Путевой, д. 1/9 к. 9/3, 657340",
        "Количество_этажей": 47,
        "Количество_квартир": 329,
        "Год_постройки": "1996",
        "Тип_материала": "кирпич",
        "Площадь_квартиры": 153,
        "Количество_жителей": 367,
        "Наличие_лифта": true,
        "Наличие_охраны": false,
        "Наличие_парковки": true,
        "Расход_энергии_на_дом": 37738,
        "Наличие_спортивного_зала": true,
        "Расстояние_до_центра": 20,
        "Расстояние_до_метро": 7,
        "Расстояние_до_школы": 2
    },
    {
        "Название": "Голубев Лтд",
        "Адрес": "г. Черняховск, пр. Плеханова, д. 277 к. 413, 431652",
        "Количество_этажей": 25,
        "Количество_квартир": 175,
        "Год_постройки": "2004",
        "Тип_материала": "стекло",
        "Площадь_квартиры": 154,
        "Количество_жителей": 147,
        "Наличие_лифта": true,
        "Наличие_охраны": false,
        "Наличие_парковки": true,
        "Расход_энергии_на_дом": 46819,
        "Наличие_спортивного_зала": false,
        "Расстояние_до_центра": 10,
        "Расстояние_до_метро": 6,
        "Расстояние_до_школы": 1
    },
    {
        "Название": "ЗАО «Трофимова»",
        "Адрес": "п. Курильск, пер. Автомобилистов, д. 92, 179765",
        "Количество_этажей": 33,
        "Количество_квартир": 231,
        "Год_постройки": "2012",
        "Тип_материала": "стекло",
        "Площадь_квартиры": 76,
        "Количество_жителей": 145,
        "Наличие_лифта": true,
        "Наличие_охраны": true,
        "Наличие_парковки": false,
        "Расход_энергии_на_дом": 22985,
        "Наличие_спортивного_зала": false,
        "Расстояние_до_центра": 19,
        "Расстояние_до_метро": 7,
        "Расстояние_до_школы": 5
    },
    {
        "Название": "Тетерин Лтд",
        "Адрес": "клх Ачхой Мартан, ул. Дружбы, д. 107 стр. 9, 769997",
        "Количество_этажей": 34,
        "Количество_квартир": 238,
        "Год_постройки": "2006",
        "Тип_материала": "железобетон",
        "Площадь_квартиры": 129,
        "Количество_жителей": 397,
        "Наличие_лифта": false,
        "Наличие_охраны": true,
        "Наличие_парковки": false,
        "Расход_энергии_на_дом": 44943,
        "Наличие_спортивного_зала": true,
        "Расстояние_до_центра": 14,
        "Расстояние_до_метро": 10,
        "Расстояние_до_школы": 1
    },
    {
        "Название": "ОАО «Захарова Игнатов»",
        "Адрес": "д. Мокшан, пер. Олимпийский, д. 42, 796934",
        "Количество_этажей": 33,
        "Количество_квартир": 231,
        "Год_постройки": "2023",
        "Тип_материала": "кирпич",
        "Площадь_квартиры": 53,
        "Количество_жителей": 161,
        "Наличие_лифта": true,
        "Наличие_охраны": true,
        "Наличие_парковки": true,
        "Расход_энергии_на_дом": 35272,
        "Наличие_спортивного_зала": false,
        "Расстояние_до_центра": 7,
        "Расстояние_до_метро": 5,
        "Расстояние_до_школы": 5
    },
    {
        "Название": "РАО «Новиков, Крюков и Иванова»",
        "Адрес": "к. Курск, пер. 70 лет Октября, д. 681 стр. 854, 516656",
        "Количество_этажей": 49,
        "Количество_квартир": 343,
        "Год_постройки": "1986",
        "Тип_материала": "железобетон",
        "Площадь_квартиры": 60,
        "Количество_жителей": 75,
        "Наличие_лифта": true,
        "Наличие_охраны": true,
        "Наличие_парковки": true,
        "Расход_энергии_на_дом": 35122,
        "Наличие_спортивного_зала": true,
        "Расстояние_до_центра": 16,
        "Расстояние_до_метро": 4,
        "Расстояние_до_школы": 5
    },
    {
        "Название": "ИП «Сорокин, Лихачева и Костин»",
        "Адрес": "с. Палана, ул. Крымская, д. 200 к. 23, 141942",
        "Количество_этажей": 20,
        "Количество_квартир": 140,
        "Год_постройки": "2018",
        "Тип_материала": "стекло",
        "Площадь_квартиры": 165,
        "Количество_жителей": 451,
        "Наличие_лифта": false,
        "Наличие_охраны": true,
        "Наличие_парковки": true,
        "Расход_энергии_на_дом": 47694,
        "Наличие_спортивного_зала": false,
        "Расстояние_до_центра": 12,
        "Расстояние_до_метро": 3,
        "Расстояние_до_школы": 5
    }
]