[
    {
        "Название": "РАО «Алексеева-Гордеева»",
        "Адрес": "к. Ковров, алл. Луговая, д. 7 стр. 44, 588574",
        "Количество_этажей": 46,
        "Количество_квартир": 322,
        "Год_постройки": "2005",
        "Тип_материала": "стекло",
        "Площадь_квартиры": 136,
        "Количество_жителей": 199,
        "Наличие_лифта": true,
        "Наличие_охраны": true,
        "Наличие_парковки": false,
        "Расход_энергии_на_дом": 12127,
        "Наличие_спортивного_зала": false,
        "Расстояние_до_центра": 17,
        "Расстояние_до_метро": 4,
        "Расстояние_до_школы": 3
    },
    {
        "Название": "РАО «Зуева»",
        "Адрес": "п. Пышма, пер. Строительный, д. 5/7, 192967",
        "Количество_этажей": 36,
        "Количество_квартир": 252,
        "Год_постройки": "1993",
        "Тип_материала": "стекло",
        "Площадь_квартиры": 107,
        "Количество_жителей": 373,
        "Наличие_лифта": false,
        "Наличие_охраны": true,
        "Наличие_парковки": true,
        "Расход_энергии_на_дом": 32178,
        "Наличие_спортивного_зала": false,
        "Расстояние_до_центра": 20,
        "Расстояние_до_метро": 10,
        "Расстояние_до_школы": 5
    },
    {
        "Название": "АО «Колобова Мельников»",
        "Адрес": "ст. Верещагино (Перм.), пер. Ульянова, д. 1 стр. 7/4, 289940",
        "Количество_этажей": 21,
        "Количество_квартир": 147,
        "Год_постройки": "2021",
        "Тип_материала": "кирпич",
        "Площадь_квартиры": 155,
        "Количество_жителей": 156,
        "Наличие_лифта": false,
        "Наличие_охраны": true,
        "Наличие_парковки": false,
        "Расход_энергии_на_дом": 26184,
        "Наличие_спортивного_зала": false,
        "Расстояние_до_центра": 3,
        "Расстояние_до_метро": 5,
        "Расстояние_до_школы": 3
    },
    {
        "Название": "РАО «Кудряшов, Кабанов и Брагин»",
        "Адрес": "к. Артем, пер. Волгоградский, д. 257 к. 51, 528639",
        "Количество_этажей": 36,
        "Количество_квартир": 252,
        "Год_постройки": "2021",
        "Тип_материала": "стекло",
        "Площадь_квартиры": 123,
        "Количество_жителей": 80,
        "Наличие_лифта": true,
        "Наличие_охраны": true,
        "Наличие_парковки": false,
        "Расход_энергии_на_дом": 26437,
        "Наличие_спортивного_зала": false,
        "Расстояние_до_центра": 19,
        "Расстояние_до_метро": 10,
        "Расстояние_до_школы": 2
    },
    {
        "Название": "Группа Содружество",
        "Адрес": "д. Туруханск, наб. Ермака, д. 3, 602993",
        "Количество_этажей": 50,
        "Количество_квартир": 350,
        "Год_постройки": "2019",
        "Тип_материала": "стекло",
        "Площадь_квартиры": 131,
        "Количество_жителей": 218,
        "Наличие_лифта": true,
        "Наличие_охраны": true,
        "Наличие_парковки": false,
        "Расход_энергии_на_дом": 21403,
        "Наличие_спортивного_зала": false,
        "Расстояние_до_центра": 17,
        "Расстояние_до_метро": 8,
        "Расстояние_до_школы": 1
    },
    {
        "Название": "ОАО «Гаврилова»",
        "Адрес": "к. Магадан, алл. Дарвина, д. 120 стр. 699, 393419",
        "Количество_этажей": 44,
        "Количество_квартир": 308,
        "Год_постройки": "1993",
        "Тип_материала": "стекло",
        "Площадь_квартиры": 179,
        "Количество_жителей": 331,
        "Наличие_лифта": true,
        "Наличие_охраны": true,
        "Наличие_парковки": true,
        "Расход_энергии_на_дом": 34133,
        "Наличие_спортивного_зала": false,
        "Расстояние_до_центра": 18,
        "Расстояние_до_метро": 4,
        "Расстояние_до_школы": 3
    },
    {
        "Название": "Турова и партнеры",
        "Адрес": "ст. Новая Игирма, ул. Маркса, д. 80 стр. 1, 027587",
        "Количество_этажей": 41,
        "Количество_квартир": 287,
        "Год_постройки": "1997",
        "Тип_материала": "кирпич",
        "Площадь_квартиры": 191,
        "Количество_жителей": 465,
        "Наличие_лифта": true,
        "Наличие_охраны": true,
        "Наличие_парковки": false,
        "Расход_энергии_на_дом": 38205,
        "Наличие_спортивного_зала": false,
        "Расстояние_до_центра": 10,
        "Расстояние_до_метро": 10,
        "Расстояние_до_школы": 1
    },
    {
        "Название": "НПО «Антонов, Белозерова и Сысоев»",
        "Адрес": "д. Оймякон, пр. Кирова, д. 26 к. 3/6, 233349",
        "Количество_этажей": 21,
        "Количество_квартир": 147,
        "Год_постройки": "1994",
        "Тип_материала": "стекло",
        "Площадь_квартиры": 117,
        "Количество_жителей": 467,
        "Наличие_лифта": true,
        "Наличие_охраны": true,
        "Наличие_парковки": false,
        "Расход_энергии_на_дом": 18879,
        "Наличие_спортивного_зала": false,
        "Расстояние_до_центра": 13,
        "Расстояние_до_метро": 5,
        "Расстояние_до_школы": 1
    },
    {
        "Название": "ЗАО «Яковлев-Архипова»",
        "Адрес": "п. Буденновск, бул. Владимирский, д. 60 к. 3, 000664",
        "Количество_этажей": 49,
        "Количество_квартир": 343,
        "Год_постройки": "1996",
        "Тип_материала": "железобетон",
        "Площадь_квартиры": 128,
        "Количество_жителей": 264,
        "Наличие_лифта": true,
        "Наличие_охраны": true,
        "Наличие_парковки": true,
        "Расход_энергии_на_дом": 21747,
        "Наличие_спортивного_зала": false,
        "Расстояние_до_центра": 9,
        "Расстояние_до_метро": 1,
        "Расстояние_до_школы": 5
    },
    {
        "Название": "Гуляев Групп",
        "Адрес": "с. Железногорск(Курск.), бул. Ягодный, д. 7/7, 850633",
        "Количество_этажей": 38,
        "Количество_квартир": 266,
        "Год_постройки": "1978",
        "Тип_материала": "стекло",
        "Площадь_квартиры": 79,
        "Количество_жителей": 266,
        "Наличие_лифта": true,
        "Наличие_охраны": false,
        "Наличие_парковки": true,
        "Расход_энергии_на_дом": 22398,
        "Наличие_спортивного_зала": false,
        "Расстояние_до_центра": 5,
        "Расстояние_до_метро": 2,
        "Расстояние_до_школы": 1
    },
    {
        "Название": "ОАО «Миронов Цветкова»",
        "Адрес": "д. Новый Оскол, ш. Л.Толстого, д. 8/1, 584954",
        "Количество_этажей": 36,
        "Количество_квартир": 252,
        "Год_постройки": "2015",
        "Тип_материала": "кирпич",
        "Площадь_квартиры": 169,
        "Количество_жителей": 148,
        "Наличие_лифта": true,
        "Наличие_охраны": true,
        "Наличие_парковки": false,
        "Расход_энергии_на_дом": 48931,
        "Наличие_спортивного_зала": false,
        "Расстояние_до_центра": 7,
        "Расстояние_до_метро": 4,
        "Расстояние_до_школы": 5
    },
    {
        "Название": "ЗАО «Зиновьев»",
        "Адрес": "д. Санкт-Петербург, бул. Ставропольский, д. 75, 217112",
        "Количество_этажей": 22,
        "Количество_квартир": 154,
        "Год_постройки": "2009",
        "Тип_материала": "кирпич",
        "Площадь_квартиры": 164,
        "Количество_жителей": 260,
        "Наличие_лифта": true,
        "Наличие_охраны": false,
        "Наличие_парковки": true,
        "Расход_энергии_на_дом": 10432,
        "Наличие_спортивного_зала": false,
        "Расстояние_до_центра": 5,
        "Расстояние_до_метро": 8,
        "Расстояние_до_школы": 1
    },
    {
        "Название": "ОАО «Козлова Веселов»",
        "Адрес": "п. Терней, бул. Вольный, д. 6/6 стр. 4/1, 099084",
        "Количество_этажей": 25,
        "Количество_квартир": 175,
        "Год_постройки": "1978",
        "Тип_материала": "кирпич",
        "Площадь_квартиры": 141,
        "Количество_жителей": 310,
        "Наличие_лифта": true,
        "Наличие_охраны": true,
        "Наличие_парковки": false,
        "Расход_энергии_на_дом": 30535,
        "Наличие_спортивного_зала": false,
        "Расстояние_до_центра": 4,
        "Расстояние_до_метро": 5,
        "Расстояние_до_школы": 3
    },
    {
        "Название": "АО «Фролов Макаров»",
        "Адрес": "д. Геленджик, пер. Суворова, д. 2 стр. 200, 542435",
        "Количество_этажей": 41,
        "Количество_квартир": 287,
        "Год_постройки": "2022",
        "Тип_материала": "кирпич",
        "Площадь_квартиры": 65,
        "Количество_жителей": 449,
        "Наличие_лифта": true,
        "Наличие_охраны": false,
        "Наличие_парковки": true,
        "Расход_энергии_на_дом": 39050,
        "Наличие_спортивного_зала": false,
        "Расстояние_до_центра": 16,
        "Расстояние_до_метро": 7,
        "Расстояние_до_школы": 4
    },
    {
        "Название": "ЗАО «Туров Уваров»",
        "Адрес": "клх Игнашино, наб. Подлесная, д. 4/4 к. 8/2, 858857",
        "Количество_этажей": 22,
        "Количество_квартир": 154,
        "Год_постройки": "1997",
        "Тип_материала": "стекло",
        "Площадь_квартиры": 150,
        "Количество_жителей": 123,
        "Наличие_лифта": false,
        "Наличие_охраны": true,
        "Наличие_парковки": true,
        "Расход_энергии_на_дом": 43453,
        "Наличие_спортивного_зала": false,
        "Расстояние_до_центра": 14,
        "Расстояние_до_метро": 5,
        "Расстояние_до_школы": 5
    }
]