[
    {
        "Название": "Ильин Инк",
        "Адрес": "с. Мичуринск, ш. Минское, д. 64, 625828",
        "Количество_этажей": 43,
        "Количество_квартир": 301,
        "Год_постройки": "2010",
        "Тип_материала": "стекло",
        "Площадь_квартиры": 102,
        "Количество_жителей": 83,
        "Наличие_лифта": false,
        "Наличие_охраны": true,
        "Наличие_парковки": false,
        "Расход_энергии_на_дом": 27201,
        "Наличие_спортивного_зала": false,
        "Расстояние_до_центра": 9,
        "Расстояние_до_метро": 2,
        "Расстояние_до_школы": 4
    },
    {
        "Название": "ОАО «Мамонтов, Красильников и Владимиров»",
        "Адрес": "клх Звенигород, пр. Комарова, д. 297 стр. 5, 055674",
        "Количество_этажей": 35,
        "Количество_квартир": 245,
        "Год_постройки": "1994",
        "Тип_материала": "железобетон",
        "Площадь_квартиры": 124,
        "Количество_жителей": 294,
        "Наличие_лифта": true,
        "Наличие_охраны": true,
        "Наличие_парковки": true,
        "Расход_энергии_на_дом": 15502,
        "Наличие_спортивного_зала": false,
        "Расстояние_до_центра": 9,
        "Расстояние_до_метро": 9,
        "Расстояние_до_школы": 3
    },
    {
        "Название": "Нижфарм (Nidda Midco)",
        "Адрес": "г. Тымовское, бул. Краснофлотский, д. 39 к. 5/5, 018801",
        "Количество_этажей": 37,
        "Количество_квартир": 259,
        "Год_постройки": "2005",
        "Тип_материала": "кирпич",
        "Площадь_квартиры": 90,
        "Количество_жителей": 159,
        "Наличие_лифта": true,
        "Наличие_охраны": true,
        "Наличие_парковки": true,
        "Расход_энергии_на_дом": 34314,
        "Наличие_спортивного_зала": false,
        "Расстояние_до_центра": 13,
        "Расстояние_до_метро": 6,
        "Расстояние_до_школы": 1
    },
    {
        "Название": "ОАО «Агафонов Горбунов»",
        "Адрес": "ст. Вологда, бул. Пушкина, д. 7/6 к. 900, 706048",
        "Количество_этажей": 27,
        "Количество_квартир": 189,
        "Год_постройки": "1999",
        "Тип_материала": "кирпич",
        "Площадь_квартиры": 143,
        "Количество_жителей": 184,
        "Наличие_лифта": false,
        "Наличие_охраны": false,
        "Наличие_парковки": true,
        "Расход_энергии_на_дом": 10745,
        "Наличие_спортивного_зала": true,
        "Расстояние_до_центра": 2,
        "Расстояние_до_метро": 5,
        "Расстояние_до_школы": 3
    },
    {
        "Название": "РАО «Шестакова Никифорова»",
        "Адрес": "клх Троицк (Челяб.), ул. Уральская, д. 7/6 стр. 175, 749894",
        "Количество_этажей": 40,
        "Количество_квартир": 280,
        "Год_постройки": "2017",
        "Тип_материала": "железобетон",
        "Площадь_квартиры": 74,
        "Количество_жителей": 432,
        "Наличие_лифта": false,
        "Наличие_охраны": true,
        "Наличие_парковки": true,
        "Расход_энергии_на_дом": 36102,
        "Наличие_спортивного_зала": true,
        "Расстояние_до_центра": 8,
        "Расстояние_до_метро": 4,
        "Расстояние_до_школы": 5
    },
    {
        "Название": "ИП «Виноградов Зимин»",
        "Адрес": "ст. Тверь, ул. 40 лет Октября, д. 5/1 к. 5/1, 944742",
        "Количество_этажей": 37,
        "Количество_квартир": 259,
        "Год_постройки": "2023",
        "Тип_материала": "стекло",
        "Площадь_квартиры": 155,
        "Количество_жителей": 60,
        "Наличие_лифта": true,
        "Наличие_охраны": false,
        "Наличие_парковки": false,
        "Расход_энергии_на_дом": 43211,
        "Наличие_спортивного_зала": true,
        "Расстояние_до_центра": 12,
        "Расстояние_до_метро": 5,
        "Расстояние_до_школы": 5
    },
    {
        "Название": "Агафонов Лимитед",
        "Адрес": "клх Териберка, наб. Пугачева, д. 871, 598215",
        "Количество_этажей": 21,
        "Количество_квартир": 147,
        "Год_постройки": "2010",
        "Тип_материала": "стекло",
        "Площадь_квартиры": 176,
        "Количество_жителей": 333,
        "Наличие_лифта": true,
        "Наличие_охраны": true,
        "Наличие_парковки": true,
        "Расход_энергии_на_дом": 17425,
        "Наличие_спортивного_зала": true,
        "Расстояние_до_центра": 19,
        "Расстояние_до_метро": 6,
        "Расстояние_до_школы": 1
    },
    {
        "Название": "Московский метрополитен",
        "Адрес": "к. Южно-Курильск, ш. Линейное, д. 768 стр. 78, 936748",
        "Количество_этажей": 41,
        "Количество_квартир": 287,
        "Год_постройки": "1973",
        "Тип_материала": "кирпич",
        "Площадь_квартиры": 92,
        "Количество_жителей": 205,
        "Наличие_лифта": true,
        "Наличие_охраны": false,
        "Наличие_парковки": true,
        "Расход_энергии_на_дом": 47389,
        "Наличие_спортивного_зала": false,
        "Расстояние_до_центра": 20,
        "Расстояние_до_метро": 9,
        "Расстояние_до_школы": 3
    },
    {
        "Название": "Байер",
        "Адрес": "к. Кемерово, алл. Выгонная, д. 921 стр. 8/6, 593618",
        "Количество_этажей": 23,
        "Количество_квартир": 161,
        "Год_постройки": "1989",
        "Тип_материала": "стекло",
        "Площадь_квартиры": 129,
        "Количество_жителей": 228,
        "Наличие_лифта": true,
        "Наличие_охраны": true,
        "Наличие_парковки": true,
        "Расход_энергии_на_дом": 20194,
        "Наличие_спортивного_зала": false,
        "Расстояние_до_центра": 7,
        "Расстояние_до_метро": 3,
        "Расстояние_до_школы": 4
    },
    {
        "Название": "ООО «Устинов Князев»",
        "Адрес": "с. Амурск, наб. Зеленая, д. 3 стр. 4/9, 261328",
        "Количество_этажей": 47,
        "Количество_квартир": 329,
        "Год_постройки": "2007",
        "Тип_материала": "стекло",
        "Площадь_квартиры": 64,
        "Количество_жителей": 183,
        "Наличие_лифта": true,
        "Наличие_охраны": false,
        "Наличие_парковки": true,
        "Расход_энергии_на_дом": 47325,
        "Наличие_спортивного_зала": false,
        "Расстояние_до_центра": 2,
        "Расстояние_до_метро": 4,
        "Расстояние_до_школы": 4
    },
    {
        "Название": "ООО «Королева Степанов»",
        "Адрес": "д. Таганрог, бул. Ломоносова, д. 51 к. 351, 100162",
        "Количество_этажей": 23,
        "Количество_квартир": 161,
        "Год_постройки": "2018",
        "Тип_материала": "стекло",
        "Площадь_квартиры": 119,
        "Количество_жителей": 430,
        "Наличие_лифта": true,
        "Наличие_охраны": true,
        "Наличие_парковки": false,
        "Расход_энергии_на_дом": 47340,
        "Наличие_спортивного_зала": false,
        "Расстояние_до_центра": 9,
        "Расстояние_до_метро": 8,
        "Расстояние_до_школы": 5
    },
    {
        "Название": "ЗАО «Авдеев»",
        "Адрес": "клх Нижний Новгород, наб. Николаева, д. 311 к. 76, 002880",
        "Количество_этажей": 21,
        "Количество_квартир": 147,
        "Год_постройки": "1974",
        "Тип_материала": "стекло",
        "Площадь_квартиры": 65,
        "Количество_жителей": 380,
        "Наличие_лифта": true,
        "Наличие_охраны": true,
        "Наличие_парковки": true,
        "Расход_энергии_на_дом": 47962,
        "Наличие_спортивного_зала": true,
        "Расстояние_до_центра": 7,
        "Расстояние_до_метро": 9,
        "Расстояние_до_школы": 5
    },
    {
        "Название": "НПО «Степанова-Морозова»",
        "Адрес": "с. Оленегорск (Якут.), ул. Светлая, д. 8, 502072",
        "Количество_этажей": 50,
        "Количество_квартир": 350,
        "Год_постройки": "1989",
        "Тип_материала": "железобетон",
        "Площадь_квартиры": 56,
        "Количество_жителей": 355,
        "Наличие_лифта": true,
        "Наличие_охраны": true,
        "Наличие_парковки": true,
        "Расход_энергии_на_дом": 11727,
        "Наличие_спортивного_зала": true,
        "Расстояние_до_центра": 17,
        "Расстояние_до_метро": 2,
        "Расстояние_до_школы": 5
    },
    {
        "Название": "ЗАО «Федоров-Филиппова»",
        "Адрес": "г. Забайкальск, бул. Спортивный, д. 7 стр. 73, 139311",
        "Количество_этажей": 26,
        "Количество_квартир": 182,
        "Год_постройки": "2021",
        "Тип_материала": "кирпич",
        "Площадь_квартиры": 115,
        "Количество_жителей": 313,
        "Наличие_лифта": true,
        "Наличие_охраны": true,
        "Наличие_парковки": false,
        "Расход_энергии_на_дом": 27524,
        "Наличие_спортивного_зала": true,
        "Расстояние_до_центра": 5,
        "Расстояние_до_метро": 6,
        "Расстояние_до_школы": 3
    },
    {
        "Название": "Сорокина Инк",
        "Адрес": "ст. Юрьевец (Иван.), пер. Абрикосовый, д. 61, 348927",
        "Количество_этажей": 33,
        "Количество_квартир": 231,
        "Год_постройки": "2019",
        "Тип_материала": "кирпич",
        "Площадь_квартиры": 127,
        "Количество_жителей": 91,
        "Наличие_лифта": false,
        "Наличие_охраны": true,
        "Наличие_парковки": false,
        "Расход_энергии_на_дом": 28726,
        "Наличие_спортивного_зала": false,
        "Расстояние_до_центра": 6,
        "Расстояние_до_метро": 7,
        "Расстояние_до_школы": 3
    }
]