[
    {
        "Название": "ОАО «Бобров-Крылова»",
        "Адрес": "д. Карпинск, пер. Партизанский, д. 7 к. 7/6, 612822",
        "Количество_этажей": 23,
        "Количество_квартир": 161,
        "Год_постройки": "1975",
        "Тип_материала": "стекло",
        "Площадь_квартиры": 73,
        "Количество_жителей": 208,
        "Наличие_лифта": true,
        "Наличие_охраны": false,
        "Наличие_парковки": true,
        "Расход_энергии_на_дом": 19701,
        "Наличие_спортивного_зала": false,
        "Расстояние_до_центра": 19,
        "Расстояние_до_метро": 1,
        "Расстояние_до_школы": 3
    },
    {
        "Название": "Лихачев Инк",
        "Адрес": "ст. Воскресенск, алл. Пригородная, д. 6 стр. 4, 324385",
        "Количество_этажей": 49,
        "Количество_квартир": 343,
        "Год_постройки": "1977",
        "Тип_материала": "стекло",
        "Площадь_квартиры": 98,
        "Количество_жителей": 490,
        "Наличие_лифта": true,
        "Наличие_охраны": false,
        "Наличие_парковки": false,
        "Расход_энергии_на_дом": 12977,
        "Наличие_спортивного_зала": false,
        "Расстояние_до_центра": 12,
        "Расстояние_до_метро": 9,
        "Расстояние_до_школы": 2
    },
    {
        "Название": "Бурова Групп",
        "Адрес": "к. Гатчина, ш. Краснознаменное, д. 25 стр. 198, 566617",
        "Количество_этажей": 23,
        "Количество_квартир": 161,
        "Год_постройки": "1993",
        "Тип_материала": "кирпич",
        "Площадь_квартиры": 77,
        "Количество_жителей": 209,
        "Наличие_лифта": true,
        "Наличие_охраны": true,
        "Наличие_парковки": false,
        "Расход_энергии_на_дом": 49684,
        "Наличие_спортивного_зала": false,
        "Расстояние_до_центра": 12,
        "Расстояние_до_метро": 9,
        "Расстояние_до_школы": 4
    },
    {
        "Название": "Группа М.Видео-Эльдорадо",
        "Адрес": "клх Видное, наб. Томская, д. 90 к. 45, 357580",
        "Количество_этажей": 46,
        "Количество_квартир": 322,
        "Год_постройки": "2021",
        "Тип_материала": "стекло",
        "Площадь_квартиры": 66,
        "Количество_жителей": 201,
        "Наличие_лифта": false,
        "Наличие_охраны": true,
        "Наличие_парковки": true,
        "Расход_энергии_на_дом": 41360,
        "Наличие_спортивного_зала": true,
        "Расстояние_до_центра": 14,
        "Расстояние_до_метро": 2,
        "Расстояние_до_школы": 3
    },
    {
        "Название": "ИП «Беспалов, Панова и Владимиров»",
        "Адрес": "с. Октябрьское (Хант.), пер. Мусы Джалиля, д. 485 стр. 41, 305932",
        "Количество_этажей": 21,
        "Количество_квартир": 147,
        "Год_постройки": "2001",
        "Тип_материала": "стекло",
        "Площадь_квартиры": 177,
        "Количество_жителей": 258,
        "Наличие_лифта": true,
        "Наличие_охраны": false,
        "Наличие_парковки": true,
        "Расход_энергии_на_дом": 24151,
        "Наличие_спортивного_зала": false,
        "Расстояние_до_центра": 14,
        "Расстояние_до_метро": 9,
        "Расстояние_до_школы": 3
    },
    {
        "Название": "АО «Зайцев»",
        "Адрес": "п. Иваново, бул. Тихий, д. 3 стр. 7/3, 760740",
        "Количество_этажей": 40,
        "Количество_квартир": 280,
        "Год_постройки": "2007",
        "Тип_материала": "кирпич",
        "Площадь_квартиры": 99,
        "Количество_жителей": 185,
        "Наличие_лифта": true,
        "Наличие_охраны": true,
        "Наличие_парковки": true,
        "Расход_энергии_на_дом": 19401,
        "Наличие_спортивного_зала": true,
        "Расстояние_до_центра": 6,
        "Расстояние_до_метро": 6,
        "Расстояние_до_школы": 2
    },
    {
        "Название": "НПО «Гущина, Федоров и Блинова»",
        "Адрес": "г. Северо-Курильск, ш. Леонова, д. 3, 903795",
        "Количество_этажей": 35,
        "Количество_квартир": 245,
        "Год_постройки": "1972",
        "Тип_материала": "стекло",
        "Площадь_квартиры": 118,
        "Количество_жителей": 476,
        "Наличие_лифта": true,
        "Наличие_охраны": true,
        "Наличие_парковки": false,
        "Расход_энергии_на_дом": 27451,
        "Наличие_спортивного_зала": true,
        "Расстояние_до_центра": 16,
        "Расстояние_до_метро": 1,
        "Расстояние_до_школы": 2
    },
    {
        "Название": "ЗАО «Лебедева»",
        "Адрес": "ст. Королев, бул. Деповский, д. 93, 771570",
        "Количество_этажей": 26,
        "Количество_квартир": 182,
        "Год_постройки": "1972",
        "Тип_материала": "стекло",
        "Площадь_квартиры": 50,
        "Количество_жителей": 384,
        "Наличие_лифта": false,
        "Наличие_охраны": true,
        "Наличие_парковки": true,
        "Расход_энергии_на_дом": 43550,
        "Наличие_спортивного_зала": true,
        "Расстояние_до_центра": 13,
        "Расстояние_до_метро": 5,
        "Расстояние_до_школы": 3
    },
    {
        "Название": "НПО «Михеева Горбунова»",
        "Адрес": "к. Цимлянск, наб. Азина, д. 3, 527178",
        "Количество_этажей": 39,
        "Количество_квартир": 273,
        "Год_постройки": "2002",
        "Тип_материала": "стекло",
        "Площадь_квартиры": 166,
        "Количество_жителей": 156,
        "Наличие_лифта": false,
        "Наличие_охраны": true,
        "Наличие_парковки": false,
        "Расход_энергии_на_дом": 25164,
        "Наличие_спортивного_зала": true,
        "Расстояние_до_центра": 13,
        "Расстояние_до_метро": 1,
        "Расстояние_до_школы": 3
    },
    {
        "Название": "ОАО «Аксенов-Шестаков»",
        "Адрес": "ст. Арзамас, наб. Победы, д. 17 к. 1/7, 617559",
        "Количество_этажей": 23,
        "Количество_квартир": 161,
        "Год_постройки": "2015",
        "Тип_материала": "кирпич",
        "Площадь_квартиры": 71,
        "Количество_жителей": 83,
        "Наличие_лифта": true,
        "Наличие_охраны": false,
        "Наличие_парковки": true,
        "Расход_энергии_на_дом": 17013,
        "Наличие_спортивного_зала": false,
        "Расстояние_до_центра": 9,
        "Расстояние_до_метро": 3,
        "Расстояние_до_школы": 2
    },
    {
        "Название": "ООО «Ильин, Горбунов и Селезнев»",
        "Адрес": "ст. Махачкала, алл. Раздольная, д. 34 к. 17, 417753",
        "Количество_этажей": 28,
        "Количество_квартир": 196,
        "Год_постройки": "1983",
        "Тип_материала": "стекло",
        "Площадь_квартиры": 104,
        "Количество_жителей": 301,
        "Наличие_лифта": true,
        "Наличие_охраны": true,
        "Наличие_парковки": true,
        "Расход_энергии_на_дом": 21392,
        "Наличие_спортивного_зала": true,
        "Расстояние_до_центра": 15,
        "Расстояние_до_метро": 3,
        "Расстояние_до_школы": 3
    },
    {
        "Название": "НПО «Аксенова-Давыдов»",
        "Адрес": "с. Щельяюр, алл. Каштановая, д. 14 к. 250, 597386",
        "Количество_этажей": 28,
        "Количество_квартир": 196,
        "Год_постройки": "1976",
        "Тип_материала": "железобетон",
        "Площадь_квартиры": 127,
        "Количество_жителей": 170,
        "Наличие_лифта": true,
        "Наличие_охраны": true,
        "Наличие_парковки": false,
        "Расход_энергии_на_дом": 18609,
        "Наличие_спортивного_зала": false,
        "Расстояние_до_центра": 8,
        "Расстояние_до_метро": 8,
        "Расстояние_до_школы": 5
    },
    {
        "Название": "Нортгаз",
        "Адрес": "клх Оленегорск (Якут.), бул. Производственный, д. 299, 580145",
        "Количество_этажей": 50,
        "Количество_квартир": 350,
        "Год_постройки": "1987",
        "Тип_материала": "кирпич",
        "Площадь_квартиры": 136,
        "Количество_жителей": 141,
        "Наличие_лифта": true,
        "Наличие_охраны": true,
        "Наличие_парковки": true,
        "Расход_энергии_на_дом": 34342,
        "Наличие_спортивного_зала": false,
        "Расстояние_до_центра": 10,
        "Расстояние_до_метро": 2,
        "Расстояние_до_школы": 4
    },
    {
        "Название": "РАО «Терентьев, Михеева и Фадеева»",
        "Адрес": "г. Канск, ш. Крайнее, д. 6 стр. 8, 696619",
        "Количество_этажей": 44,
        "Количество_квартир": 308,
        "Год_постройки": "2001",
        "Тип_материала": "кирпич",
        "Площадь_квартиры": 70,
        "Количество_жителей": 287,
        "Наличие_лифта": true,
        "Наличие_охраны": true,
        "Наличие_парковки": false,
        "Расход_энергии_на_дом": 18581,
        "Наличие_спортивного_зала": true,
        "Расстояние_до_центра": 6,
        "Расстояние_до_метро": 1,
        "Расстояние_до_школы": 2
    },
    {
        "Название": "РАО «Шилов-Поляков»",
        "Адрес": "д. Красноуральск, пр. Курчатова, д. 2 к. 962, 290036",
        "Количество_этажей": 25,
        "Количество_квартир": 175,
        "Год_постройки": "1978",
        "Тип_материала": "стекло",
        "Площадь_квартиры": 78,
        "Количество_жителей": 358,
        "Наличие_лифта": true,
        "Наличие_охраны": true,
        "Наличие_парковки": true,
        "Расход_энергии_на_дом": 38081,
        "Наличие_спортивного_зала": true,
        "Расстояние_до_центра": 8,
        "Расстояние_до_метро": 6,
        "Расстояние_до_школы": 5
    }
]