[
    {
        "Название": "Филиппова Групп",
        "Адрес": "г. Сусуман, пер. Депутатский, д. 2 стр. 48, 206837",
        "Количество_этажей": 47,
        "Количество_квартир": 329,
        "Год_постройки": "2015",
        "Тип_материала": "стекло",
        "Площадь_квартиры": 83,
        "Количество_жителей": 358,
        "Наличие_лифта": true,
        "Наличие_охраны": true,
        "Наличие_парковки": false,
        "Расход_энергии_на_дом": 13358,
        "Наличие_спортивного_зала": true,
        "Расстояние_до_центра": 14,
        "Расстояние_до_метро": 6,
        "Расстояние_до_школы": 4
    },
    {
        "Название": "АО «Костин»",
        "Адрес": "п. Волхов, наб. Социалистическая, д. 5/3, 902015",
        "Количество_этажей": 45,
        "Количество_квартир": 315,
        "Год_постройки": "1983",
        "Тип_материала": "железобетон",
        "Площадь_квартиры": 198,
        "Количество_жителей": 480,
        "Наличие_лифта": true,
        "Наличие_охраны": true,
        "Наличие_парковки": false,
        "Расход_энергии_на_дом": 18770,
        "Наличие_спортивного_зала": false,
        "Расстояние_до_центра": 16,
        "Расстояние_до_метро": 9,
        "Расстояние_до_школы": 1
    },
    {
        "Название": "ОАО «Лаврентьева-Данилова»",
        "Адрес": "г. Луховицы, ул. Портовая, д. 18 к. 3, 223966",
        "Количество_этажей": 21,
        "Количество_квартир": 147,
        "Год_постройки": "1987",
        "Тип_материала": "железобетон",
        "Площадь_квартиры": 132,
        "Количество_жителей": 166,
        "Наличие_лифта": true,
        "Наличие_охраны": true,
        "Наличие_парковки": true,
        "Расход_энергии_на_дом": 23210,
        "Наличие_спортивного_зала": false,
        "Расстояние_до_центра": 15,
        "Расстояние_до_метро": 5,
        "Расстояние_до_школы": 2
    },
    {
        "Название": "НПО «Михеева»",
        "Адрес": "п. Дудинка, бул. Фадеева, д. 4/3, 768377",
        "Количество_этажей": 27,
        "Количество_квартир": 189,
        "Год_постройки": "1985",
        "Тип_материала": "стекло",
        "Площадь_квартиры": 119,
        "Количество_жителей": 364,
        "Наличие_лифта": true,
        "Наличие_охраны": true,
        "Наличие_парковки": false,
        "Расход_энергии_на_дом": 28179,
        "Наличие_спортивного_зала": false,
        "Расстояние_до_центра": 16,
        "Расстояние_до_метро": 3,
        "Расстояние_до_школы": 2
    },
    {
        "Название": "Абрамова Групп",
        "Адрес": "клх Темрюк, наб. Труда, д. 8/3, 102688",
        "Количество_этажей": 42,
        "Количество_квартир": 294,
        "Год_постройки": "1979",
        "Тип_материала": "железобетон",
        "Площадь_квартиры": 64,
        "Количество_жителей": 126,
        "Наличие_лифта": true,
        "Наличие_охраны": false,
        "Наличие_парковки": false,
        "Расход_энергии_на_дом": 49154,
        "Наличие_спортивного_зала": false,
        "Расстояние_до_центра": 4,
        "Расстояние_до_метро": 7,
        "Расстояние_до_школы": 3
    },
    {
        "Название": "ОАО «Маслов»",
        "Адрес": "п. Галич, пр. Родниковый, д. 25 к. 1/2, 764403",
        "Количество_этажей": 21,
        "Количество_квартир": 147,
        "Год_постройки": "1987",
        "Тип_материала": "кирпич",
        "Площадь_квартиры": 151,
        "Количество_жителей": 181,
        "Наличие_лифта": true,
        "Наличие_охраны": true,
        "Наличие_парковки": true,
        "Расход_энергии_на_дом": 27325,
        "Наличие_спортивного_зала": false,
        "Расстояние_до_центра": 19,
        "Расстояние_до_метро": 7,
        "Расстояние_до_школы": 5
    },
    {
        "Название": "ООО «Мишина Гаврилова»",
        "Адрес": "с. Юрьев-Польский, алл. Детская, д. 101, 591168",
        "Количество_этажей": 37,
        "Количество_квартир": 259,
        "Год_постройки": "1998",
        "Тип_материала": "кирпич",
        "Площадь_квартиры": 141,
        "Количество_жителей": 212,
        "Наличие_лифта": true,
        "Наличие_охраны": false,
        "Наличие_парковки": false,
        "Расход_энергии_на_дом": 10165,
        "Наличие_спортивного_зала": true,
        "Расстояние_до_центра": 3,
        "Расстояние_до_метро": 6,
        "Расстояние_до_школы": 4
    },
    {
        "Название": "Тимофеева Групп",
        "Адрес": "клх Буйнакск, ул. Степана Разина, д. 7/8 стр. 6, 083369",
        "Количество_этажей": 30,
        "Количество_квартир": 210,
        "Год_постройки": "1991",
        "Тип_материала": "железобетон",
        "Площадь_квартиры": 158,
        "Количество_жителей": 380,
        "Наличие_лифта": true,
        "Наличие_охраны": true,
        "Наличие_парковки": false,
        "Расход_энергии_на_дом": 47486,
        "Наличие_спортивного_зала": true,
        "Расстояние_до_центра": 19,
        "Расстояние_до_метро": 2,
        "Расстояние_до_школы": 3
    },
    {
        "Название": "ИП «Овчинникова»",
        "Адрес": "клх Кабанск, пер. Весенний, д. 912 к. 80, 415663",
        "Количество_этажей": 39,
        "Количество_квартир": 273,
        "Год_постройки": "2000",
        "Тип_материала": "стекло",
        "Площадь_квартиры": 114,
        "Количество_жителей": 461,
        "Наличие_лифта": true,
        "Наличие_охраны": false,
        "Наличие_парковки": false,
        "Расход_энергии_на_дом": 28806,
        "Наличие_спортивного_зала": true,
        "Расстояние_до_центра": 20,
        "Расстояние_до_метро": 8,
        "Расстояние_до_школы": 2
    },
    {
        "Название": "ООО «Галкин, Егорова и Данилов»",
        "Адрес": "ст. Новомосковск, бул. Гагарина, д. 2/1, 957130",
        "Количество_этажей": 34,
        "Количество_квартир": 238,
        "Год_постройки": "1977",
        "Тип_материала": "железобетон",
        "Площадь_квартиры": 101,
        "Количество_жителей": 128,
        "Наличие_лифта": true,
        "Наличие_охраны": true,
        "Наличие_парковки": false,
        "Расход_энергии_на_дом": 29742,
        "Наличие_спортивного_зала": false,
        "Расстояние_до_центра": 2,
        "Расстояние_до_метро": 9,
        "Расстояние_до_школы": 3
    },
    {
        "Название": "РАО «Ковалев, Полякова и Жуков»",
        "Адрес": "п. Курумкан, ш. Запорожское, д. 4/7, 853687",
        "Количество_этажей": 28,
        "Количество_квартир": 196,
        "Год_постройки": "2006",
        "Тип_материала": "кирпич",
        "Площадь_квартиры": 117,
        "Количество_жителей": 208,
        "Наличие_лифта": true,
        "Наличие_охраны": false,
        "Наличие_парковки": true,
        "Расход_энергии_на_дом": 25678,
        "Наличие_спортивного_зала": false,
        "Расстояние_до_центра": 14,
        "Расстояние_до_метро": 6,
        "Расстояние_до_школы": 4
    },
    {
        "Название": "ООО «Филиппова Селиверстова»",
        "Адрес": "д. Королев, наб. Депутатская, д. 46 к. 2/7, 674605",
        "Количество_этажей": 27,
        "Количество_квартир": 189,
        "Год_постройки": "1985",
        "Тип_материала": "стекло",
        "Площадь_квартиры": 58,
        "Количество_жителей": 80,
        "Наличие_лифта": false,
        "Наличие_охраны": true,
        "Наличие_парковки": false,
        "Расход_энергии_на_дом": 17792,
        "Наличие_спортивного_зала": true,
        "Расстояние_до_центра": 1,
        "Расстояние_до_метро": 9,
        "Расстояние_до_школы": 3
    },
    {
        "Название": "НПО «Субботина-Зайцева»",
        "Адрес": "к. Черский, пр. Братский, д. 81 стр. 2/6, 941248",
        "Количество_этажей": 27,
        "Количество_квартир": 189,
        "Год_постройки": "1996",
        "Тип_материала": "железобетон",
        "Площадь_квартиры": 154,
        "Количество_жителей": 228,
        "Наличие_лифта": true,
        "Наличие_охраны": false,
        "Наличие_парковки": true,
        "Расход_энергии_на_дом": 22356,
        "Наличие_спортивного_зала": false,
        "Расстояние_до_центра": 4,
        "Расстояние_до_метро": 1,
        "Расстояние_до_школы": 4
    },
    {
        "Название": "Аксенова Инкорпорэйтед",
        "Адрес": "с. Курганинск, алл. Тамбовская, д. 52 стр. 67, 230063",
        "Количество_этажей": 43,
        "Количество_квартир": 301,
        "Год_постройки": "1993",
        "Тип_материала": "железобетон",
        "Площадь_квартиры": 94,
        "Количество_жителей": 101,
        "Наличие_лифта": false,
        "Наличие_охраны": false,
        "Наличие_парковки": false,
        "Расход_энергии_на_дом": 34892,
        "Наличие_спортивного_зала": true,
        "Расстояние_до_центра": 9,
        "Расстояние_до_метро": 2,
        "Расстояние_до_школы": 5
    },
    {
        "Название": "АО «Анисимова Корнилова»",
        "Адрес": "п. Каменск-Уральский, алл. Лазурная, д. 80, 966921",
        "Количество_этажей": 21,
        "Количество_квартир": 147,
        "Год_постройки": "2015",
        "Тип_материала": "стекло",
        "Площадь_квартиры": 137,
        "Количество_жителей": 147,
        "Наличие_лифта": true,
        "Наличие_охраны": false,
        "Наличие_парковки": true,
        "Расход_энергии_на_дом": 38182,
        "Наличие_спортивного_зала": true,
        "Расстояние_до_центра": 8,
        "Расстояние_до_метро": 6,
        "Расстояние_до_школы": 5
    }
]