[
    {
        "Название": "Ершов Лимитед",
        "Адрес": "п. Псебай, алл. Каштановая, д. 41 стр. 39, 020889",
        "Количество_этажей": 33,
        "Количество_квартир": 231,
        "Год_постройки": "1993",
        "Тип_материала": "железобетон",
        "Площадь_квартиры": 55,
        "Количество_жителей": 143,
        "Наличие_лифта": false,
        "Наличие_охраны": true,
        "Наличие_парковки": false,
        "Расход_энергии_на_дом": 11274,
        "Наличие_спортивного_зала": true,
        "Расстояние_до_центра": 11,
        "Расстояние_до_метро": 10,
        "Расстояние_до_школы": 2
    },
    {
        "Название": "ОАО «Ширяева-Калинина»",
        "Адрес": "г. Джейрах, наб. Куйбышева, д. 1 к. 26, 361833",
        "Количество_этажей": 30,
        "Количество_квартир": 210,
        "Год_постройки": "1986",
        "Тип_материала": "кирпич",
        "Площадь_квартиры": 130,
        "Количество_жителей": 489,
        "Наличие_лифта": true,
        "Наличие_охраны": false,
        "Наличие_парковки": true,
        "Расход_энергии_на_дом": 17126,
        "Наличие_спортивного_зала": true,
        "Расстояние_до_центра": 15,
        "Расстояние_до_метро": 2,
        "Расстояние_до_школы": 1
    },
    {
        "Название": "ООО «Рогов, Максимова и Архипова»",
        "Адрес": "г. Чехов, пр. Нахимова, д. 3 стр. 861, 289449",
        "Количество_этажей": 49,
        "Количество_квартир": 343,
        "Год_постройки": "2004",
        "Тип_материала": "железобетон",
        "Площадь_квартиры": 199,
        "Количество_жителей": 267,
        "Наличие_лифта": true,
        "Наличие_охраны": true,
        "Наличие_парковки": true,
        "Расход_энергии_на_дом": 29603,
        "Наличие_спортивного_зала": true,
        "Расстояние_до_центра": 4,
        "Расстояние_до_метро": 3,
        "Расстояние_до_школы": 1
    },
    {
        "Название": "РАО «Некрасова»",
        "Адрес": "к. Кущевская, наб. Овражная, д. 1 к. 104, 303453",
        "Количество_этажей": 45,
        "Количество_квартир": 315,
        "Год_постройки": "1994",
        "Тип_материала": "стекло",
        "Площадь_квартиры": 69,
        "Количество_жителей": 370,
        "Наличие_лифта": true,
        "Наличие_охраны": true,
        "Наличие_парковки": false,
        "Расход_энергии_на_дом": 43132,
        "Наличие_спортивного_зала": false,
        "Расстояние_до_центра": 18,
        "Расстояние_до_метро": 5,
        "Расстояние_до_школы": 5
    },
    {
        "Название": "ЗАО «Назарова»",
        "Адрес": "с. Жиганск, наб. Нагорная, д. 88 стр. 4, 981609",
        "Количество_этажей": 41,
        "Количество_квартир": 287,
        "Год_постройки": "1972",
        "Тип_материала": "кирпич",
        "Площадь_квартиры": 147,
        "Количество_жителей": 166,
        "Наличие_лифта": true,
        "Наличие_охраны": false,
        "Наличие_парковки": true,
        "Расход_энергии_на_дом": 30463,
        "Наличие_спортивного_зала": true,
        "Расстояние_до_центра": 10,
        "Расстояние_до_метро": 8,
        "Расстояние_до_школы": 1
    },
    {
        "Название": "АО «Емельянов, Лаврентьев и Николаева»",
        "Адрес": "д. Рубцовск, бул. Полевой, д. 921 стр. 8/4, 707949",
        "Количество_этажей": 35,
        "Количество_квартир": 245,
        "Год_постройки": "1994",
        "Тип_материала": "железобетон",
        "Площадь_квартиры": 79,
        "Количество_жителей": 476,
        "Наличие_лифта": true,
        "Наличие_охраны": true,
        "Наличие_парковки": true,
        "Расход_энергии_на_дом": 45514,
        "Наличие_спортивного_зала": false,
        "Расстояние_до_центра": 12,
        "Расстояние_до_метро": 10,
        "Расстояние_до_школы": 4
    },
    {
        "Название": "АО «Колесников Белоусов»",
        "Адрес": "г. Усмань, наб. Ватутина, д. 4, 752103",
        "Количество_этажей": 40,
        "Количество_квартир": 280,
        "Год_постройки": "1978",
        "Тип_материала": "стекло",
        "Площадь_квартиры": 179,
        "Количество_жителей": 234,
        "Наличие_лифта": false,
        "Наличие_охраны": true,
        "Наличие_парковки": false,
        "Расход_энергии_на_дом": 33227,
        "Наличие_спортивного_зала": false,
        "Расстояние_до_центра": 2,
        "Расстояние_до_метро": 1,
        "Расстояние_до_школы": 4
    },
    {
        "Название": "Блинов Групп",
        "Адрес": "д. Усмань, алл. Запорожская, д. 4/7 к. 359, 277851",
        "Количество_этажей": 33,
        "Количество_квартир": 231,
        "Год_постройки": "1996",
        "Тип_материала": "железобетон",
        "Площадь_квартиры": 184,
        "Количество_жителей": 87,
        "Наличие_лифта": true,
        "Наличие_охраны": false,
        "Наличие_парковки": true,
        "Расход_энергии_на_дом": 16906,
        "Наличие_спортивного_зала": true,
        "Расстояние_до_центра": 4,
        "Расстояние_до_метро": 8,
        "Расстояние_до_школы": 2
    },
    {
        "Название": "АО «Авдеева-Пестова»",
        "Адрес": "ст. Луховицы, пер. Жуковского, д. 1, 576425",
        "Количество_этажей": 25,
        "Количество_квартир": 175,
        "Год_постройки": "1998",
        "Тип_материала": "стекло",
        "Площадь_квартиры": 165,
        "Количество_жителей": 94,
        "Наличие_лифта": true,
        "Наличие_охраны": true,
        "Наличие_парковки": false,
        "Расход_энергии_на_дом": 19147,
        "Наличие_спортивного_зала": false,
        "Расстояние_до_центра": 12,
        "Расстояние_до_метро": 5,
        "Расстояние_до_школы": 5
    },
    {
        "Название": "ОАО «Пономарева-Рябов»",
        "Адрес": "с. Россошь, алл. Гаражная, д. 67, 426520",
        "Количество_этажей": 44,
        "Количество_квартир": 308,
        "Год_постройки": "1992",
        "Тип_материала": "железобетон",
        "Площадь_квартиры": 142,
        "Количество_жителей": 84,
        "Наличие_лифта": true,
        "Наличие_охраны": true,
        "Наличие_парковки": true,
        "Расход_энергии_на_дом": 41497,
        "Наличие_спортивного_зала": false,
        "Расстояние_до_центра": 4,
        "Расстояние_до_метро": 7,
        "Расстояние_до_школы": 3
    },
    {
        "Название": "ОАО «Симонова-Ефремов»",
        "Адрес": "г. Кижи, пер. Солнечный, д. 39 к. 558, 269180",
        "Количество_этажей": 49,
        "Количество_квартир": 343,
        "Год_постройки": "1983",
        "Тип_материала": "железобетон",
        "Площадь_квартиры": 100,
        "Количество_жителей": 144,
        "Наличие_лифта": true,
        "Наличие_охраны": false,
        "Наличие_парковки": false,
        "Расход_энергии_на_дом": 19032,
        "Наличие_спортивного_зала": false,
        "Расстояние_до_центра": 14,
        "Расстояние_до_метро": 3,
        "Расстояние_до_школы": 3
    },
    {
        "Название": "Минудобрения",
        "Адрес": "д. Добрянка, пр. Чайкиной, д. 6, 646324",
        "Количество_этажей": 47,
        "Количество_квартир": 329,
        "Год_постройки": "1971",
        "Тип_материала": "стекло",
        "Площадь_квартиры": 112,
        "Количество_жителей": 225,
        "Наличие_лифта": true,
        "Наличие_охраны": true,
        "Наличие_парковки": true,
        "Расход_энергии_на_дом": 43924,
        "Наличие_спортивного_зала": false,
        "Расстояние_до_центра": 1,
        "Расстояние_до_метро": 8,
        "Расстояние_до_школы": 2
    },
    {
        "Название": "НЛМК",
        "Адрес": "с. Апатиты, наб. Нахимова, д. 2 стр. 392, 032896",
        "Количество_этажей": 44,
        "Количество_квартир": 308,
        "Год_постройки": "1982",
        "Тип_материала": "стекло",
        "Площадь_квартиры": 105,
        "Количество_жителей": 235,
        "Наличие_лифта": true,
        "Наличие_охраны": true,
        "Наличие_парковки": false,
        "Расход_энергии_на_дом": 37295,
        "Наличие_спортивного_зала": false,
        "Расстояние_до_центра": 9,
        "Расстояние_до_метро": 6,
        "Расстояние_до_школы": 5
    },
    {
        "Название": "ABI Product",
        "Адрес": "к. Сарапул, ул. Краснофлотская, д. 32 к. 4/8, 545721",
        "Количество_этажей": 40,
        "Количество_квартир": 280,
        "Год_постройки": "1995",
        "Тип_материала": "кирпич",
        "Площадь_квартиры": 99,
        "Количество_жителей": 462,
        "Наличие_лифта": true,
        "Наличие_охраны": false,
        "Наличие_парковки": true,
        "Расход_энергии_на_дом": 49411,
        "Наличие_спортивного_зала": false,
        "Расстояние_до_центра": 18,
        "Расстояние_до_метро": 10,
        "Расстояние_до_школы": 1
    },
    {
        "Название": "НПО «Фомина, Сидорова и Шубин»",
        "Адрес": "г. Хоста, пер. Дружба, д. 48, 444737",
        "Количество_этажей": 44,
        "Количество_квартир": 308,
        "Год_постройки": "1970",
        "Тип_материала": "кирпич",
        "Площадь_квартиры": 98,
        "Количество_жителей": 497,
        "Наличие_лифта": true,
        "Наличие_охраны": true,
        "Наличие_парковки": true,
        "Расход_энергии_на_дом": 42959,
        "Наличие_спортивного_зала": false,
        "Расстояние_до_центра": 1,
        "Расстояние_до_метро": 2,
        "Расстояние_до_школы": 4
    }
]