[
    {
        "Название": "АО «Исакова»",
        "Адрес": "с. Андреаполь, ш. Таманское, д. 254 к. 8/4, 109604",
        "Количество_этажей": 34,
        "Количество_квартир": 238,
        "Год_постройки": "1981",
        "Тип_материала": "стекло",
        "Площадь_квартиры": 51,
        "Количество_жителей": 475,
        "Наличие_лифта": false,
        "Наличие_охраны": true,
        "Наличие_парковки": true,
        "Расход_энергии_на_дом": 43749,
        "Наличие_спортивного_зала": true,
        "Расстояние_до_центра": 12,
        "Расстояние_до_метро": 3,
        "Расстояние_до_школы": 1
    },
    {
        "Название": "ОАО «Корнилов, Ковалева и Щербаков»",
        "Адрес": "клх Сузун, пер. Октябрьский, д. 911 к. 93, 324029",
        "Количество_этажей": 32,
        "Количество_квартир": 224,
        "Год_постройки": "1997",
        "Тип_материала": "кирпич",
        "Площадь_квартиры": 100,
        "Количество_жителей": 165,
        "Наличие_лифта": true,
        "Наличие_охраны": true,
        "Наличие_парковки": false,
        "Расход_энергии_на_дом": 21233,
        "Наличие_спортивного_зала": false,
        "Расстояние_до_центра": 9,
        "Расстояние_до_метро": 6,
        "Расстояние_до_школы": 5
    },
    {
        "Название": "НПО «Воронова Лазарев»",
        "Адрес": "клх Усолье Сибирское, пер. Народный, д. 509 к. 462, 344464",
        "Количество_этажей": 50,
        "Количество_квартир": 350,
        "Год_постройки": "1991",
        "Тип_материала": "стекло",
        "Площадь_квартиры": 185,
        "Количество_жителей": 91,
        "Наличие_лифта": true,
        "Наличие_охраны": true,
        "Наличие_парковки": true,
        "Расход_энергии_на_дом": 39579,
        "Наличие_спортивного_зала": false,
        "Расстояние_до_центра": 19,
        "Расстояние_до_метро": 8,
        "Расстояние_до_школы": 2
    },
    {
        "Название": "Великолукский мясокомбинат",
        "Адрес": "ст. Туапсе, алл. Трудовая, д. 49, 183021",
        "Количество_этажей": 27,
        "Количество_квартир": 189,
        "Год_постройки": "2005",
        "Тип_материала": "железобетон",
        "Площадь_квартиры": 162,
        "Количество_жителей": 330,
        "Наличие_лифта": true,
        "Наличие_охраны": true,
        "Наличие_парковки": false,
        "Расход_энергии_на_дом": 35806,
        "Наличие_спортивного_зала": true,
        "Расстояние_до_центра": 10,
        "Расстояние_до_метро": 1,
        "Расстояние_до_школы": 2
    },
    {
        "Название": "Селезнев Инк",
        "Адрес": "с. Ардон, алл. Кузнецова, д. 1/7 к. 55, 257105",
        "Количество_этажей": 21,
        "Количество_квартир": 147,
        "Год_постройки": "1980",
        "Тип_материала": "стекло",
        "Площадь_квартиры": 150,
        "Количество_жителей": 254,
        "Наличие_лифта": true,
        "Наличие_охраны": false,
        "Наличие_парковки": false,
        "Расход_энергии_на_дом": 47685,
        "Наличие_спортивного_зала": false,
        "Расстояние_до_центра": 2,
        "Расстояние_до_метро": 7,
        "Расстояние_до_школы": 4
    },
    {
        "Название": "Щербакова Лтд",
        "Адрес": "г. Ряжск, пр. Мельничный, д. 49 к. 2, 646263",
        "Количество_этажей": 44,
        "Количество_квартир": 308,
        "Год_постройки": "2013",
        "Тип_материала": "железобетон",
        "Площадь_квартиры": 169,
        "Количество_жителей": 159,
        "Наличие_лифта": false,
        "Наличие_охраны": false,
        "Наличие_парковки": false,
        "Расход_энергии_на_дом": 35206,
        "Наличие_спортивного_зала": false,
        "Расстояние_до_центра": 4,
        "Расстояние_до_метро": 1,
        "Расстояние_до_школы": 1
    },
    {
        "Название": "Доронин Лимитед",
        "Адрес": "г. Ишим, ул. Космодемьянской, д. 161 к. 994, 487236",
        "Количество_этажей": 49,
        "Количество_квартир": 343,
        "Год_постройки": "1990",
        "Тип_материала": "железобетон",
        "Площадь_квартиры": 132,
        "Количество_жителей": 52,
        "Наличие_лифта": false,
        "Наличие_охраны": true,
        "Наличие_парковки": false,
        "Расход_энергии_на_дом": 46467,
        "Наличие_спортивного_зала": true,
        "Расстояние_до_центра": 10,
        "Расстояние_до_метро": 10,
        "Расстояние_до_школы": 3
    },
    {
        "Название": "ЗАО «Михеева»",
        "Адрес": "ст. Углич, пер. Сплавный, д. 1 стр. 7, 640138",
        "Количество_этажей": 46,
        "Количество_квартир": 322,
        "Год_постройки": "1992",
        "Тип_материала": "железобетон",
        "Площадь_квартиры": 176,
        "Количество_жителей": 323,
        "Наличие_лифта": true,
        "Наличие_охраны": true,
        "Наличие_парковки": false,
        "Расход_энергии_на_дом": 17266,
        "Наличие_спортивного_зала": false,
        "Расстояние_до_центра": 18,
        "Расстояние_до_метро": 9,
        "Расстояние_до_школы": 3
    },
    {
        "Название": "Роберт Бош (Robert Bosch)",
        "Адрес": "клх Каменномостский, ш. Солнечное, д. 978 стр. 2/7, 113603",
        "Количество_этажей": 23,
        "Количество_квартир": 161,
        "Год_постройки": "2013",
        "Тип_материала": "железобетон",
        "Площадь_квартиры": 80,
        "Количество_жителей": 457,
        "Наличие_лифта": true,
        "Наличие_охраны": true,
        "Наличие_парковки": false,
        "Расход_энергии_на_дом": 37206,
        "Наличие_спортивного_зала": false,
        "Расстояние_до_центра": 9,
        "Расстояние_до_метро": 2,
        "Расстояние_до_школы": 5
    },
    {
        "Название": "ИП «Русаков-Панов»",
        "Адрес": "п. Бузулук, пр. Флотский, д. 481 к. 437, 729165",
        "Количество_этажей": 30,
        "Количество_квартир": 210,
        "Год_постройки": "2007",
        "Тип_материала": "кирпич",
        "Площадь_квартиры": 89,
        "Количество_жителей": 324,
        "Наличие_лифта": true,
        "Наличие_охраны": true,
        "Наличие_парковки": true,
        "Расход_энергии_на_дом": 13849,
        "Наличие_спортивного_зала": false,
        "Расстояние_до_центра": 20,
        "Расстояние_до_метро": 2,
        "Расстояние_до_школы": 5
    },
    {
        "Название": "Захаров Инк",
        "Адрес": "ст. Воткинск, бул. Лазурный, д. 8 к. 30, 644201",
        "Количество_этажей": 33,
        "Количество_квартир": 231,
        "Год_постройки": "1983",
        "Тип_материала": "железобетон",
        "Площадь_квартиры": 86,
        "Количество_жителей": 127,
        "Наличие_лифта": true,
        "Наличие_охраны": true,
        "Наличие_парковки": true,
        "Расход_энергии_на_дом": 27482,
        "Наличие_спортивного_зала": false,
        "Расстояние_до_центра": 13,
        "Расстояние_до_метро": 3,
        "Расстояние_до_школы": 3
    },
    {
        "Название": "Мишлен (Michelin)",
        "Адрес": "с. Волгоград, ул. Лесхозная, д. 5 стр. 55, 953331",
        "Количество_этажей": 37,
        "Количество_квартир": 259,
        "Год_постройки": "1992",
        "Тип_материала": "стекло",
        "Площадь_квартиры": 171,
        "Количество_жителей": 494,
        "Наличие_лифта": true,
        "Наличие_охраны": true,
        "Наличие_парковки": false,
        "Расход_энергии_на_дом": 27051,
        "Наличие_спортивного_зала": true,
        "Расстояние_до_центра": 18,
        "Расстояние_до_метро": 9,
        "Расстояние_до_школы": 3
    },
    {
        "Название": "Мерида",
        "Адрес": "ст. Владивосток, алл. Тельмана, д. 5, 414558",
        "Количество_этажей": 40,
        "Количество_квартир": 280,
        "Год_постройки": "1978",
        "Тип_материала": "стекло",
        "Площадь_квартиры": 199,
        "Количество_жителей": 339,
        "Наличие_лифта": true,
        "Наличие_охраны": true,
        "Наличие_парковки": false,
        "Расход_энергии_на_дом": 11881,
        "Наличие_спортивного_зала": true,
        "Расстояние_до_центра": 7,
        "Расстояние_до_метро": 2,
        "Расстояние_до_школы": 5
    },
    {
        "Название": "РАО «Селиверстова»",
        "Адрес": "к. Киржач, ш. Запорожское, д. 11 стр. 297, 256178",
        "Количество_этажей": 38,
        "Количество_квартир": 266,
        "Год_постройки": "2018",
        "Тип_материала": "стекло",
        "Площадь_квартиры": 167,
        "Количество_жителей": 264,
        "Наличие_лифта": true,
        "Наличие_охраны": false,
        "Наличие_парковки": true,
        "Расход_энергии_на_дом": 16444,
        "Наличие_спортивного_зала": false,
        "Расстояние_до_центра": 12,
        "Расстояние_до_метро": 9,
        "Расстояние_до_школы": 2
    },
    {
        "Название": "Комус",
        "Адрес": "с. Тавда, ул. Заречная, д. 5 к. 847, 180414",
        "Количество_этажей": 37,
        "Количество_квартир": 259,
        "Год_постройки": "2000",
        "Тип_материала": "железобетон",
        "Площадь_квартиры": 131,
        "Количество_жителей": 491,
        "Наличие_лифта": true,
        "Наличие_охраны": true,
        "Наличие_парковки": true,
        "Расход_энергии_на_дом": 44910,
        "Наличие_спортивного_зала": false,
        "Расстояние_до_центра": 7,
        "Расстояние_до_метро": 8,
        "Расстояние_до_школы": 5
    }
]