[
    {
        "Название": "Кордиант",
        "Адрес": "ст. Дно, ул. Приморская, д. 67, 401251",
        "Количество_этажей": 38,
        "Количество_квартир": 266,
        "Год_постройки": "1988",
        "Тип_материала": "кирпич",
        "Площадь_квартиры": 188,
        "Количество_жителей": 196,
        "Наличие_лифта": true,
        "Наличие_охраны": false,
        "Наличие_парковки": false,
        "Расход_энергии_на_дом": 39127,
        "Наличие_спортивного_зала": false,
        "Расстояние_до_центра": 20,
        "Расстояние_до_метро": 9,
        "Расстояние_до_школы": 1
    },
    {
        "Название": "ИП «Андреев, Журавлев и Лобанова»",
        "Адрес": "д. Хасавюрт, алл. Шоссейная, д. 3/5, 586311",
        "Количество_этажей": 34,
        "Количество_квартир": 238,
        "Год_постройки": "2023",
        "Тип_материала": "стекло",
        "Площадь_квартиры": 77,
        "Количество_жителей": 447,
        "Наличие_лифта": true,
        "Наличие_охраны": true,
        "Наличие_парковки": true,
        "Расход_энергии_на_дом": 27723,
        "Наличие_спортивного_зала": false,
        "Расстояние_до_центра": 9,
        "Расстояние_до_метро": 7,
        "Расстояние_до_школы": 3
    },
    {
        "Название": "АО «Рябова-Королев»",
        "Адрес": "с. Чехов, алл. Беляева, д. 3/5, 926590",
        "Количество_этажей": 45,
        "Количество_квартир": 315,
        "Год_постройки": "2009",
        "Тип_материала": "кирпич",
        "Площадь_квартиры": 132,
        "Количество_жителей": 347,
        "Наличие_лифта": false,
        "Наличие_охраны": false,
        "Наличие_парковки": true,
        "Расход_энергии_на_дом": 38120,
        "Наличие_спортивного_зала": false,
        "Расстояние_до_центра": 7,
        "Расстояние_до_метро": 9,
        "Расстояние_до_школы": 1
    },
    {
        "Название": "ЗАО «Соловьева-Гущина»",
        "Адрес": "п. Александровск, бул. Пригородный, д. 42, 395222",
        "Количество_этажей": 21,
        "Количество_квартир": 147,
        "Год_постройки": "2009",
        "Тип_материала": "кирпич",
        "Площадь_квартиры": 139,
        "Количество_жителей": 198,
        "Наличие_лифта": true,
        "Наличие_охраны": true,
        "Наличие_парковки": false,
        "Расход_энергии_на_дом": 47677,
        "Наличие_спортивного_зала": false,
        "Расстояние_до_центра": 15,
        "Расстояние_до_метро": 1,
        "Расстояние_до_школы": 2
    },
    {
        "Название": "ИП «Исаков»",
        "Адрес": "клх Лянтор, ш. Широкое, д. 6/7, 674112",
        "Количество_этажей": 33,
        "Количество_квартир": 231,
        "Год_постройки": "1974",
        "Тип_материала": "кирпич",
        "Площадь_квартиры": 96,
        "Количество_жителей": 418,
        "Наличие_лифта": true,
        "Наличие_охраны": true,
        "Наличие_парковки": false,
        "Расход_энергии_на_дом": 34843,
        "Наличие_спортивного_зала": false,
        "Расстояние_до_центра": 13,
        "Расстояние_до_метро": 4,
        "Расстояние_до_школы": 4
    },
    {
        "Название": "НПО «Терентьев Лыткин»",
        "Адрес": "г. Кимры, ш. Чехова, д. 772 к. 747, 813251",
        "Количество_этажей": 45,
        "Количество_квартир": 315,
        "Год_постройки": "1989",
        "Тип_материала": "стекло",
        "Площадь_квартиры": 66,
        "Количество_жителей": 219,
        "Наличие_лифта": true,
        "Наличие_охраны": true,
        "Наличие_парковки": true,
        "Расход_энергии_на_дом": 49013,
        "Наличие_спортивного_зала": false,
        "Расстояние_до_центра": 10,
        "Расстояние_до_метро": 2,
        "Расстояние_до_школы": 3
    },
    {
        "Название": "ЗАО «Назаров, Казаков и Щукин»",
        "Адрес": "д. Забайкальск, пр. Демьяна Бедного, д. 6/1 к. 181, 241758",
        "Количество_этажей": 22,
        "Количество_квартир": 154,
        "Год_постройки": "1979",
        "Тип_материала": "железобетон",
        "Площадь_квартиры": 115,
        "Количество_жителей": 329,
        "Наличие_лифта": true,
        "Наличие_охраны": false,
        "Наличие_парковки": false,
        "Расход_энергии_на_дом": 14749,
        "Наличие_спортивного_зала": true,
        "Расстояние_до_центра": 18,
        "Расстояние_до_метро": 3,
        "Расстояние_до_школы": 1
    },
    {
        "Название": "Суханова Лимитед",
        "Адрес": "с. Нарым, ул. Ленина, д. 5/7 стр. 2/7, 704845",
        "Количество_этажей": 47,
        "Количество_квартир": 329,
        "Год_постройки": "1981",
        "Тип_материала": "стекло",
        "Площадь_квартиры": 184,
        "Количество_жителей": 182,
        "Наличие_лифта": true,
        "Наличие_охраны": true,
        "Наличие_парковки": false,
        "Расход_энергии_на_дом": 35383,
        "Наличие_спортивного_зала": false,
        "Расстояние_до_центра": 7,
        "Расстояние_до_метро": 5,
        "Расстояние_до_школы": 3
    },
    {
        "Название": "Холдинг Транспортные компоненты",
        "Адрес": "клх Муром, бул. Геологов, д. 1, 096789",
        "Количество_этажей": 21,
        "Количество_квартир": 147,
        "Год_постройки": "1986",
        "Тип_материала": "железобетон",
        "Площадь_квартиры": 93,
        "Количество_жителей": 134,
        "Наличие_лифта": true,
        "Наличие_охраны": true,
        "Наличие_парковки": true,
        "Расход_энергии_на_дом": 23781,
        "Наличие_спортивного_зала": false,
        "Расстояние_до_центра": 7,
        "Расстояние_до_метро": 10,
        "Расстояние_до_школы": 3
    },
    {
        "Название": "ПСМА Рус",
        "Адрес": "п. Обоянь, алл. Верхняя, д. 5/1, 069609",
        "Количество_этажей": 20,
        "Количество_квартир": 140,
        "Год_постройки": "2002",
        "Тип_материала": "стекло",
        "Площадь_квартиры": 182,
        "Количество_жителей": 431,
        "Наличие_лифта": false,
        "Наличие_охраны": true,
        "Наличие_парковки": false,
        "Расход_энергии_на_дом": 33726,
        "Наличие_спортивного_зала": false,
        "Расстояние_до_центра": 15,
        "Расстояние_до_метро": 8,
        "Расстояние_до_школы": 5
    },
    {
        "Название": "ОАО «Шарова Стрелкова»",
        "Адрес": "г. Джейрах, алл. Механическая, д. 658 к. 6/8, 753069",
        "Количество_этажей": 32,
        "Количество_квартир": 224,
        "Год_постройки": "2020",
        "Тип_материала": "кирпич",
        "Площадь_квартиры": 139,
        "Количество_жителей": 168,
        "Наличие_лифта": true,
        "Наличие_охраны": false,
        "Наличие_парковки": true,
        "Расход_энергии_на_дом": 30856,
        "Наличие_спортивного_зала": false,
        "Расстояние_до_центра": 1,
        "Расстояние_до_метро": 10,
        "Расстояние_до_школы": 5
    },
    {
        "Название": "РАО «Юдина, Костина и Ильин»",
        "Адрес": "д. Печенга, бул. Черемуховый, д. 2/7 стр. 8, 581000",
        "Количество_этажей": 37,
        "Количество_квартир": 259,
        "Год_постройки": "2000",
        "Тип_материала": "стекло",
        "Площадь_квартиры": 125,
        "Количество_жителей": 283,
        "Наличие_лифта": true,
        "Наличие_охраны": true,
        "Наличие_парковки": true,
        "Расход_энергии_на_дом": 45529,
        "Наличие_спортивного_зала": true,
        "Расстояние_до_центра": 6,
        "Расстояние_до_метро": 7,
        "Расстояние_до_школы": 4
    },
    {
        "Название": "ООО «Куликова, Воробьева и Кошелева»",
        "Адрес": "п. Ухта, пер. Трудовой, д. 619, 106595",
        "Количество_этажей": 45,
        "Количество_квартир": 315,
        "Год_постройки": "1994",
        "Тип_материала": "железобетон",
        "Площадь_квартиры": 141,
        "Количество_жителей": 203,
        "Наличие_лифта": true,
        "Наличие_охраны": true,
        "Наличие_парковки": false,
        "Расход_энергии_на_дом": 38524,
        "Наличие_спортивного_зала": true,
        "Расстояние_до_центра": 16,
        "Расстояние_до_метро": 3,
        "Расстояние_до_школы": 1
    },
    {
        "Название": "Адидас (Adidas)",
        "Адрес": "п. Александровск-Сахалинский, ш. Заовражное, д. 4 к. 1, 316090",
        "Количество_этажей": 25,
        "Количество_квартир": 175,
        "Год_постройки": "2020",
        "Тип_материала": "железобетон",
        "Площадь_квартиры": 110,
        "Количество_жителей": 500,
        "Наличие_лифта": true,
        "Наличие_охраны": false,
        "Наличие_парковки": true,
        "Расход_энергии_на_дом": 37666,
        "Наличие_спортивного_зала": true,
        "Расстояние_до_центра": 1,
        "Расстояние_до_метро": 8,
        "Расстояние_до_школы": 2
    },
    {
        "Название": "АО «Рожков-Богданова»",
        "Адрес": "к. Воркута, наб. Космическая, д. 85, 413897",
        "Количество_этажей": 37,
        "Количество_квартир": 259,
        "Год_постройки": "1971",
        "Тип_материала": "кирпич",
        "Площадь_квартиры": 155,
        "Количество_жителей": 500,
        "Наличие_лифта": true,
        "Наличие_охраны": true,
        "Наличие_парковки": false,
        "Расход_энергии_на_дом": 14337,
        "Наличие_спортивного_зала": false,
        "Расстояние_до_центра": 3,
        "Расстояние_до_метро": 1,
        "Расстояние_до_школы": 4
    }
]