[
    {
        "Название": "ЗАО «Ермакова Кошелев»",
        "Адрес": "клх Каргополь, пер. 70 лет Октября, д. 1, 490135",
        "Количество_этажей": 24,
        "Количество_квартир": 168,
        "Год_постройки": "1983",
        "Тип_материала": "кирпич",
        "Площадь_квартиры": 189,
        "Количество_жителей": 253,
        "Наличие_лифта": true,
        "Наличие_охраны": false,
        "Наличие_парковки": true,
        "Расход_энергии_на_дом": 23794,
        "Наличие_спортивного_зала": false,
        "Расстояние_до_центра": 20,
        "Расстояние_до_метро": 10,
        "Расстояние_до_школы": 4
    },
    {
        "Название": "АО «Шубина Хохлов»",
        "Адрес": "г. Яр-Сале, бул. Ягодный, д. 20 стр. 6/6, 908848",
        "Количество_этажей": 44,
        "Количество_квартир": 308,
        "Год_постройки": "1987",
        "Тип_материала": "стекло",
        "Площадь_квартиры": 90,
        "Количество_жителей": 340,
        "Наличие_лифта": true,
        "Наличие_охраны": false,
        "Наличие_парковки": false,
        "Расход_энергии_на_дом": 48788,
        "Наличие_спортивного_зала": true,
        "Расстояние_до_центра": 15,
        "Расстояние_до_метро": 4,
        "Расстояние_до_школы": 1
    },
    {
        "Название": "ЗАО «Матвеев-Филиппова»",
        "Адрес": "г. Усть-Илимск, ш. Ульяновское, д. 6/8 к. 80, 088550",
        "Количество_этажей": 29,
        "Количество_квартир": 203,
        "Год_постройки": "1980",
        "Тип_материала": "кирпич",
        "Площадь_квартиры": 185,
        "Количество_жителей": 181,
        "Наличие_лифта": true,
        "Наличие_охраны": true,
        "Наличие_парковки": false,
        "Расход_энергии_на_дом": 36135,
        "Наличие_спортивного_зала": false,
        "Расстояние_до_центра": 18,
        "Расстояние_до_метро": 5,
        "Расстояние_до_школы": 2
    },
    {
        "Название": "ИП «Рябов»",
        "Адрес": "клх Балтийск, пр. Парковый, д. 93 стр. 4/6, 764408",
        "Количество_этажей": 48,
        "Количество_квартир": 336,
        "Год_постройки": "2005",
        "Тип_материала": "железобетон",
        "Площадь_квартиры": 127,
        "Количество_жителей": 157,
        "Наличие_лифта": true,
        "Наличие_охраны": true,
        "Наличие_парковки": false,
        "Расход_энергии_на_дом": 26374,
        "Наличие_спортивного_зала": false,
        "Расстояние_до_центра": 9,
        "Расстояние_до_метро": 7,
        "Расстояние_до_школы": 1
    },
    {
        "Название": "ИП «Осипов Тарасов»",
        "Адрес": "г. Черский, алл. Кубанская, д. 456 к. 5/8, 363669",
        "Количество_этажей": 20,
        "Количество_квартир": 140,
        "Год_постройки": "2024",
        "Тип_материала": "стекло",
        "Площадь_квартиры": 158,
        "Количество_жителей": 350,
        "Наличие_лифта": false,
        "Наличие_охраны": true,
        "Наличие_парковки": false,
        "Расход_энергии_на_дом": 45602,
        "Наличие_спортивного_зала": true,
        "Расстояние_до_центра": 20,
        "Расстояние_до_метро": 9,
        "Расстояние_до_школы": 5
    },
    {
        "Название": "ООО «Гущина, Голубев и Чернова»",
        "Адрес": "к. Карабулак, пр. Дорожный, д. 9/9 стр. 7/8, 580609",
        "Количество_этажей": 42,
        "Количество_квартир": 294,
        "Год_постройки": "1990",
        "Тип_материала": "кирпич",
        "Площадь_квартиры": 65,
        "Количество_жителей": 67,
        "Наличие_лифта": true,
        "Наличие_охраны": true,
        "Наличие_парковки": true,
        "Расход_энергии_на_дом": 31642,
        "Наличие_спортивного_зала": true,
        "Расстояние_до_центра": 18,
        "Расстояние_до_метро": 5,
        "Расстояние_до_школы": 2
    },
    {
        "Название": "АО «Трофимова, Калинин и Лукин»",
        "Адрес": "с. Кашхатау, пер. Родниковый, д. 29, 662303",
        "Количество_этажей": 44,
        "Количество_квартир": 308,
        "Год_постройки": "1984",
        "Тип_материала": "кирпич",
        "Площадь_квартиры": 137,
        "Количество_жителей": 149,
        "Наличие_лифта": true,
        "Наличие_охраны": false,
        "Наличие_парковки": false,
        "Расход_энергии_на_дом": 21706,
        "Наличие_спортивного_зала": false,
        "Расстояние_до_центра": 2,
        "Расстояние_до_метро": 1,
        "Расстояние_до_школы": 3
    },
    {
        "Название": "АО «Хохлова-Михайлова»",
        "Адрес": "г. Каневская, бул. Жуковского, д. 414 стр. 8/8, 976677",
        "Количество_этажей": 27,
        "Количество_квартир": 189,
        "Год_постройки": "1989",
        "Тип_материала": "стекло",
        "Площадь_квартиры": 196,
        "Количество_жителей": 135,
        "Наличие_лифта": true,
        "Наличие_охраны": true,
        "Наличие_парковки": true,
        "Расход_энергии_на_дом": 26428,
        "Наличие_спортивного_зала": false,
        "Расстояние_до_центра": 5,
        "Расстояние_до_метро": 9,
        "Расстояние_до_школы": 5
    },
    {
        "Название": "Бургер Рус (Burger King)",
        "Адрес": "п. Бугульма, наб. Звездная, д. 469, 256935",
        "Количество_этажей": 48,
        "Количество_квартир": 336,
        "Год_постройки": "2014",
        "Тип_материала": "стекло",
        "Площадь_квартиры": 52,
        "Количество_жителей": 199,
        "Наличие_лифта": false,
        "Наличие_охраны": false,
        "Наличие_парковки": true,
        "Расход_энергии_на_дом": 38361,
        "Наличие_спортивного_зала": true,
        "Расстояние_до_центра": 17,
        "Расстояние_до_метро": 6,
        "Расстояние_до_школы": 4
    },
    {
        "Название": "ОАО «Александров-Морозов»",
        "Адрес": "д. Сочи, бул. Серова, д. 1/3 к. 95, 413969",
        "Количество_этажей": 44,
        "Количество_квартир": 308,
        "Год_постройки": "2002",
        "Тип_материала": "стекло",
        "Площадь_квартиры": 84,
        "Количество_жителей": 435,
        "Наличие_лифта": true,
        "Наличие_охраны": true,
        "Наличие_парковки": false,
        "Расход_энергии_на_дом": 15202,
        "Наличие_спортивного_зала": false,
        "Расстояние_до_центра": 6,
        "Расстояние_до_метро": 2,
        "Расстояние_до_школы": 1
    },
    {
        "Название": "ИП «Кабанов-Белякова»",
        "Адрес": "ст. Малая Вишера, наб. Песчаная, д. 384, 834734",
        "Количество_этажей": 20,
        "Количество_квартир": 140,
        "Год_постройки": "2007",
        "Тип_материала": "железобетон",
        "Площадь_квартиры": 113,
        "Количество_жителей": 363,
        "Наличие_лифта": true,
        "Наличие_охраны": false,
        "Наличие_парковки": true,
        "Расход_энергии_на_дом": 10377,
        "Наличие_спортивного_зала": false,
        "Расстояние_до_центра": 12,
        "Расстояние_до_метро": 4,
        "Расстояние_до_школы": 3
    },
    {
        "Название": "ИП «Ларионова-Гурьев»",
        "Адрес": "г. Березники, пер. Курчатова, д. 4/9, 284629",
        "Количество_этажей": 47,
        "Количество_квартир": 329,
        "Год_постройки": "1980",
        "Тип_материала": "кирпич",
        "Площадь_квартиры": 128,
        "Количество_жителей": 313,
        "Наличие_лифта": true,
        "Наличие_охраны": true,
        "Наличие_парковки": true,
        "Расход_энергии_на_дом": 24423,
        "Наличие_спортивного_зала": true,
        "Расстояние_до_центра": 8,
        "Расстояние_до_метро": 1,
        "Расстояние_до_школы": 4
    },
    {
        "Название": "НПО «Лукин»",
        "Адрес": "клх Гудермес, ул. 8 Марта, д. 9, 860470",
        "Количество_этажей": 38,
        "Количество_квартир": 266,
        "Год_постройки": "1993",
        "Тип_материала": "стекло",
        "Площадь_квартиры": 184,
        "Количество_жителей": 115,
        "Наличие_лифта": false,
        "Наличие_охраны": false,
        "Наличие_парковки": true,
        "Расход_энергии_на_дом": 47586,
        "Наличие_спортивного_зала": true,
        "Расстояние_до_центра": 3,
        "Расстояние_до_метро": 10,
        "Расстояние_до_школы": 3
    },
    {
        "Название": "Мон Дэлис (Mondelez)",
        "Адрес": "с. Камышлов, алл. Лазурная, д. 921 к. 76, 521038",
        "Количество_этажей": 49,
        "Количество_квартир": 343,
        "Год_постройки": "1978",
        "Тип_материала": "стекло",
        "Площадь_квартиры": 118,
        "Количество_жителей": 329,
        "Наличие_лифта": true,
        "Наличие_охраны": true,
        "Наличие_парковки": false,
        "Расход_энергии_на_дом": 13048,
        "Наличие_спортивного_зала": true,
        "Расстояние_до_центра": 5,
        "Расстояние_до_метро": 7,
        "Расстояние_до_школы": 3
    },
    {
        "Название": "ИП «Федоров-Прохорова»",
        "Адрес": "клх Сочи, ул. Крайняя, д. 9/8 стр. 63, 719394",
        "Количество_этажей": 35,
        "Количество_квартир": 245,
        "Год_постройки": "1971",
        "Тип_материала": "железобетон",
        "Площадь_квартиры": 75,
        "Количество_жителей": 355,
        "Наличие_лифта": false,
        "Наличие_охраны": true,
        "Наличие_парковки": true,
        "Расход_энергии_на_дом": 42950,
        "Наличие_спортивного_зала": false,
        "Расстояние_до_центра": 16,
        "Расстояние_до_метро": 5,
        "Расстояние_до_школы": 1
    }
]