[
    {
        "Название": "РАО «Самойлов-Прохоров»",
        "Адрес": "к. Рубцовск, ш. Подлесное, д. 915 стр. 547, 578590",
        "Количество_этажей": 25,
        "Количество_квартир": 175,
        "Год_постройки": "1985",
        "Тип_материала": "стекло",
        "Площадь_квартиры": 138,
        "Количество_жителей": 60,
        "Наличие_лифта": true,
        "Наличие_охраны": true,
        "Наличие_парковки": true,
        "Расход_энергии_на_дом": 42075,
        "Наличие_спортивного_зала": true,
        "Расстояние_до_центра": 4,
        "Расстояние_до_метро": 8,
        "Расстояние_до_школы": 3
    },
    {
        "Название": "НПО «Беспалов»",
        "Адрес": "г. Шатой, наб. Учительская, д. 774 к. 177, 012547",
        "Количество_этажей": 50,
        "Количество_квартир": 350,
        "Год_постройки": "2011",
        "Тип_материала": "железобетон",
        "Площадь_квартиры": 112,
        "Количество_жителей": 478,
        "Наличие_лифта": true,
        "Наличие_охраны": false,
        "Наличие_парковки": false,
        "Расход_энергии_на_дом": 16933,
        "Наличие_спортивного_зала": true,
        "Расстояние_до_центра": 14,
        "Расстояние_до_метро": 4,
        "Расстояние_до_школы": 4
    },
    {
        "Название": "Тетерина Групп",
        "Адрес": "г. Яшалта, ш. Добролюбова, д. 5 стр. 2, 487612",
        "Количество_этажей": 25,
        "Количество_квартир": 175,
        "Год_постройки": "2020",
        "Тип_материала": "железобетон",
        "Площадь_квартиры": 155,
        "Количество_жителей": 135,
        "Наличие_лифта": true,
        "Наличие_охраны": false,
        "Наличие_парковки": true,
        "Расход_энергии_на_дом": 14337,
        "Наличие_спортивного_зала": true,
        "Расстояние_до_центра": 8,
        "Расстояние_до_метро": 9,
        "Расстояние_до_школы": 2
    },
    {
        "Название": "АО «Суворова»",
        "Адрес": "к. Брянск, ул. Правды, д. 9 к. 95, 086542",
        "Количество_этажей": 26,
        "Количество_квартир": 182,
        "Год_постройки": "2010",
        "Тип_материала": "кирпич",
        "Площадь_квартиры": 139,
        "Количество_жителей": 226,
        "Наличие_лифта": true,
        "Наличие_охраны": true,
        "Наличие_парковки": true,
        "Расход_энергии_на_дом": 10169,
        "Наличие_спортивного_зала": false,
        "Расстояние_до_центра": 8,
        "Расстояние_до_метро": 6,
        "Расстояние_до_школы": 3
    },
    {
        "Название": "РАО «Самойлова»",
        "Адрес": "г. Алексин, ш. Морозова, д. 824, 238684",
        "Количество_этажей": 24,
        "Количество_квартир": 168,
        "Год_постройки": "2002",
        "Тип_материала": "железобетон",
        "Площадь_квартиры": 81,
        "Количество_жителей": 368,
        "Наличие_лифта": false,
        "Наличие_охраны": true,
        "Наличие_парковки": false,
        "Расход_энергии_на_дом": 46850,
        "Наличие_спортивного_зала": true,
        "Расстояние_до_центра": 3,
        "Расстояние_до_метро": 4,
        "Расстояние_до_школы": 4
    },
    {
        "Название": "Шестакова Лтд",
        "Адрес": "г. Сладково, ул. Рябиновая, д. 885 к. 529, 674283",
        "Количество_этажей": 41,
        "Количество_квартир": 287,
        "Год_постройки": "1998",
        "Тип_материала": "кирпич",
        "Площадь_квартиры": 98,
        "Количество_жителей": 409,
        "Наличие_лифта": true,
        "Наличие_охраны": true,
        "Наличие_парковки": true,
        "Расход_энергии_на_дом": 30406,
        "Наличие_спортивного_зала": false,
        "Расстояние_до_центра": 11,
        "Расстояние_до_метро": 2,
        "Расстояние_до_школы": 4
    },
    {
        "Название": "РАО «Терентьева, Елисеев и Игнатов»",
        "Адрес": "п. Саров (Морд.), пер. Кольцевой, д. 3/1 стр. 512, 530284",
        "Количество_этажей": 44,
        "Количество_квартир": 308,
        "Год_постройки": "1974",
        "Тип_материала": "стекло",
        "Площадь_квартиры": 55,
        "Количество_жителей": 227,
        "Наличие_лифта": false,
        "Наличие_охраны": true,
        "Наличие_парковки": false,
        "Расход_энергии_на_дом": 47800,
        "Наличие_спортивного_зала": true,
        "Расстояние_до_центра": 16,
        "Расстояние_до_метро": 9,
        "Расстояние_до_школы": 3
    },
    {
        "Название": "РАО «Мясников Селезнев»",
        "Адрес": "клх Троицк (Моск.), алл. Мелиораторов, д. 46 стр. 7/2, 690736",
        "Количество_этажей": 42,
        "Количество_квартир": 294,
        "Год_постройки": "1987",
        "Тип_материала": "стекло",
        "Площадь_квартиры": 81,
        "Количество_жителей": 163,
        "Наличие_лифта": true,
        "Наличие_охраны": true,
        "Наличие_парковки": false,
        "Расход_энергии_на_дом": 31112,
        "Наличие_спортивного_зала": true,
        "Расстояние_до_центра": 5,
        "Расстояние_до_метро": 4,
        "Расстояние_до_школы": 3
    },
    {
        "Название": "Гордеев Групп",
        "Адрес": "с. Камышин, наб. Юности, д. 9/7 к. 3/2, 956967",
        "Количество_этажей": 30,
        "Количество_квартир": 210,
        "Год_постройки": "1999",
        "Тип_материала": "стекло",
        "Площадь_квартиры": 99,
        "Количество_жителей": 365,
        "Наличие_лифта": true,
        "Наличие_охраны": true,
        "Наличие_парковки": false,
        "Расход_энергии_на_дом": 15556,
        "Наличие_спортивного_зала": false,
        "Расстояние_до_центра": 5,
        "Расстояние_до_метро": 4,
        "Расстояние_до_школы": 2
    },
    {
        "Название": "НПО «Назарова»",
        "Адрес": "к. Усолье Сибирское, бул. Лазурный, д. 2 к. 3/9, 264282",
        "Количество_этажей": 31,
        "Количество_квартир": 217,
        "Год_постройки": "1997",
        "Тип_материала": "железобетон",
        "Площадь_квартиры": 129,
        "Количество_жителей": 170,
        "Наличие_лифта": true,
        "Наличие_охраны": false,
        "Наличие_парковки": false,
        "Расход_энергии_на_дом": 32562,
        "Наличие_спортивного_зала": false,
        "Расстояние_до_центра": 8,
        "Расстояние_до_метро": 4,
        "Расстояние_до_школы": 2
    },
    {
        "Название": "ИП «Симонова-Буров»",
        "Адрес": "клх Троицк (Моск.), пер. Абрикосовый, д. 7/3, 023840",
        "Количество_этажей": 30,
        "Количество_квартир": 210,
        "Год_постройки": "1979",
        "Тип_материала": "железобетон",
        "Площадь_квартиры": 58,
        "Количество_жителей": 183,
        "Наличие_лифта": true,
        "Наличие_охраны": true,
        "Наличие_парковки": false,
        "Расход_энергии_на_дом": 21950,
        "Наличие_спортивного_зала": false,
        "Расстояние_до_центра": 7,
        "Расстояние_до_метро": 4,
        "Расстояние_до_школы": 2
    },
    {
        "Название": "АО «Абрамов, Шестаков и Бирюков»",
        "Адрес": "к. Невельск, наб. Элеваторная, д. 5/2, 524341",
        "Количество_этажей": 41,
        "Количество_квартир": 287,
        "Год_постройки": "2013",
        "Тип_материала": "железобетон",
        "Площадь_квартиры": 97,
        "Количество_жителей": 128,
        "Наличие_лифта": true,
        "Наличие_охраны": true,
        "Наличие_парковки": true,
        "Расход_энергии_на_дом": 39714,
        "Наличие_спортивного_зала": true,
        "Расстояние_до_центра": 8,
        "Расстояние_до_метро": 6,
        "Расстояние_до_школы": 2
    },
    {
        "Название": "АО «Казакова-Марков»",
        "Адрес": "п. Егорьевск, пер. Октября, д. 7/7 к. 7/3, 279777",
        "Количество_этажей": 45,
        "Количество_квартир": 315,
        "Год_постройки": "2012",
        "Тип_материала": "стекло",
        "Площадь_квартиры": 91,
        "Количество_жителей": 205,
        "Наличие_лифта": true,
        "Наличие_охраны": false,
        "Наличие_парковки": false,
        "Расход_энергии_на_дом": 20024,
        "Наличие_спортивного_зала": false,
        "Расстояние_до_центра": 1,
        "Расстояние_до_метро": 7,
        "Расстояние_до_школы": 1
    },
    {
        "Название": "ИП «Никонов, Григорьев и Афанасьева»",
        "Адрес": "клх Нерчинск, пр. Гончарова, д. 967 к. 127, 064370",
        "Количество_этажей": 41,
        "Количество_квартир": 287,
        "Год_постройки": "2018",
        "Тип_материала": "кирпич",
        "Площадь_квартиры": 155,
        "Количество_жителей": 109,
        "Наличие_лифта": true,
        "Наличие_охраны": true,
        "Наличие_парковки": false,
        "Расход_энергии_на_дом": 29629,
        "Наличие_спортивного_зала": false,
        "Расстояние_до_центра": 19,
        "Расстояние_до_метро": 4,
        "Расстояние_до_школы": 4
    },
    {
        "Название": "НПО «Ермакова»",
        "Адрес": "ст. Южно-Курильск, ш. Детское, д. 98 стр. 4, 397676",
        "Количество_этажей": 33,
        "Количество_квартир": 231,
        "Год_постройки": "2012",
        "Тип_материала": "железобетон",
        "Площадь_квартиры": 86,
        "Количество_жителей": 218,
        "Наличие_лифта": true,
        "Наличие_охраны": true,
        "Наличие_парковки": true,
        "Расход_энергии_на_дом": 46046,
        "Наличие_спортивного_зала": true,
        "Расстояние_до_центра": 3,
        "Расстояние_до_метро": 2,
        "Расстояние_до_школы": 5
    }
]