[
    {
        "Название": "Лебедева Лимитед",
        "Адрес": "ст. Качканар, алл. Кооперативная, д. 328, 471297",
        "Количество_этажей": 46,
        "Количество_квартир": 322,
        "Год_постройки": "1993",
        "Тип_материала": "стекло",
        "Площадь_квартиры": 129,
        "Количество_жителей": 236,
        "Наличие_лифта": false,
        "Наличие_охраны": false,
        "Наличие_парковки": true,
        "Расход_энергии_на_дом": 38801,
        "Наличие_спортивного_зала": false,
        "Расстояние_до_центра": 1,
        "Расстояние_до_метро": 10,
        "Расстояние_до_школы": 1
    },
    {
        "Название": "ОАО «Борисова, Поляков и Ефремов»",
        "Адрес": "к. Челюскин, ш. Комсомольское, д. 67, 722398",
        "Количество_этажей": 26,
        "Количество_квартир": 182,
        "Год_постройки": "1970",
        "Тип_материала": "кирпич",
        "Площадь_квартиры": 73,
        "Количество_жителей": 422,
        "Наличие_лифта": false,
        "Наличие_охраны": false,
        "Наличие_парковки": false,
        "Расход_энергии_на_дом": 49616,
        "Наличие_спортивного_зала": false,
        "Расстояние_до_центра": 7,
        "Расстояние_до_метро": 7,
        "Расстояние_до_школы": 3
    },
    {
        "Название": "Компания СИМ-Авто",
        "Адрес": "д. Жуковский, ш. Макарова, д. 738 к. 42, 649974",
        "Количество_этажей": 46,
        "Количество_квартир": 322,
        "Год_постройки": "1999",
        "Тип_материала": "стекло",
        "Площадь_квартиры": 150,
        "Количество_жителей": 265,
        "Наличие_лифта": true,
        "Наличие_охраны": false,
        "Наличие_парковки": true,
        "Расход_энергии_на_дом": 37936,
        "Наличие_спортивного_зала": false,
        "Расстояние_до_центра": 8,
        "Расстояние_до_метро": 9,
        "Расстояние_до_школы": 4
    },
    {
        "Название": "СК Согласие",
        "Адрес": "д. Красная Поляна, пер. Труда, д. 4 стр. 881, 817455",
        "Количество_этажей": 21,
        "Количество_квартир": 147,
        "Год_постройки": "2000",
        "Тип_материала": "стекло",
        "Площадь_квартиры": 171,
        "Количество_жителей": 213,
        "Наличие_лифта": true,
        "Наличие_охраны": false,
        "Наличие_парковки": false,
        "Расход_энергии_на_дом": 30815,
        "Наличие_спортивного_зала": true,
        "Расстояние_до_центра": 16,
        "Расстояние_до_метро": 5,
        "Расстояние_до_школы": 4
    },
    {
        "Название": "ОАО «Лаврентьев»",
        "Адрес": "с. Юрюзань, пер. Дальневосточный, д. 59, 893061",
        "Количество_этажей": 29,
        "Количество_квартир": 203,
        "Год_постройки": "2023",
        "Тип_материала": "стекло",
        "Площадь_квартиры": 60,
        "Количество_жителей": 472,
        "Наличие_лифта": true,
        "Наличие_охраны": true,
        "Наличие_парковки": false,
        "Расход_энергии_на_дом": 33682,
        "Наличие_спортивного_зала": false,
        "Расстояние_до_центра": 17,
        "Расстояние_до_метро": 8,
        "Расстояние_до_школы": 4
    },
    {
        "Название": "Уральские авиалинии",
        "Адрес": "ст. Буденновск, ул. 30 лет Победы, д. 19, 989467",
        "Количество_этажей": 46,
        "Количество_квартир": 322,
        "Год_постройки": "1986",
        "Тип_материала": "кирпич",
        "Площадь_квартиры": 119,
        "Количество_жителей": 461,
        "Наличие_лифта": false,
        "Наличие_охраны": false,
        "Наличие_парковки": true,
        "Расход_энергии_на_дом": 26864,
        "Наличие_спортивного_зала": true,
        "Расстояние_до_центра": 7,
        "Расстояние_до_метро": 7,
        "Расстояние_до_школы": 5
    },
    {
        "Название": "АО «Баранова, Стрелков и Логинов»",
        "Адрес": "к. Троицк (Челяб.), бул. Песочный, д. 1/5, 556968",
        "Количество_этажей": 29,
        "Количество_квартир": 203,
        "Год_постройки": "1984",
        "Тип_материала": "железобетон",
        "Площадь_квартиры": 158,
        "Количество_жителей": 126,
        "Наличие_лифта": true,
        "Наличие_охраны": false,
        "Наличие_парковки": false,
        "Расход_энергии_на_дом": 11688,
        "Наличие_спортивного_зала": false,
        "Расстояние_до_центра": 12,
        "Расстояние_до_метро": 3,
        "Расстояние_до_школы": 3
    },
    {
        "Название": "Вольво Карс (Zhejiang Geely)",
        "Адрес": "г. Махачкала, пр. Цветочный, д. 2/5 стр. 3, 399285",
        "Количество_этажей": 24,
        "Количество_квартир": 168,
        "Год_постройки": "1971",
        "Тип_материала": "железобетон",
        "Площадь_квартиры": 160,
        "Количество_жителей": 416,
        "Наличие_лифта": true,
        "Наличие_охраны": false,
        "Наличие_парковки": true,
        "Расход_энергии_на_дом": 16990,
        "Наличие_спортивного_зала": true,
        "Расстояние_до_центра": 14,
        "Расстояние_до_метро": 10,
        "Расстояние_до_школы": 2
    },
    {
        "Название": "Маслов Инк",
        "Адрес": "г. Грозный, пер. Запрудный, д. 7 к. 9/3, 990243",
        "Количество_этажей": 50,
        "Количество_квартир": 350,
        "Год_постройки": "1986",
        "Тип_материала": "железобетон",
        "Площадь_квартиры": 125,
        "Количество_жителей": 410,
        "Наличие_лифта": true,
        "Наличие_охраны": false,
        "Наличие_парковки": false,
        "Расход_энергии_на_дом": 39632,
        "Наличие_спортивного_зала": false,
        "Расстояние_до_центра": 1,
        "Расстояние_до_метро": 9,
        "Расстояние_до_школы": 5
    },
    {
        "Название": "ИП «Гущин Федосеев»",
        "Адрес": "г. Тольятти, алл. Свободы, д. 96, 832391",
        "Количество_этажей": 25,
        "Количество_квартир": 175,
        "Год_постройки": "2017",
        "Тип_материала": "железобетон",
        "Площадь_квартиры": 74,
        "Количество_жителей": 355,
        "Наличие_лифта": true,
        "Наличие_охраны": true,
        "Наличие_парковки": true,
        "Расход_энергии_на_дом": 21738,
        "Наличие_спортивного_зала": true,
        "Расстояние_до_центра": 1,
        "Расстояние_до_метро": 6,
        "Расстояние_до_школы": 5
    },
    {
        "Название": "ООО «Сазонова Анисимова»",
        "Адрес": "клх Камышлов, ш. Кузнечное, д. 5, 250211",
        "Количество_этажей": 38,
        "Количество_квартир": 266,
        "Год_постройки": "1992",
        "Тип_материала": "кирпич",
        "Площадь_квартиры": 95,
        "Количество_жителей": 339,
        "Наличие_лифта": true,
        "Наличие_охраны": true,
        "Наличие_парковки": true,
        "Расход_энергии_на_дом": 20665,
        "Наличие_спортивного_зала": true,
        "Расстояние_до_центра": 4,
        "Расстояние_до_метро": 6,
        "Расстояние_до_школы": 3
    },
    {
        "Название": "Игнатова Лимитед",
        "Адрес": "д. Шали, ш. Чехова, д. 78 стр. 638, 066263",
        "Количество_этажей": 44,
        "Количество_квартир": 308,
        "Год_постройки": "1999",
        "Тип_материала": "железобетон",
        "Площадь_квартиры": 145,
        "Количество_жителей": 244,
        "Наличие_лифта": false,
        "Наличие_охраны": false,
        "Наличие_парковки": false,
        "Расход_энергии_на_дом": 13902,
        "Наличие_спортивного_зала": true,
        "Расстояние_до_центра": 20,
        "Расстояние_до_метро": 7,
        "Расстояние_до_школы": 1
    },
    {
        "Название": "ИП «Зайцева Громов»",
        "Адрес": "д. Бийск, бул. Омский, д. 9/5 к. 7/7, 147894",
        "Количество_этажей": 23,
        "Количество_квартир": 161,
        "Год_постройки": "1985",
        "Тип_материала": "железобетон",
        "Площадь_квартиры": 65,
        "Количество_жителей": 216,
        "Наличие_лифта": true,
        "Наличие_охраны": true,
        "Наличие_парковки": false,
        "Расход_энергии_на_дом": 15987,
        "Наличие_спортивного_зала": false,
        "Расстояние_до_центра": 14,
        "Расстояние_до_метро": 2,
        "Расстояние_до_школы": 4
    },
    {
        "Название": "НПО «Брагина»",
        "Адрес": "ст. Нижнеудинск, пер. Почтовый, д. 3 стр. 8, 875104",
        "Количество_этажей": 48,
        "Количество_квартир": 336,
        "Год_постройки": "2021",
        "Тип_материала": "кирпич",
        "Площадь_квартиры": 194,
        "Количество_жителей": 427,
        "Наличие_лифта": true,
        "Наличие_охраны": true,
        "Наличие_парковки": false,
        "Расход_энергии_на_дом": 21317,
        "Наличие_спортивного_зала": true,
        "Расстояние_до_центра": 19,
        "Расстояние_до_метро": 8,
        "Расстояние_до_школы": 3
    },
    {
        "Название": "ООО «Дмитриев Мартынов»",
        "Адрес": "к. Витим, ш. Высотное, д. 3 к. 7, 727632",
        "Количество_этажей": 50,
        "Количество_квартир": 350,
        "Год_постройки": "1971",
        "Тип_материала": "стекло",
        "Площадь_квартиры": 147,
        "Количество_жителей": 414,
        "Наличие_лифта": true,
        "Наличие_охраны": true,
        "Наличие_парковки": false,
        "Расход_энергии_на_дом": 22040,
        "Наличие_спортивного_зала": false,
        "Расстояние_до_центра": 7,
        "Расстояние_до_метро": 8,
        "Расстояние_до_школы": 1
    }
]