[
    {
        "Название": "ООО «Матвеева Суворов»",
        "Адрес": "п. Рыльск, пер. Баумана, д. 517, 124811",
        "Количество_этажей": 43,
        "Количество_квартир": 301,
        "Год_постройки": "2020",
        "Тип_материала": "кирпич",
        "Площадь_квартиры": 59,
        "Количество_жителей": 170,
        "Наличие_лифта": true,
        "Наличие_охраны": false,
        "Наличие_парковки": false,
        "Расход_энергии_на_дом": 17111,
        "Наличие_спортивного_зала": true,
        "Расстояние_до_центра": 16,
        "Расстояние_до_метро": 1,
        "Расстояние_до_школы": 5
    },
    {
        "Название": "НПО «Суханов»",
        "Адрес": "п. Камышлов, ш. Астраханское, д. 2/2 к. 2, 127316",
        "Количество_этажей": 30,
        "Количество_квартир": 210,
        "Год_постройки": "1995",
        "Тип_материала": "кирпич",
        "Площадь_квартиры": 78,
        "Количество_жителей": 340,
        "Наличие_лифта": true,
        "Наличие_охраны": true,
        "Наличие_парковки": false,
        "Расход_энергии_на_дом": 11825,
        "Наличие_спортивного_зала": false,
        "Расстояние_до_центра": 6,
        "Расстояние_до_метро": 7,
        "Расстояние_до_школы": 5
    },
    {
        "Название": "ОАО «Аксенов, Исаев и Игнатьева»",
        "Адрес": "г. Партизанск, бул. Луначарского, д. 41 стр. 7/8, 655779",
        "Количество_этажей": 29,
        "Количество_квартир": 203,
        "Год_постройки": "2022",
        "Тип_материала": "кирпич",
        "Площадь_квартиры": 183,
        "Количество_жителей": 129,
        "Наличие_лифта": true,
        "Наличие_охраны": false,
        "Наличие_парковки": false,
        "Расход_энергии_на_дом": 11228,
        "Наличие_спортивного_зала": true,
        "Расстояние_до_центра": 4,
        "Расстояние_до_метро": 10,
        "Расстояние_до_школы": 2
    },
    {
        "Название": "АО «Бирюков, Вишняков и Вишнякова»",
        "Адрес": "к. Орел, наб. Тимирязева, д. 6, 483214",
        "Количество_этажей": 39,
        "Количество_квартир": 273,
        "Год_постройки": "1986",
        "Тип_материала": "стекло",
        "Площадь_квартиры": 116,
        "Количество_жителей": 413,
        "Наличие_лифта": true,
        "Наличие_охраны": true,
        "Наличие_парковки": false,
        "Расход_энергии_на_дом": 19718,
        "Наличие_спортивного_зала": true,
        "Расстояние_до_центра": 9,
        "Расстояние_до_метро": 7,
        "Расстояние_до_школы": 1
    },
    {
        "Название": "РАО «Маркова-Дьячкова»",
        "Адрес": "п. Елатьма, наб. 40 лет Октября, д. 582 к. 684, 340962",
        "Количество_этажей": 43,
        "Количество_квартир": 301,
        "Год_постройки": "2007",
        "Тип_материала": "железобетон",
        "Площадь_квартиры": 179,
        "Количество_жителей": 158,
        "Наличие_лифта": true,
        "Наличие_охраны": true,
        "Наличие_парковки": false,
        "Расход_энергии_на_дом": 27390,
        "Наличие_спортивного_зала": true,
        "Расстояние_до_центра": 1,
        "Расстояние_до_метро": 8,
        "Расстояние_до_школы": 1
    },
    {
        "Название": "ОАО «Гусева, Беляева и Филиппова»",
        "Адрес": "п. Инта, бул. Подлесный, д. 84 к. 1/4, 722442",
        "Количество_этажей": 20,
        "Количество_квартир": 140,
        "Год_постройки": "1991",
        "Тип_материала": "стекло",
        "Площадь_квартиры": 150,
        "Количество_жителей": 424,
        "Наличие_лифта": true,
        "Наличие_охраны": true,
        "Наличие_парковки": true,
        "Расход_энергии_на_дом": 25969,
        "Наличие_спортивного_зала": false,
        "Расстояние_до_центра": 15,
        "Расстояние_до_метро": 7,
        "Расстояние_до_школы": 1
    },
    {
        "Название": "ООО «Степанов, Власов и Шестаков»",
        "Адрес": "с. Кострома, пер. Смоленский, д. 64 стр. 8/2, 588518",
        "Количество_этажей": 40,
        "Количество_квартир": 280,
        "Год_постройки": "1987",
        "Тип_материала": "стекло",
        "Площадь_квартиры": 105,
        "Количество_жителей": 310,
        "Наличие_лифта": true,
        "Наличие_охраны": true,
        "Наличие_парковки": true,
        "Расход_энергии_на_дом": 18476,
        "Наличие_спортивного_зала": true,
        "Расстояние_до_центра": 16,
        "Расстояние_до_метро": 7,
        "Расстояние_до_школы": 2
    },
    {
        "Название": "ИП «Горбунов, Лихачева и Михеев»",
        "Адрес": "г. Углич, алл. М.Горького, д. 597, 229361",
        "Количество_этажей": 29,
        "Количество_квартир": 203,
        "Год_постройки": "2017",
        "Тип_материала": "кирпич",
        "Площадь_квартиры": 181,
        "Количество_жителей": 65,
        "Наличие_лифта": true,
        "Наличие_охраны": true,
        "Наличие_парковки": false,
        "Расход_энергии_на_дом": 47035,
        "Наличие_спортивного_зала": true,
        "Расстояние_до_центра": 18,
        "Расстояние_до_метро": 4,
        "Расстояние_до_школы": 3
    },
    {
        "Название": "РАО «Ситников-Филатова»",
        "Адрес": "п. Тайшет, пр. Производственный, д. 23 стр. 8/7, 639773",
        "Количество_этажей": 28,
        "Количество_квартир": 196,
        "Год_постройки": "2000",
        "Тип_материала": "железобетон",
        "Площадь_квартиры": 124,
        "Количество_жителей": 64,
        "Наличие_лифта": true,
        "Наличие_охраны": false,
        "Наличие_парковки": true,
        "Расход_энергии_на_дом": 32424,
        "Наличие_спортивного_зала": false,
        "Расстояние_до_центра": 4,
        "Расстояние_до_метро": 10,
        "Расстояние_до_школы": 2
    },
    {
        "Название": "ОАО «Беляева, Суворова и Захаров»",
        "Адрес": "к. Любань, наб. Ленинская, д. 4 к. 54, 291042",
        "Количество_этажей": 28,
        "Количество_квартир": 196,
        "Год_постройки": "2012",
        "Тип_материала": "железобетон",
        "Площадь_квартиры": 86,
        "Количество_жителей": 323,
        "Наличие_лифта": true,
        "Наличие_охраны": true,
        "Наличие_парковки": false,
        "Расход_энергии_на_дом": 37806,
        "Наличие_спортивного_зала": true,
        "Расстояние_до_центра": 7,
        "Расстояние_до_метро": 9,
        "Расстояние_до_школы": 2
    },
    {
        "Название": "ИП «Мартынов, Авдеева и Дмитриева»",
        "Адрес": "с. Оренбург, ул. Олимпийская, д. 7, 727245",
        "Количество_этажей": 45,
        "Количество_квартир": 315,
        "Год_постройки": "1984",
        "Тип_материала": "кирпич",
        "Площадь_квартиры": 154,
        "Количество_жителей": 325,
        "Наличие_лифта": true,
        "Наличие_охраны": true,
        "Наличие_парковки": true,
        "Расход_энергии_на_дом": 42029,
        "Наличие_спортивного_зала": true,
        "Расстояние_до_центра": 10,
        "Расстояние_до_метро": 7,
        "Расстояние_до_школы": 4
    },
    {
        "Название": "НПО «Матвеев, Васильева и Селиверстова»",
        "Адрес": "клх Ревда (Сверд.), алл. Зеленая, д. 9, 470866",
        "Количество_этажей": 43,
        "Количество_квартир": 301,
        "Год_постройки": "1997",
        "Тип_материала": "стекло",
        "Площадь_квартиры": 109,
        "Количество_жителей": 333,
        "Наличие_лифта": true,
        "Наличие_охраны": true,
        "Наличие_парковки": true,
        "Расход_энергии_на_дом": 16402,
        "Наличие_спортивного_зала": false,
        "Расстояние_до_центра": 17,
        "Расстояние_до_метро": 4,
        "Расстояние_до_школы": 4
    },
    {
        "Название": "ОАО «Емельянов-Владимирова»",
        "Адрес": "с. Печора, алл. Физкультурная, д. 6/7 стр. 151, 893742",
        "Количество_этажей": 46,
        "Количество_квартир": 322,
        "Год_постройки": "2018",
        "Тип_материала": "железобетон",
        "Площадь_квартиры": 141,
        "Количество_жителей": 161,
        "Наличие_лифта": true,
        "Наличие_охраны": true,
        "Наличие_парковки": true,
        "Расход_энергии_на_дом": 41975,
        "Наличие_спортивного_зала": false,
        "Расстояние_до_центра": 3,
        "Расстояние_до_метро": 10,
        "Расстояние_до_школы": 3
    },
    {
        "Название": "ЗАО «Кондратьева, Харитонов и Лапина»",
        "Адрес": "г. Усть-Ордынский, пр. Горького, д. 50 к. 86, 029204",
        "Количество_этажей": 30,
        "Количество_квартир": 210,
        "Год_постройки": "1997",
        "Тип_материала": "кирпич",
        "Площадь_квартиры": 187,
        "Количество_жителей": 467,
        "Наличие_лифта": true,
        "Наличие_охраны": false,
        "Наличие_парковки": true,
        "Расход_энергии_на_дом": 46584,
        "Наличие_спортивного_зала": false,
        "Расстояние_до_центра": 15,
        "Расстояние_до_метро": 4,
        "Расстояние_до_школы": 1
    },
    {
        "Название": "НПО «Никитина, Шарова и Панфилов»",
        "Адрес": "с. Тверь, ул. Минская, д. 1/1 к. 735, 151314",
        "Количество_этажей": 47,
        "Количество_квартир": 329,
        "Год_постройки": "2001",
        "Тип_материала": "стекло",
        "Площадь_квартиры": 55,
        "Количество_жителей": 158,
        "Наличие_лифта": true,
        "Наличие_охраны": true,
        "Наличие_парковки": true,
        "Расход_энергии_на_дом": 31993,
        "Наличие_спортивного_зала": false,
        "Расстояние_до_центра": 15,
        "Расстояние_до_метро": 2,
        "Расстояние_до_школы": 2
    }
]