[
    {
        "Название": "ИП «Котов»",
        "Адрес": "с. Бугуруслан, алл. Моховая, д. 4/3 стр. 3, 951802",
        "Количество_этажей": 34,
        "Количество_квартир": 238,
        "Год_постройки": "1984",
        "Тип_материала": "стекло",
        "Площадь_квартиры": 165,
        "Количество_жителей": 425,
        "Наличие_лифта": true,
        "Наличие_охраны": false,
        "Наличие_парковки": true,
        "Расход_энергии_на_дом": 10453,
        "Наличие_спортивного_зала": false,
        "Расстояние_до_центра": 3,
        "Расстояние_до_метро": 9,
        "Расстояние_до_школы": 2
    },
    {
        "Название": "ИП «Туров, Власов и Соловьев»",
        "Адрес": "ст. Воскресенск, пр. Степана Разина, д. 6 к. 752, 085643",
        "Количество_этажей": 31,
        "Количество_квартир": 217,
        "Год_постройки": "1970",
        "Тип_материала": "кирпич",
        "Площадь_квартиры": 169,
        "Количество_жителей": 184,
        "Наличие_лифта": true,
        "Наличие_охраны": true,
        "Наличие_парковки": true,
        "Расход_энергии_на_дом": 26239,
        "Наличие_спортивного_зала": false,
        "Расстояние_до_центра": 15,
        "Расстояние_до_метро": 9,
        "Расстояние_до_школы": 3
    },
    {
        "Название": "НПО «Петухов-Гуляев»",
        "Адрес": "ст. Ангарск, ш. Победы, д. 5/7, 313746",
        "Количество_этажей": 23,
        "Количество_квартир": 161,
        "Год_постройки": "1996",
        "Тип_материала": "стекло",
        "Площадь_квартиры": 70,
        "Количество_жителей": 495,
        "Наличие_лифта": true,
        "Наличие_охраны": true,
        "Наличие_парковки": false,
        "Расход_энергии_на_дом": 26074,
        "Наличие_спортивного_зала": true,
        "Расстояние_до_центра": 13,
        "Расстояние_до_метро": 2,
        "Расстояние_до_школы": 3
    },
    {
        "Название": "ИП «Цветкова»",
        "Адрес": "к. Кедровый, бул. Производственный, д. 992 к. 4, 824651",
        "Количество_этажей": 31,
        "Количество_квартир": 217,
        "Год_постройки": "1983",
        "Тип_материала": "стекло",
        "Площадь_квартиры": 65,
        "Количество_жителей": 286,
        "Наличие_лифта": true,
        "Наличие_охраны": true,
        "Наличие_парковки": false,
        "Расход_энергии_на_дом": 28042,
        "Наличие_спортивного_зала": true,
        "Расстояние_до_центра": 19,
        "Расстояние_до_метро": 1,
        "Расстояние_до_школы": 2
    },
    {
        "Название": "ОАО «Федотов»",
        "Адрес": "с. Стрежевой, алл. Тюленина, д. 39, 188287",
        "Количество_этажей": 47,
        "Количество_квартир": 329,
        "Год_постройки": "1972",
        "Тип_материала": "железобетон",
        "Площадь_квартиры": 83,
        "Количество_жителей": 431,
        "Наличие_лифта": true,
        "Наличие_охраны": false,
        "Наличие_парковки": false,
        "Расход_энергии_на_дом": 18267,
        "Наличие_спортивного_зала": true,
        "Расстояние_до_центра": 4,
        "Расстояние_до_метро": 7,
        "Расстояние_до_школы": 4
    },
    {
        "Название": "ЗАО «Дорофеева, Мухина и Морозова»",
        "Адрес": "д. Стрежевой, алл. Локомотивная, д. 47 стр. 2/7, 473509",
        "Количество_этажей": 21,
        "Количество_квартир": 147,
        "Год_постройки": "2010",
        "Тип_материала": "железобетон",
        "Площадь_квартиры": 172,
        "Количество_жителей": 240,
        "Наличие_лифта": true,
        "Наличие_охраны": false,
        "Наличие_парковки": false,
        "Расход_энергии_на_дом": 16452,
        "Наличие_спортивного_зала": true,
        "Расстояние_до_центра": 1,
        "Расстояние_до_метро": 9,
        "Расстояние_до_школы": 2
    },
    {
        "Название": "НПО «Прохорова»",
        "Адрес": "п. Беслан, ш. Красноармейское, д. 2 к. 8, 006484",
        "Количество_этажей": 20,
        "Количество_квартир": 140,
        "Год_постройки": "2014",
        "Тип_материала": "кирпич",
        "Площадь_квартиры": 84,
        "Количество_жителей": 148,
        "Наличие_лифта": true,
        "Наличие_охраны": true,
        "Наличие_парковки": false,
        "Расход_энергии_на_дом": 20750,
        "Наличие_спортивного_зала": false,
        "Расстояние_до_центра": 14,
        "Расстояние_до_метро": 8,
        "Расстояние_до_школы": 3
    },
    {
        "Название": "НПО «Гуляев-Пестов»",
        "Адрес": "с. Пинега, бул. Майский, д. 4/5 к. 546, 726332",
        "Количество_этажей": 35,
        "Количество_квартир": 245,
        "Год_постройки": "1984",
        "Тип_материала": "железобетон",
        "Площадь_квартиры": 182,
        "Количество_жителей": 481,
        "Наличие_лифта": true,
        "Наличие_охраны": true,
        "Наличие_парковки": true,
        "Расход_энергии_на_дом": 34667,
        "Наличие_спортивного_зала": true,
        "Расстояние_до_центра": 19,
        "Расстояние_до_метро": 6,
        "Расстояние_до_школы": 1
    },
    {
        "Название": "ЗАО «Козлов, Власова и Муравьев»",
        "Адрес": "клх Гусь-Хрустальный, алл. Светлая, д. 9 стр. 8/8, 095556",
        "Количество_этажей": 30,
        "Количество_квартир": 210,
        "Год_постройки": "1976",
        "Тип_материала": "стекло",
        "Площадь_квартиры": 116,
        "Количество_жителей": 139,
        "Наличие_лифта": false,
        "Наличие_охраны": true,
        "Наличие_парковки": true,
        "Расход_энергии_на_дом": 22395,
        "Наличие_спортивного_зала": false,
        "Расстояние_до_центра": 19,
        "Расстояние_до_метро": 9,
        "Расстояние_до_школы": 1
    },
    {
        "Название": "Калашников Лимитед",
        "Адрес": "д. Назрань, ш. Дружба, д. 9, 288445",
        "Количество_этажей": 28,
        "Количество_квартир": 196,
        "Год_постройки": "2002",
        "Тип_материала": "кирпич",
        "Площадь_квартиры": 138,
        "Количество_жителей": 265,
        "Наличие_лифта": true,
        "Наличие_охраны": true,
        "Наличие_парковки": false,
        "Расход_энергии_на_дом": 39917,
        "Наличие_спортивного_зала": false,
        "Расстояние_до_центра": 16,
        "Расстояние_до_метро": 10,
        "Расстояние_до_школы": 4
    },
    {
        "Название": "РАО «Сазонов Носов»",
        "Адрес": "г. Семлячики, пер. Володарского, д. 15 к. 9, 342966",
        "Количество_этажей": 44,
        "Количество_квартир": 308,
        "Год_постройки": "1994",
        "Тип_материала": "железобетон",
        "Площадь_квартиры": 150,
        "Количество_жителей": 128,
        "Наличие_лифта": true,
        "Наличие_охраны": true,
        "Наличие_парковки": false,
        "Расход_энергии_на_дом": 27935,
        "Наличие_спортивного_зала": false,
        "Расстояние_до_центра": 6,
        "Расстояние_до_метро": 5,
        "Расстояние_до_школы": 3
    },
    {
        "Название": "НПО «Куликов-Колобова»",
        "Адрес": "г. Асбест, алл. Докучаева, д. 9/8 стр. 39, 292967",
        "Количество_этажей": 41,
        "Количество_квартир": 287,
        "Год_постройки": "2009",
        "Тип_материала": "стекло",
        "Площадь_квартиры": 88,
        "Количество_жителей": 110,
        "Наличие_лифта": true,
        "Наличие_охраны": false,
        "Наличие_парковки": false,
        "Расход_энергии_на_дом": 44097,
        "Наличие_спортивного_зала": false,
        "Расстояние_до_центра": 2,
        "Расстояние_до_метро": 3,
        "Расстояние_до_школы": 2
    },
    {
        "Название": "ОАО «Гущин-Костина»",
        "Адрес": "клх Вендинга, наб. Чехова, д. 1 стр. 428, 197213",
        "Количество_этажей": 30,
        "Количество_квартир": 210,
        "Год_постройки": "1987",
        "Тип_материала": "железобетон",
        "Площадь_квартиры": 186,
        "Количество_жителей": 85,
        "Наличие_лифта": true,
        "Наличие_охраны": true,
        "Наличие_парковки": true,
        "Расход_энергии_на_дом": 36473,
        "Наличие_спортивного_зала": false,
        "Расстояние_до_центра": 8,
        "Расстояние_до_метро": 4,
        "Расстояние_до_школы": 4
    },
    {
        "Название": "Филатов Инк",
        "Адрес": "ст. Сладково, наб. Ярославская, д. 676 стр. 520, 266919",
        "Количество_этажей": 41,
        "Количество_квартир": 287,
        "Год_постройки": "2014",
        "Тип_материала": "кирпич",
        "Площадь_квартиры": 188,
        "Количество_жителей": 304,
        "Наличие_лифта": false,
        "Наличие_охраны": false,
        "Наличие_парковки": true,
        "Расход_энергии_на_дом": 39652,
        "Наличие_спортивного_зала": false,
        "Расстояние_до_центра": 15,
        "Расстояние_до_метро": 4,
        "Расстояние_до_школы": 5
    },
    {
        "Название": "Михайлов и партнеры",
        "Адрес": "п. Ревда (Сверд.), ш. Матросова, д. 8/9 стр. 64, 624424",
        "Количество_этажей": 33,
        "Количество_квартир": 231,
        "Год_постройки": "2008",
        "Тип_материала": "кирпич",
        "Площадь_квартиры": 132,
        "Количество_жителей": 251,
        "Наличие_лифта": true,
        "Наличие_охраны": true,
        "Наличие_парковки": true,
        "Расход_энергии_на_дом": 12460,
        "Наличие_спортивного_зала": true,
        "Расстояние_до_центра": 18,
        "Расстояние_до_метро": 5,
        "Расстояние_до_школы": 5
    }
]