[
    {
        "Название": "ООО «Николаев Панфилов»",
        "Адрес": "п. Артем, ш. Главное, д. 2, 579604",
        "Количество_этажей": 48,
        "Количество_квартир": 336,
        "Год_постройки": "1975",
        "Тип_материала": "железобетон",
        "Площадь_квартиры": 66,
        "Количество_жителей": 434,
        "Наличие_лифта": true,
        "Наличие_охраны": true,
        "Наличие_парковки": true,
        "Расход_энергии_на_дом": 16783,
        "Наличие_спортивного_зала": true,
        "Расстояние_до_центра": 1,
        "Расстояние_до_метро": 8,
        "Расстояние_до_школы": 3
    },
    {
        "Название": "Эппл Рус (Apple)",
        "Адрес": "г. Инта, пр. Тепличный, д. 7/7 к. 3/6, 715759",
        "Количество_этажей": 37,
        "Количество_квартир": 259,
        "Год_постройки": "1975",
        "Тип_материала": "кирпич",
        "Площадь_квартиры": 170,
        "Количество_жителей": 393,
        "Наличие_лифта": true,
        "Наличие_охраны": false,
        "Наличие_парковки": false,
        "Расход_энергии_на_дом": 45905,
        "Наличие_спортивного_зала": true,
        "Расстояние_до_центра": 12,
        "Расстояние_до_метро": 1,
        "Расстояние_до_школы": 2
    },
    {
        "Название": "Шестаков Инкорпорэйтед",
        "Адрес": "ст. Усть-Камчатск, бул. Совхозный, д. 3/7 к. 123, 840116",
        "Количество_этажей": 40,
        "Количество_квартир": 280,
        "Год_постройки": "2016",
        "Тип_материала": "кирпич",
        "Площадь_квартиры": 79,
        "Количество_жителей": 201,
        "Наличие_лифта": true,
        "Наличие_охраны": true,
        "Наличие_парковки": false,
        "Расход_энергии_на_дом": 34476,
        "Наличие_спортивного_зала": true,
        "Расстояние_до_центра": 15,
        "Расстояние_до_метро": 10,
        "Расстояние_до_школы": 4
    },
    {
        "Название": "ООО «Кудряшов-Кириллов»",
        "Адрес": "г. Верхотурье, алл. Нахимова, д. 992 к. 72, 374024",
        "Количество_этажей": 30,
        "Количество_квартир": 210,
        "Год_постройки": "2013",
        "Тип_материала": "железобетон",
        "Площадь_квартиры": 112,
        "Количество_жителей": 318,
        "Наличие_лифта": true,
        "Наличие_охраны": true,
        "Наличие_парковки": false,
        "Расход_энергии_на_дом": 25341,
        "Наличие_спортивного_зала": false,
        "Расстояние_до_центра": 6,
        "Расстояние_до_метро": 1,
        "Расстояние_до_школы": 3
    },
    {
        "Название": "ФСК Лидер",
        "Адрес": "к. Беслан, алл. Луначарского, д. 2/3, 805396",
        "Количество_этажей": 26,
        "Количество_квартир": 182,
        "Год_постройки": "1994",
        "Тип_материала": "стекло",
        "Площадь_квартиры": 121,
        "Количество_жителей": 121,
        "Наличие_лифта": true,
        "Наличие_охраны": false,
        "Наличие_парковки": true,
        "Расход_энергии_на_дом": 19038,
        "Наличие_спортивного_зала": true,
        "Расстояние_до_центра": 20,
        "Расстояние_до_метро": 3,
        "Расстояние_до_школы": 4
    },
    {
        "Название": "НПО «Сорокина-Крылова»",
        "Адрес": "с. Калуга, ул. Жуковского, д. 50 стр. 8/2, 406162",
        "Количество_этажей": 45,
        "Количество_квартир": 315,
        "Год_постройки": "2016",
        "Тип_материала": "стекло",
        "Площадь_квартиры": 68,
        "Количество_жителей": 351,
        "Наличие_лифта": false,
        "Наличие_охраны": true,
        "Наличие_парковки": false,
        "Расход_энергии_на_дом": 30650,
        "Наличие_спортивного_зала": true,
        "Расстояние_до_центра": 13,
        "Расстояние_до_метро": 2,
        "Расстояние_до_школы": 5
    },
    {
        "Название": "Группа Ренессанс Страхование",
        "Адрес": "клх Кулу, пр. Шолохова, д. 9/2 стр. 838, 927052",
        "Количество_этажей": 27,
        "Количество_квартир": 189,
        "Год_постройки": "2018",
        "Тип_материала": "кирпич",
        "Площадь_квартиры": 152,
        "Количество_жителей": 271,
        "Наличие_лифта": true,
        "Наличие_охраны": true,
        "Наличие_парковки": false,
        "Расход_энергии_на_дом": 22205,
        "Наличие_спортивного_зала": true,
        "Расстояние_до_центра": 1,
        "Расстояние_до_метро": 9,
        "Расстояние_до_школы": 1
    },
    {
        "Название": "ОАО «Колесников»",
        "Адрес": "г. Березники, алл. Попова, д. 3/3 стр. 565, 841517",
        "Количество_этажей": 22,
        "Количество_квартир": 154,
        "Год_постройки": "2009",
        "Тип_материала": "железобетон",
        "Площадь_квартиры": 79,
        "Количество_жителей": 430,
        "Наличие_лифта": true,
        "Наличие_охраны": true,
        "Наличие_парковки": false,
        "Расход_энергии_на_дом": 46937,
        "Наличие_спортивного_зала": true,
        "Расстояние_до_центра": 2,
        "Расстояние_до_метро": 7,
        "Расстояние_до_школы": 3
    },
    {
        "Название": "ООО «Вишнякова Шилов»",
        "Адрес": "г. Сыктывкар, наб. Энгельса, д. 69, 826824",
        "Количество_этажей": 41,
        "Количество_квартир": 287,
        "Год_постройки": "2000",
        "Тип_материала": "железобетон",
        "Площадь_квартиры": 146,
        "Количество_жителей": 59,
        "Наличие_лифта": true,
        "Наличие_охраны": true,
        "Наличие_парковки": true,
        "Расход_энергии_на_дом": 23241,
        "Наличие_спортивного_зала": true,
        "Расстояние_до_центра": 13,
        "Расстояние_до_метро": 3,
        "Расстояние_до_школы": 4
    },
    {
        "Название": "ОАО «Фомичев-Меркушева»",
        "Адрес": "п. Сасово, ш. Котовского, д. 7/2 к. 20, 569782",
        "Количество_этажей": 38,
        "Количество_квартир": 266,
        "Год_постройки": "2020",
        "Тип_материала": "кирпич",
        "Площадь_квартиры": 167,
        "Количество_жителей": 199,
        "Наличие_лифта": true,
        "Наличие_охраны": true,
        "Наличие_парковки": false,
        "Расход_энергии_на_дом": 38533,
        "Наличие_спортивного_зала": false,
        "Расстояние_до_центра": 4,
        "Расстояние_до_метро": 9,
        "Расстояние_до_школы": 4
    },
    {
        "Название": "ГК Российские коммунальные системы",
        "Адрес": "п. Ангарск, алл. Учительская, д. 39, 988398",
        "Количество_этажей": 31,
        "Количество_квартир": 217,
        "Год_постройки": "2020",
        "Тип_материала": "кирпич",
        "Площадь_квартиры": 110,
        "Количество_жителей": 194,
        "Наличие_лифта": true,
        "Наличие_охраны": true,
        "Наличие_парковки": false,
        "Расход_энергии_на_дом": 37228,
        "Наличие_спортивного_зала": true,
        "Расстояние_до_центра": 1,
        "Расстояние_до_метро": 9,
        "Расстояние_до_школы": 3
    },
    {
        "Название": "ИП «Селезнева, Ильина и Силина»",
        "Адрес": "п. Иркутск, пр. Цветочный, д. 5/6, 092781",
        "Количество_этажей": 24,
        "Количество_квартир": 168,
        "Год_постройки": "2021",
        "Тип_материала": "кирпич",
        "Площадь_квартиры": 68,
        "Количество_жителей": 408,
        "Наличие_лифта": true,
        "Наличие_охраны": true,
        "Наличие_парковки": true,
        "Расход_энергии_на_дом": 39002,
        "Наличие_спортивного_зала": false,
        "Расстояние_до_центра": 11,
        "Расстояние_до_метро": 4,
        "Расстояние_до_школы": 2
    },
    {
        "Название": "РАО «Владимирова»",
        "Адрес": "клх Троицко-Печорск, наб. Почтовая, д. 2 к. 781, 289256",
        "Количество_этажей": 43,
        "Количество_квартир": 301,
        "Год_постройки": "2010",
        "Тип_материала": "кирпич",
        "Площадь_квартиры": 125,
        "Количество_жителей": 472,
        "Наличие_лифта": true,
        "Наличие_охраны": true,
        "Наличие_парковки": false,
        "Расход_энергии_на_дом": 13767,
        "Наличие_спортивного_зала": true,
        "Расстояние_до_центра": 20,
        "Расстояние_до_метро": 1,
        "Расстояние_до_школы": 2
    },
    {
        "Название": "ИП «Фадеева, Фролова и Архипов»",
        "Адрес": "ст. Богучар, наб. Медицинская, д. 7 к. 2, 380300",
        "Количество_этажей": 47,
        "Количество_квартир": 329,
        "Год_постройки": "2010",
        "Тип_материала": "кирпич",
        "Площадь_квартиры": 50,
        "Количество_жителей": 108,
        "Наличие_лифта": true,
        "Наличие_охраны": true,
        "Наличие_парковки": false,
        "Расход_энергии_на_дом": 13313,
        "Наличие_спортивного_зала": false,
        "Расстояние_до_центра": 10,
        "Расстояние_до_метро": 4,
        "Расстояние_до_школы": 3
    },
    {
        "Название": "НПО «Горшков-Богданова»",
        "Адрес": "ст. Черский, алл. Чапаева, д. 378 стр. 9/6, 454634",
        "Количество_этажей": 42,
        "Количество_квартир": 294,
        "Год_постройки": "1976",
        "Тип_материала": "кирпич",
        "Площадь_квартиры": 158,
        "Количество_жителей": 405,
        "Наличие_лифта": false,
        "Наличие_охраны": false,
        "Наличие_парковки": false,
        "Расход_энергии_на_дом": 37985,
        "Наличие_спортивного_зала": true,
        "Расстояние_до_центра": 13,
        "Расстояние_до_метро": 1,
        "Расстояние_до_школы": 2
    }
]