[
    {
        "Название": "ЗАО «Дмитриева, Воронцова и Селиверстова»",
        "Адрес": "к. Славянск-на-Кубани, алл. Сосновая, д. 4/2, 605561",
        "Количество_этажей": 46,
        "Количество_квартир": 322,
        "Год_постройки": "1987",
        "Тип_материала": "кирпич",
        "Площадь_квартиры": 188,
        "Количество_жителей": 312,
        "Наличие_лифта": true,
        "Наличие_охраны": true,
        "Наличие_парковки": false,
        "Расход_энергии_на_дом": 24979,
        "Наличие_спортивного_зала": false,
        "Расстояние_до_центра": 12,
        "Расстояние_до_метро": 5,
        "Расстояние_до_школы": 4
    },
    {
        "Название": "Захарова Инк",
        "Адрес": "с. Шуя, наб. Специалистов, д. 511 к. 8/5, 576932",
        "Количество_этажей": 29,
        "Количество_квартир": 203,
        "Год_постройки": "2004",
        "Тип_материала": "железобетон",
        "Площадь_квартиры": 67,
        "Количество_жителей": 307,
        "Наличие_лифта": true,
        "Наличие_охраны": true,
        "Наличие_парковки": false,
        "Расход_энергии_на_дом": 36353,
        "Наличие_спортивного_зала": false,
        "Расстояние_до_центра": 16,
        "Расстояние_до_метро": 6,
        "Расстояние_до_школы": 3
    },
    {
        "Название": "ИП «Ковалева, Ширяева и Сафонов»",
        "Адрес": "клх Калязин, бул. Горького, д. 439 к. 1/4, 838288",
        "Количество_этажей": 34,
        "Количество_квартир": 238,
        "Год_постройки": "1985",
        "Тип_материала": "стекло",
        "Площадь_квартиры": 63,
        "Количество_жителей": 296,
        "Наличие_лифта": true,
        "Наличие_охраны": true,
        "Наличие_парковки": false,
        "Расход_энергии_на_дом": 35215,
        "Наличие_спортивного_зала": false,
        "Расстояние_до_центра": 7,
        "Расстояние_до_метро": 4,
        "Расстояние_до_школы": 1
    },
    {
        "Название": "Северный ветер",
        "Адрес": "п. Всеволожск, пер. Дальний, д. 64 стр. 79, 332247",
        "Количество_этажей": 49,
        "Количество_квартир": 343,
        "Год_постройки": "1993",
        "Тип_материала": "стекло",
        "Площадь_квартиры": 83,
        "Количество_жителей": 336,
        "Наличие_лифта": true,
        "Наличие_охраны": true,
        "Наличие_парковки": true,
        "Расход_энергии_на_дом": 34937,
        "Наличие_спортивного_зала": false,
        "Расстояние_до_центра": 11,
        "Расстояние_до_метро": 9,
        "Расстояние_до_школы": 3
    },
    {
        "Название": "Л'Ореаль (L'Oreal)",
        "Адрес": "д. Крымск, пр. Большой, д. 7 стр. 76, 673208",
        "Количество_этажей": 21,
        "Количество_квартир": 147,
        "Год_постройки": "1991",
        "Тип_материала": "железобетон",
        "Площадь_квартиры": 167,
        "Количество_жителей": 227,
        "Наличие_лифта": true,
        "Наличие_охраны": true,
        "Наличие_парковки": false,
        "Расход_энергии_на_дом": 16977,
        "Наличие_спортивного_зала": true,
        "Расстояние_до_центра": 11,
        "Расстояние_до_метро": 5,
        "Расстояние_до_школы": 2
    },
    {
        "Название": "ИП «Федосеева, Авдеев и Иванов»",
        "Адрес": "г. Зарайск, ул. Загородная, д. 3/7 стр. 72, 517496",
        "Количество_этажей": 40,
        "Количество_квартир": 280,
        "Год_постройки": "1979",
        "Тип_материала": "стекло",
        "Площадь_квартиры": 139,
        "Количество_жителей": 351,
        "Наличие_лифта": true,
        "Наличие_охраны": false,
        "Наличие_парковки": true,
        "Расход_энергии_на_дом": 23641,
        "Наличие_спортивного_зала": true,
        "Расстояние_до_центра": 17,
        "Расстояние_до_метро": 2,
        "Расстояние_до_школы": 4
    },
    {
        "Название": "ФСК Лидер",
        "Адрес": "к. Приморско-Ахтарск, ш. Полярное, д. 80 стр. 8, 087975",
        "Количество_этажей": 34,
        "Количество_квартир": 238,
        "Год_постройки": "1986",
        "Тип_материала": "железобетон",
        "Площадь_квартиры": 186,
        "Количество_жителей": 348,
        "Наличие_лифта": true,
        "Наличие_охраны": true,
        "Наличие_парковки": true,
        "Расход_энергии_на_дом": 32419,
        "Наличие_спортивного_зала": false,
        "Расстояние_до_центра": 17,
        "Расстояние_до_метро": 2,
        "Расстояние_до_школы": 5
    },
    {
        "Название": "ИП «Сысоев-Самойлов»",
        "Адрес": "п. Химки, алл. Курганная, д. 19 стр. 4, 878824",
        "Количество_этажей": 42,
        "Количество_квартир": 294,
        "Год_постройки": "1991",
        "Тип_материала": "кирпич",
        "Площадь_квартиры": 65,
        "Количество_жителей": 267,
        "Наличие_лифта": false,
        "Наличие_охраны": true,
        "Наличие_парковки": false,
        "Расход_энергии_на_дом": 41185,
        "Наличие_спортивного_зала": false,
        "Расстояние_до_центра": 5,
        "Расстояние_до_метро": 4,
        "Расстояние_до_школы": 3
    },
    {
        "Название": "ООО «Мельникова, Соболев и Шубина»",
        "Адрес": "клх Хоста, бул. Карла Маркса, д. 5 к. 7, 151695",
        "Количество_этажей": 28,
        "Количество_квартир": 196,
        "Год_постройки": "1994",
        "Тип_материала": "стекло",
        "Площадь_квартиры": 104,
        "Количество_жителей": 381,
        "Наличие_лифта": true,
        "Наличие_охраны": false,
        "Наличие_парковки": true,
        "Расход_энергии_на_дом": 32845,
        "Наличие_спортивного_зала": true,
        "Расстояние_до_центра": 7,
        "Расстояние_до_метро": 7,
        "Расстояние_до_школы": 5
    },
    {
        "Название": "ООО «Котова Лихачева»",
        "Адрес": "клх Зеленогорск (Ленин.), ш. Дорожников, д. 4, 430581",
        "Количество_этажей": 48,
        "Количество_квартир": 336,
        "Год_постройки": "1996",
        "Тип_материала": "кирпич",
        "Площадь_квартиры": 110,
        "Количество_жителей": 145,
        "Наличие_лифта": false,
        "Наличие_охраны": true,
        "Наличие_парковки": false,
        "Расход_энергии_на_дом": 23708,
        "Наличие_спортивного_зала": false,
        "Расстояние_до_центра": 18,
        "Расстояние_до_метро": 1,
        "Расстояние_до_школы": 3
    },
    {
        "Название": "АО «Васильев»",
        "Адрес": "п. Пушкин, наб. К.Маркса, д. 1, 025536",
        "Количество_этажей": 34,
        "Количество_квартир": 238,
        "Год_постройки": "1980",
        "Тип_материала": "стекло",
        "Площадь_квартиры": 139,
        "Количество_жителей": 78,
        "Наличие_лифта": true,
        "Наличие_охраны": true,
        "Наличие_парковки": false,
        "Расход_энергии_на_дом": 45142,
        "Наличие_спортивного_зала": true,
        "Расстояние_до_центра": 5,
        "Расстояние_до_метро": 9,
        "Расстояние_до_школы": 2
    },
    {
        "Название": "Бобылева Лтд",
        "Адрес": "п. Россошь, ш. Рабочее, д. 808 к. 2, 272043",
        "Количество_этажей": 36,
        "Количество_квартир": 252,
        "Год_постройки": "1986",
        "Тип_материала": "стекло",
        "Площадь_квартиры": 94,
        "Количество_жителей": 103,
        "Наличие_лифта": true,
        "Наличие_охраны": true,
        "Наличие_парковки": false,
        "Расход_энергии_на_дом": 32757,
        "Наличие_спортивного_зала": false,
        "Расстояние_до_центра": 11,
        "Расстояние_до_метро": 9,
        "Расстояние_до_школы": 2
    },
    {
        "Название": "ЗАО «Громов-Гуляева»",
        "Адрес": "д. Алдан, бул. Портовый, д. 154, 566183",
        "Количество_этажей": 43,
        "Количество_квартир": 301,
        "Год_постройки": "1983",
        "Тип_материала": "железобетон",
        "Площадь_квартиры": 163,
        "Количество_жителей": 292,
        "Наличие_лифта": false,
        "Наличие_охраны": true,
        "Наличие_парковки": true,
        "Расход_энергии_на_дом": 32980,
        "Наличие_спортивного_зала": false,
        "Расстояние_до_центра": 14,
        "Расстояние_до_метро": 10,
        "Расстояние_до_школы": 3
    },
    {
        "Название": "ЗАО «Савин»",
        "Адрес": "г. Онега, пр. Энергетиков, д. 1/9 к. 8/4, 695616",
        "Количество_этажей": 49,
        "Количество_квартир": 343,
        "Год_постройки": "1989",
        "Тип_материала": "железобетон",
        "Площадь_квартиры": 187,
        "Количество_жителей": 452,
        "Наличие_лифта": false,
        "Наличие_охраны": true,
        "Наличие_парковки": true,
        "Расход_энергии_на_дом": 46052,
        "Наличие_спортивного_зала": false,
        "Расстояние_до_центра": 18,
        "Расстояние_до_метро": 6,
        "Расстояние_до_школы": 4
    },
    {
        "Название": "НПО «Кудряшова-Владимиров»",
        "Адрес": "клх Кажим, ул. Степана Разина, д. 801 стр. 9/4, 343359",
        "Количество_этажей": 42,
        "Количество_квартир": 294,
        "Год_постройки": "2021",
        "Тип_материала": "стекло",
        "Площадь_квартиры": 116,
        "Количество_жителей": 475,
        "Наличие_лифта": true,
        "Наличие_охраны": true,
        "Наличие_парковки": false,
        "Расход_энергии_на_дом": 37499,
        "Наличие_спортивного_зала": true,
        "Расстояние_до_центра": 13,
        "Расстояние_до_метро": 4,
        "Расстояние_до_школы": 5
    }
]