[
    {
        "Название": "ЗАО «Комиссаров Калинин»",
        "Адрес": "к. Амдерма, наб. Тульская, д. 3 стр. 9, 704643",
        "Количество_этажей": 33,
        "Количество_квартир": 231,
        "Год_постройки": "1984",
        "Тип_материала": "железобетон",
        "Площадь_квартиры": 182,
        "Количество_жителей": 262,
        "Наличие_лифта": true,
        "Наличие_охраны": true,
        "Наличие_парковки": true,
        "Расход_энергии_на_дом": 24989,
        "Наличие_спортивного_зала": false,
        "Расстояние_до_центра": 19,
        "Расстояние_до_метро": 4,
        "Расстояние_до_школы": 2
    },
    {
        "Название": "ООО «Устинова»",
        "Адрес": "клх Североуральск, ш. Болотное, д. 16 стр. 7/3, 642330",
        "Количество_этажей": 36,
        "Количество_квартир": 252,
        "Год_постройки": "1979",
        "Тип_материала": "железобетон",
        "Площадь_квартиры": 82,
        "Количество_жителей": 285,
        "Наличие_лифта": true,
        "Наличие_охраны": true,
        "Наличие_парковки": false,
        "Расход_энергии_на_дом": 38647,
        "Наличие_спортивного_зала": false,
        "Расстояние_до_центра": 10,
        "Расстояние_до_метро": 9,
        "Расстояние_до_школы": 5
    },
    {
        "Название": "Нова",
        "Адрес": "с. Кинешма, пр. Ключевой, д. 29, 491094",
        "Количество_этажей": 26,
        "Количество_квартир": 182,
        "Год_постройки": "2009",
        "Тип_материала": "железобетон",
        "Площадь_квартиры": 84,
        "Количество_жителей": 500,
        "Наличие_лифта": false,
        "Наличие_охраны": false,
        "Наличие_парковки": true,
        "Расход_энергии_на_дом": 37650,
        "Наличие_спортивного_зала": true,
        "Расстояние_до_центра": 6,
        "Расстояние_до_метро": 3,
        "Расстояние_до_школы": 3
    },
    {
        "Название": "ИП «Дмитриева-Рыбакова»",
        "Адрес": "с. Нижневартовск, пр. 8 Марта, д. 45, 539318",
        "Количество_этажей": 48,
        "Количество_квартир": 336,
        "Год_постройки": "2016",
        "Тип_материала": "кирпич",
        "Площадь_квартиры": 80,
        "Количество_жителей": 354,
        "Наличие_лифта": false,
        "Наличие_охраны": true,
        "Наличие_парковки": false,
        "Расход_энергии_на_дом": 46228,
        "Наличие_спортивного_зала": false,
        "Расстояние_до_центра": 4,
        "Расстояние_до_метро": 5,
        "Расстояние_до_школы": 1
    },
    {
        "Название": "ОАО «Муравьев Голубева»",
        "Адрес": "ст. Завьялиха, ул. Королева, д. 733 стр. 360, 401268",
        "Количество_этажей": 47,
        "Количество_квартир": 329,
        "Год_постройки": "2010",
        "Тип_материала": "железобетон",
        "Площадь_квартиры": 163,
        "Количество_жителей": 64,
        "Наличие_лифта": true,
        "Наличие_охраны": true,
        "Наличие_парковки": false,
        "Расход_энергии_на_дом": 46184,
        "Наличие_спортивного_зала": false,
        "Расстояние_до_центра": 19,
        "Расстояние_до_метро": 3,
        "Расстояние_до_школы": 5
    },
    {
        "Название": "Транспортная группа FESCO",
        "Адрес": "г. Магас, пер. Республиканский, д. 961 стр. 940, 273790",
        "Количество_этажей": 50,
        "Количество_квартир": 350,
        "Год_постройки": "1975",
        "Тип_материала": "железобетон",
        "Площадь_квартиры": 57,
        "Количество_жителей": 401,
        "Наличие_лифта": false,
        "Наличие_охраны": true,
        "Наличие_парковки": true,
        "Расход_энергии_на_дом": 19225,
        "Наличие_спортивного_зала": false,
        "Расстояние_до_центра": 13,
        "Расстояние_до_метро": 4,
        "Расстояние_до_школы": 4
    },
    {
        "Название": "Российские сети",
        "Адрес": "клх Бомнак, алл. Гастелло, д. 50 к. 9/7, 094685",
        "Количество_этажей": 29,
        "Количество_квартир": 203,
        "Год_постройки": "1972",
        "Тип_материала": "кирпич",
        "Площадь_квартиры": 155,
        "Количество_жителей": 103,
        "Наличие_лифта": true,
        "Наличие_охраны": true,
        "Наличие_парковки": true,
        "Расход_энергии_на_дом": 34665,
        "Наличие_спортивного_зала": true,
        "Расстояние_до_центра": 16,
        "Расстояние_до_метро": 6,
        "Расстояние_до_школы": 3
    },
    {
        "Название": "ООО «Вишняков, Беляков и Капустина»",
        "Адрес": "д. Кетченеры, алл. Свердлова, д. 755, 511516",
        "Количество_этажей": 46,
        "Количество_квартир": 322,
        "Год_постройки": "1979",
        "Тип_материала": "железобетон",
        "Площадь_квартиры": 139,
        "Количество_жителей": 337,
        "Наличие_лифта": true,
        "Наличие_охраны": true,
        "Наличие_парковки": true,
        "Расход_энергии_на_дом": 38799,
        "Наличие_спортивного_зала": false,
        "Расстояние_до_центра": 19,
        "Расстояние_до_метро": 8,
        "Расстояние_до_школы": 5
    },
    {
        "Название": "ИП «Сергеева-Потапов»",
        "Адрес": "ст. Кош-Агач, пер. Ермака, д. 2, 752914",
        "Количество_этажей": 34,
        "Количество_квартир": 238,
        "Год_постройки": "2004",
        "Тип_материала": "кирпич",
        "Площадь_квартиры": 189,
        "Количество_жителей": 319,
        "Наличие_лифта": false,
        "Наличие_охраны": false,
        "Наличие_парковки": true,
        "Расход_энергии_на_дом": 12337,
        "Наличие_спортивного_зала": false,
        "Расстояние_до_центра": 2,
        "Расстояние_до_метро": 9,
        "Расстояние_до_школы": 3
    },
    {
        "Название": "Рогов Лтд",
        "Адрес": "г. Кизел, пер. Шаумяна, д. 873 стр. 400, 179882",
        "Количество_этажей": 40,
        "Количество_квартир": 280,
        "Год_постройки": "2023",
        "Тип_материала": "кирпич",
        "Площадь_квартиры": 142,
        "Количество_жителей": 257,
        "Наличие_лифта": true,
        "Наличие_охраны": true,
        "Наличие_парковки": false,
        "Расход_энергии_на_дом": 43236,
        "Наличие_спортивного_зала": false,
        "Расстояние_до_центра": 19,
        "Расстояние_до_метро": 3,
        "Расстояние_до_школы": 1
    },
    {
        "Название": "ЗАО «Тихонов Шестакова»",
        "Адрес": "клх Тихвин, наб. К.Маркса, д. 9 к. 3/7, 651779",
        "Количество_этажей": 41,
        "Количество_квартир": 287,
        "Год_постройки": "2020",
        "Тип_материала": "стекло",
        "Площадь_квартиры": 84,
        "Количество_жителей": 477,
        "Наличие_лифта": true,
        "Наличие_охраны": false,
        "Наличие_парковки": true,
        "Расход_энергии_на_дом": 10679,
        "Наличие_спортивного_зала": false,
        "Расстояние_до_центра": 8,
        "Расстояние_до_метро": 5,
        "Расстояние_до_школы": 4
    },
    {
        "Название": "ИП «Белова Голубев»",
        "Адрес": "клх Кировск (Ленин.), ш. Победа, д. 8, 083400",
        "Количество_этажей": 49,
        "Количество_квартир": 343,
        "Год_постройки": "2000",
        "Тип_материала": "железобетон",
        "Площадь_квартиры": 138,
        "Количество_жителей": 125,
        "Наличие_лифта": true,
        "Наличие_охраны": false,
        "Наличие_парковки": true,
        "Расход_энергии_на_дом": 35844,
        "Наличие_спортивного_зала": false,
        "Расстояние_до_центра": 12,
        "Расстояние_до_метро": 5,
        "Расстояние_до_школы": 4
    },
    {
        "Название": "ОАО «Дроздов Емельянова»",
        "Адрес": "г. Яшалта, пер. Солнечный, д. 5/5, 464221",
        "Количество_этажей": 41,
        "Количество_квартир": 287,
        "Год_постройки": "1986",
        "Тип_материала": "кирпич",
        "Площадь_квартиры": 63,
        "Количество_жителей": 101,
        "Наличие_лифта": true,
        "Наличие_охраны": true,
        "Наличие_парковки": true,
        "Расход_энергии_на_дом": 42294,
        "Наличие_спортивного_зала": false,
        "Расстояние_до_центра": 20,
        "Расстояние_до_метро": 6,
        "Расстояние_до_школы": 2
    },
    {
        "Название": "НПО «Назарова Герасимов»",
        "Адрес": "д. Шуя, пер. Родниковый, д. 2/4 к. 3, 922191",
        "Количество_этажей": 21,
        "Количество_квартир": 147,
        "Год_постройки": "2022",
        "Тип_материала": "стекло",
        "Площадь_квартиры": 50,
        "Количество_жителей": 337,
        "Наличие_лифта": true,
        "Наличие_охраны": true,
        "Наличие_парковки": false,
        "Расход_энергии_на_дом": 30076,
        "Наличие_спортивного_зала": false,
        "Расстояние_до_центра": 3,
        "Расстояние_до_метро": 6,
        "Расстояние_до_школы": 4
    },
    {
        "Название": "Петролеум Трейдинг",
        "Адрес": "с. Камышин, пр. Рыбацкий, д. 14, 072298",
        "Количество_этажей": 44,
        "Количество_квартир": 308,
        "Год_постройки": "2011",
        "Тип_материала": "стекло",
        "Площадь_квартиры": 70,
        "Количество_жителей": 249,
        "Наличие_лифта": false,
        "Наличие_охраны": true,
        "Наличие_парковки": true,
        "Расход_энергии_на_дом": 31440,
        "Наличие_спортивного_зала": false,
        "Расстояние_до_центра": 12,
        "Расстояние_до_метро": 6,
        "Расстояние_до_школы": 2
    }
]