[
    {
        "Название": "ОАО «Ковалев, Овчинникова и Пахомова»",
        "Адрес": "к. Люберцы, пер. Петровский, д. 762, 839918",
        "Количество_этажей": 23,
        "Количество_квартир": 161,
        "Год_постройки": "1987",
        "Тип_материала": "стекло",
        "Площадь_квартиры": 87,
        "Количество_жителей": 401,
        "Наличие_лифта": true,
        "Наличие_охраны": false,
        "Наличие_парковки": true,
        "Расход_энергии_на_дом": 32761,
        "Наличие_спортивного_зала": false,
        "Расстояние_до_центра": 11,
        "Расстояние_до_метро": 2,
        "Расстояние_до_школы": 3
    },
    {
        "Название": "РАО «Дроздов, Кудряшова и Зимин»",
        "Адрес": "ст. Орехово-Зуево, пр. Широкий, д. 15 к. 92, 235865",
        "Количество_этажей": 20,
        "Количество_квартир": 140,
        "Год_постройки": "2022",
        "Тип_материала": "железобетон",
        "Площадь_квартиры": 109,
        "Количество_жителей": 406,
        "Наличие_лифта": true,
        "Наличие_охраны": true,
        "Наличие_парковки": false,
        "Расход_энергии_на_дом": 28990,
        "Наличие_спортивного_зала": true,
        "Расстояние_до_центра": 19,
        "Расстояние_до_метро": 10,
        "Расстояние_до_школы": 3
    },
    {
        "Название": "Родионова Лтд",
        "Адрес": "д. Ижевск, пер. Нахимова, д. 2, 829477",
        "Количество_этажей": 28,
        "Количество_квартир": 196,
        "Год_постройки": "2013",
        "Тип_материала": "железобетон",
        "Площадь_квартиры": 179,
        "Количество_жителей": 181,
        "Наличие_лифта": true,
        "Наличие_охраны": false,
        "Наличие_парковки": true,
        "Расход_энергии_на_дом": 34427,
        "Наличие_спортивного_зала": false,
        "Расстояние_до_центра": 10,
        "Расстояние_до_метро": 7,
        "Расстояние_до_школы": 4
    },
    {
        "Название": "Гордеев Групп",
        "Адрес": "с. Киров (Вятка), пр. Физкультурный, д. 13, 063500",
        "Количество_этажей": 25,
        "Количество_квартир": 175,
        "Год_постройки": "1974",
        "Тип_материала": "кирпич",
        "Площадь_квартиры": 50,
        "Количество_жителей": 245,
        "Наличие_лифта": true,
        "Наличие_охраны": true,
        "Наличие_парковки": true,
        "Расход_энергии_на_дом": 15263,
        "Наличие_спортивного_зала": false,
        "Расстояние_до_центра": 11,
        "Расстояние_до_метро": 8,
        "Расстояние_до_школы": 3
    },
    {
        "Название": "ГК Невада (Самбери)",
        "Адрес": "д. Аша, ш. Линейное, д. 47, 272676",
        "Количество_этажей": 36,
        "Количество_квартир": 252,
        "Год_постройки": "2020",
        "Тип_материала": "железобетон",
        "Площадь_квартиры": 141,
        "Количество_жителей": 416,
        "Наличие_лифта": true,
        "Наличие_охраны": true,
        "Наличие_парковки": false,
        "Расход_энергии_на_дом": 44528,
        "Наличие_спортивного_зала": false,
        "Расстояние_до_центра": 14,
        "Расстояние_до_метро": 8,
        "Расстояние_до_школы": 2
    },
    {
        "Название": "Дроздова Лимитед",
        "Адрес": "г. Луховицы, алл. Олимпийская, д. 336 стр. 854, 171280",
        "Количество_этажей": 32,
        "Количество_квартир": 224,
        "Год_постройки": "2018",
        "Тип_материала": "стекло",
        "Площадь_квартиры": 153,
        "Количество_жителей": 283,
        "Наличие_лифта": true,
        "Наличие_охраны": false,
        "Наличие_парковки": true,
        "Расход_энергии_на_дом": 28995,
        "Наличие_спортивного_зала": false,
        "Расстояние_до_центра": 11,
        "Расстояние_до_метро": 3,
        "Расстояние_до_школы": 4
    },
    {
        "Название": "АО «Никитина, Зимина и Захаров»",
        "Адрес": "д. Мончегорск, наб. Фурманова, д. 4 к. 201, 353429",
        "Количество_этажей": 40,
        "Количество_квартир": 280,
        "Год_постройки": "2011",
        "Тип_материала": "стекло",
        "Площадь_квартиры": 136,
        "Количество_жителей": 233,
        "Наличие_лифта": true,
        "Наличие_охраны": false,
        "Наличие_парковки": false,
        "Расход_энергии_на_дом": 25995,
        "Наличие_спортивного_зала": false,
        "Расстояние_до_центра": 17,
        "Расстояние_до_метро": 3,
        "Расстояние_до_школы": 4
    },
    {
        "Название": "АО «Игнатова, Фокин и Филатов»",
        "Адрес": "к. Каменск-Шахтинский, алл. Енисейская, д. 7/1 к. 27, 303135",
        "Количество_этажей": 46,
        "Количество_квартир": 322,
        "Год_постройки": "1975",
        "Тип_материала": "стекло",
        "Площадь_квартиры": 142,
        "Количество_жителей": 78,
        "Наличие_лифта": true,
        "Наличие_охраны": true,
        "Наличие_парковки": false,
        "Расход_энергии_на_дом": 38517,
        "Наличие_спортивного_зала": false,
        "Расстояние_до_центра": 3,
        "Расстояние_до_метро": 1,
        "Расстояние_до_школы": 1
    },
    {
        "Название": "АО «Дроздова, Самойлова и Афанасьева»",
        "Адрес": "г. Санкт-Петербург, пер. Краснодарский, д. 2/5 стр. 9/5, 381731",
        "Количество_этажей": 45,
        "Количество_квартир": 315,
        "Год_постройки": "1977",
        "Тип_материала": "железобетон",
        "Площадь_квартиры": 149,
        "Количество_жителей": 431,
        "Наличие_лифта": true,
        "Наличие_охраны": false,
        "Наличие_парковки": false,
        "Расход_энергии_на_дом": 37178,
        "Наличие_спортивного_зала": false,
        "Расстояние_до_центра": 20,
        "Расстояние_до_метро": 2,
        "Расстояние_до_школы": 4
    },
    {
        "Название": "ООО «Казаков-Ершов»",
        "Адрес": "п. Дмитров, пр. Лунный, д. 43 стр. 93, 586288",
        "Количество_этажей": 47,
        "Количество_квартир": 329,
        "Год_постройки": "2005",
        "Тип_материала": "кирпич",
        "Площадь_квартиры": 196,
        "Количество_жителей": 338,
        "Наличие_лифта": true,
        "Наличие_охраны": true,
        "Наличие_парковки": true,
        "Расход_энергии_на_дом": 30859,
        "Наличие_спортивного_зала": false,
        "Расстояние_до_центра": 18,
        "Расстояние_до_метро": 10,
        "Расстояние_до_школы": 2
    },
    {
        "Название": "НПО «Мухин, Лаврентьева и Вишнякова»",
        "Адрес": "п. Колпашево, бул. Огородный, д. 9 стр. 642, 581355",
        "Количество_этажей": 26,
        "Количество_квартир": 182,
        "Год_постройки": "1992",
        "Тип_материала": "кирпич",
        "Площадь_квартиры": 50,
        "Количество_жителей": 421,
        "Наличие_лифта": true,
        "Наличие_охраны": true,
        "Наличие_парковки": true,
        "Расход_энергии_на_дом": 31879,
        "Наличие_спортивного_зала": true,
        "Расстояние_до_центра": 8,
        "Расстояние_до_метро": 1,
        "Расстояние_до_школы": 4
    },
    {
        "Название": "ЗАО «Ситников, Волкова и Филатов»",
        "Адрес": "г. Туапсе, алл. Космодемьянской, д. 4 к. 3/9, 751871",
        "Количество_этажей": 47,
        "Количество_квартир": 329,
        "Год_постройки": "1999",
        "Тип_материала": "железобетон",
        "Площадь_квартиры": 71,
        "Количество_жителей": 238,
        "Наличие_лифта": false,
        "Наличие_охраны": true,
        "Наличие_парковки": false,
        "Расход_энергии_на_дом": 19734,
        "Наличие_спортивного_зала": false,
        "Расстояние_до_центра": 2,
        "Расстояние_до_метро": 6,
        "Расстояние_до_школы": 4
    },
    {
        "Название": "Ачимгаз",
        "Адрес": "к. Нижнеудинск, бул. 9 мая, д. 7/1 к. 99, 919814",
        "Количество_этажей": 44,
        "Количество_квартир": 308,
        "Год_постройки": "1975",
        "Тип_материала": "кирпич",
        "Площадь_квартиры": 154,
        "Количество_жителей": 229,
        "Наличие_лифта": true,
        "Наличие_охраны": false,
        "Наличие_парковки": false,
        "Расход_энергии_на_дом": 47902,
        "Наличие_спортивного_зала": false,
        "Расстояние_до_центра": 16,
        "Расстояние_до_метро": 6,
        "Расстояние_до_школы": 4
    },
    {
        "Название": "Roust",
        "Адрес": "д. Белокуриха, пер. Городской, д. 6, 860422",
        "Количество_этажей": 41,
        "Количество_квартир": 287,
        "Год_постройки": "2015",
        "Тип_материала": "железобетон",
        "Площадь_квартиры": 198,
        "Количество_жителей": 386,
        "Наличие_лифта": true,
        "Наличие_охраны": true,
        "Наличие_парковки": true,
        "Расход_энергии_на_дом": 17636,
        "Наличие_спортивного_зала": false,
        "Расстояние_до_центра": 12,
        "Расстояние_до_метро": 2,
        "Расстояние_до_школы": 5
    },
    {
        "Название": "ООО «Фадеев»",
        "Адрес": "к. Новгород Великий, пр. Блюхера, д. 174, 787402",
        "Количество_этажей": 20,
        "Количество_квартир": 140,
        "Год_постройки": "1997",
        "Тип_материала": "стекло",
        "Площадь_квартиры": 57,
        "Количество_жителей": 235,
        "Наличие_лифта": true,
        "Наличие_охраны": true,
        "Наличие_парковки": true,
        "Расход_энергии_на_дом": 11932,
        "Наличие_спортивного_зала": false,
        "Расстояние_до_центра": 9,
        "Расстояние_до_метро": 9,
        "Расстояние_до_школы": 3
    }
]