[
    {
        "Название": "РАО «Киселев, Якушев и Зиновьев»",
        "Адрес": "с. Забайкальск, наб. Леонова, д. 626 к. 187, 966184",
        "Количество_этажей": 24,
        "Количество_квартир": 168,
        "Год_постройки": "2012",
        "Тип_материала": "железобетон",
        "Площадь_квартиры": 69,
        "Количество_жителей": 272,
        "Наличие_лифта": false,
        "Наличие_охраны": true,
        "Наличие_парковки": true,
        "Расход_энергии_на_дом": 41973,
        "Наличие_спортивного_зала": true,
        "Расстояние_до_центра": 14,
        "Расстояние_до_метро": 5,
        "Расстояние_до_школы": 2
    },
    {
        "Название": "АО «Герасимова»",
        "Адрес": "д. Ногинск (Моск.), ш. Сиреневое, д. 8 к. 329, 648856",
        "Количество_этажей": 43,
        "Количество_квартир": 301,
        "Год_постройки": "2007",
        "Тип_материала": "железобетон",
        "Площадь_квартиры": 80,
        "Количество_жителей": 414,
        "Наличие_лифта": true,
        "Наличие_охраны": true,
        "Наличие_парковки": false,
        "Расход_энергии_на_дом": 21768,
        "Наличие_спортивного_зала": true,
        "Расстояние_до_центра": 2,
        "Расстояние_до_метро": 6,
        "Расстояние_до_школы": 2
    },
    {
        "Название": "Яковлев Лтд",
        "Адрес": "ст. Муравленко, пр. Смоленский, д. 2/8 к. 4/6, 481741",
        "Количество_этажей": 41,
        "Количество_квартир": 287,
        "Год_постройки": "1972",
        "Тип_материала": "стекло",
        "Площадь_квартиры": 135,
        "Количество_жителей": 233,
        "Наличие_лифта": true,
        "Наличие_охраны": true,
        "Наличие_парковки": false,
        "Расход_энергии_на_дом": 10422,
        "Наличие_спортивного_зала": true,
        "Расстояние_до_центра": 5,
        "Расстояние_до_метро": 10,
        "Расстояние_до_школы": 4
    },
    {
        "Название": "РАО «Капустина Афанасьева»",
        "Адрес": "п. Бодайбо, бул. Интернациональный, д. 805 к. 5, 540184",
        "Количество_этажей": 29,
        "Количество_квартир": 203,
        "Год_постройки": "2023",
        "Тип_материала": "кирпич",
        "Площадь_квартиры": 138,
        "Количество_жителей": 430,
        "Наличие_лифта": false,
        "Наличие_охраны": false,
        "Наличие_парковки": false,
        "Расход_энергии_на_дом": 13337,
        "Наличие_спортивного_зала": true,
        "Расстояние_до_центра": 4,
        "Расстояние_до_метро": 1,
        "Расстояние_до_школы": 2
    },
    {
        "Название": "ООО «Дмитриева Григорьева»",
        "Адрес": "д. Талдом, пр. Каштановый, д. 4/8 стр. 3, 357650",
        "Количество_этажей": 45,
        "Количество_квартир": 315,
        "Год_постройки": "1978",
        "Тип_материала": "железобетон",
        "Площадь_квартиры": 186,
        "Количество_жителей": 77,
        "Наличие_лифта": true,
        "Наличие_охраны": true,
        "Наличие_парковки": true,
        "Расход_энергии_на_дом": 33997,
        "Наличие_спортивного_зала": false,
        "Расстояние_до_центра": 19,
        "Расстояние_до_метро": 6,
        "Расстояние_до_школы": 2
    },
    {
        "Название": "Емельянова и партнеры",
        "Адрес": "с. Новый Уренгой, наб. Полярная, д. 803, 095567",
        "Количество_этажей": 41,
        "Количество_квартир": 287,
        "Год_постройки": "1971",
        "Тип_материала": "железобетон",
        "Площадь_квартиры": 133,
        "Количество_жителей": 290,
        "Наличие_лифта": true,
        "Наличие_охраны": false,
        "Наличие_парковки": true,
        "Расход_энергии_на_дом": 35197,
        "Наличие_спортивного_зала": true,
        "Расстояние_до_центра": 17,
        "Расстояние_до_метро": 1,
        "Расстояние_до_школы": 2
    },
    {
        "Название": "АО «Карпов Игнатов»",
        "Адрес": "ст. Ковров, бул. Волочаевский, д. 86, 756425",
        "Количество_этажей": 40,
        "Количество_квартир": 280,
        "Год_постройки": "1975",
        "Тип_материала": "кирпич",
        "Площадь_квартиры": 117,
        "Количество_жителей": 381,
        "Наличие_лифта": true,
        "Наличие_охраны": true,
        "Наличие_парковки": true,
        "Расход_энергии_на_дом": 46505,
        "Наличие_спортивного_зала": false,
        "Расстояние_до_центра": 4,
        "Расстояние_до_метро": 3,
        "Расстояние_до_школы": 3
    },
    {
        "Название": "ООО «Юдина, Рогова и Маркова»",
        "Адрес": "с. Мезень, бул. Космонавтов, д. 2/1 к. 89, 757299",
        "Количество_этажей": 44,
        "Количество_квартир": 308,
        "Год_постройки": "1987",
        "Тип_материала": "кирпич",
        "Площадь_квартиры": 80,
        "Количество_жителей": 473,
        "Наличие_лифта": true,
        "Наличие_охраны": false,
        "Наличие_парковки": false,
        "Расход_энергии_на_дом": 30740,
        "Наличие_спортивного_зала": true,
        "Расстояние_до_центра": 13,
        "Расстояние_до_метро": 1,
        "Расстояние_до_школы": 4
    },
    {
        "Название": "РАО «Сазонова-Турова»",
        "Адрес": "к. Ямбург, алл. Веселая, д. 86, 885709",
        "Количество_этажей": 22,
        "Количество_квартир": 154,
        "Год_постройки": "2008",
        "Тип_материала": "стекло",
        "Площадь_квартиры": 167,
        "Количество_жителей": 208,
        "Наличие_лифта": false,
        "Наличие_охраны": true,
        "Наличие_парковки": true,
        "Расход_энергии_на_дом": 24673,
        "Наличие_спортивного_зала": true,
        "Расстояние_до_центра": 2,
        "Расстояние_до_метро": 10,
        "Расстояние_до_школы": 4
    },
    {
        "Название": "Артемьев Инк",
        "Адрес": "клх Диксон, наб. Российская, д. 5, 710553",
        "Количество_этажей": 27,
        "Количество_квартир": 189,
        "Год_постройки": "1993",
        "Тип_материала": "стекло",
        "Площадь_квартиры": 165,
        "Количество_жителей": 233,
        "Наличие_лифта": false,
        "Наличие_охраны": true,
        "Наличие_парковки": true,
        "Расход_энергии_на_дом": 22234,
        "Наличие_спортивного_зала": false,
        "Расстояние_до_центра": 2,
        "Расстояние_до_метро": 7,
        "Расстояние_до_школы": 3
    },
    {
        "Название": "ООО «Коновалова-Громов»",
        "Адрес": "п. Азов (Рост.), ш. Полевое, д. 1, 889974",
        "Количество_этажей": 28,
        "Количество_квартир": 196,
        "Год_постройки": "1978",
        "Тип_материала": "железобетон",
        "Площадь_квартиры": 138,
        "Количество_жителей": 147,
        "Наличие_лифта": true,
        "Наличие_охраны": true,
        "Наличие_парковки": true,
        "Расход_энергии_на_дом": 33907,
        "Наличие_спортивного_зала": false,
        "Расстояние_до_центра": 14,
        "Расстояние_до_метро": 5,
        "Расстояние_до_школы": 1
    },
    {
        "Название": "Дроздов Лтд",
        "Адрес": "д. Куртамыш, алл. 50 лет Победы, д. 9/6 стр. 222, 620846",
        "Количество_этажей": 35,
        "Количество_квартир": 245,
        "Год_постройки": "1989",
        "Тип_материала": "железобетон",
        "Площадь_квартиры": 97,
        "Количество_жителей": 447,
        "Наличие_лифта": false,
        "Наличие_охраны": true,
        "Наличие_парковки": true,
        "Расход_энергии_на_дом": 34804,
        "Наличие_спортивного_зала": false,
        "Расстояние_до_центра": 4,
        "Расстояние_до_метро": 4,
        "Расстояние_до_школы": 3
    },
    {
        "Название": "ВГТРК",
        "Адрес": "п. Галич, алл. Куйбышева, д. 38, 645709",
        "Количество_этажей": 20,
        "Количество_квартир": 140,
        "Год_постройки": "1996",
        "Тип_материала": "кирпич",
        "Площадь_квартиры": 95,
        "Количество_жителей": 162,
        "Наличие_лифта": true,
        "Наличие_охраны": false,
        "Наличие_парковки": true,
        "Расход_энергии_на_дом": 37790,
        "Наличие_спортивного_зала": true,
        "Расстояние_до_центра": 9,
        "Расстояние_до_метро": 7,
        "Расстояние_до_школы": 1
    },
    {
        "Название": "ОАО «Петров Алексеев»",
        "Адрес": "к. Теберда, алл. Театральная, д. 3/6 к. 5, 797423",
        "Количество_этажей": 26,
        "Количество_квартир": 182,
        "Год_постройки": "1983",
        "Тип_материала": "железобетон",
        "Площадь_квартиры": 72,
        "Количество_жителей": 472,
        "Наличие_лифта": true,
        "Наличие_охраны": true,
        "Наличие_парковки": true,
        "Расход_энергии_на_дом": 42532,
        "Наличие_спортивного_зала": false,
        "Расстояние_до_центра": 16,
        "Расстояние_до_метро": 9,
        "Расстояние_до_школы": 4
    },
    {
        "Название": "РАО «Попов-Котова»",
        "Адрес": "клх Рыльск, бул. 8-е Марта, д. 257 к. 6, 817422",
        "Количество_этажей": 38,
        "Количество_квартир": 266,
        "Год_постройки": "2020",
        "Тип_материала": "кирпич",
        "Площадь_квартиры": 159,
        "Количество_жителей": 171,
        "Наличие_лифта": false,
        "Наличие_охраны": true,
        "Наличие_парковки": true,
        "Расход_энергии_на_дом": 16745,
        "Наличие_спортивного_зала": false,
        "Расстояние_до_центра": 19,
        "Расстояние_до_метро": 4,
        "Расстояние_до_школы": 2
    }
]