[
    {
        "Название": "Щукина и партнеры",
        "Адрес": "п. Горно-Алтайск, ул. Рабочая, д. 4 к. 38, 264988",
        "Количество_этажей": 31,
        "Количество_квартир": 217,
        "Год_постройки": "2014",
        "Тип_материала": "кирпич",
        "Площадь_квартиры": 102,
        "Количество_жителей": 348,
        "Наличие_лифта": true,
        "Наличие_охраны": true,
        "Наличие_парковки": true,
        "Расход_энергии_на_дом": 39901,
        "Наличие_спортивного_зала": false,
        "Расстояние_до_центра": 15,
        "Расстояние_до_метро": 3,
        "Расстояние_до_школы": 2
    },
    {
        "Название": "ИП «Крылова-Орлов»",
        "Адрес": "к. Калязин, ш. Казачье, д. 4, 177483",
        "Количество_этажей": 39,
        "Количество_квартир": 273,
        "Год_постройки": "1976",
        "Тип_материала": "стекло",
        "Площадь_квартиры": 122,
        "Количество_жителей": 64,
        "Наличие_лифта": true,
        "Наличие_охраны": false,
        "Наличие_парковки": false,
        "Расход_энергии_на_дом": 10182,
        "Наличие_спортивного_зала": false,
        "Расстояние_до_центра": 19,
        "Расстояние_до_метро": 6,
        "Расстояние_до_школы": 1
    },
    {
        "Название": "ЗАО «Мухина Марков»",
        "Адрес": "д. Кемерово, пер. Щорса, д. 68 к. 2, 521197",
        "Количество_этажей": 23,
        "Количество_квартир": 161,
        "Год_постройки": "2005",
        "Тип_материала": "стекло",
        "Площадь_квартиры": 161,
        "Количество_жителей": 375,
        "Наличие_лифта": true,
        "Наличие_охраны": false,
        "Наличие_парковки": true,
        "Расход_энергии_на_дом": 20975,
        "Наличие_спортивного_зала": false,
        "Расстояние_до_центра": 1,
        "Расстояние_до_метро": 5,
        "Расстояние_до_школы": 2
    },
    {
        "Название": "ЗАО «Колобова»",
        "Адрес": "ст. Хасавюрт, ул. Надежды, д. 5/7 к. 1, 562839",
        "Количество_этажей": 35,
        "Количество_квартир": 245,
        "Год_постройки": "2023",
        "Тип_материала": "кирпич",
        "Площадь_квартиры": 163,
        "Количество_жителей": 204,
        "Наличие_лифта": false,
        "Наличие_охраны": false,
        "Наличие_парковки": false,
        "Расход_энергии_на_дом": 29384,
        "Наличие_спортивного_зала": false,
        "Расстояние_до_центра": 4,
        "Расстояние_до_метро": 7,
        "Расстояние_до_школы": 2
    },
    {
        "Название": "ИП «Третьяков, Григорьев и Шарапова»",
        "Адрес": "ст. Зеленоград, ул. Интернациональная, д. 613 к. 144, 502184",
        "Количество_этажей": 21,
        "Количество_квартир": 147,
        "Год_постройки": "1983",
        "Тип_материала": "стекло",
        "Площадь_квартиры": 91,
        "Количество_жителей": 83,
        "Наличие_лифта": true,
        "Наличие_охраны": true,
        "Наличие_парковки": false,
        "Расход_энергии_на_дом": 18395,
        "Наличие_спортивного_зала": false,
        "Расстояние_до_центра": 2,
        "Расстояние_до_метро": 6,
        "Расстояние_до_школы": 2
    },
    {
        "Название": "ОПХ (Heineken)",
        "Адрес": "п. Ступино, наб. Огородная, д. 286 стр. 753, 898622",
        "Количество_этажей": 48,
        "Количество_квартир": 336,
        "Год_постройки": "1974",
        "Тип_материала": "стекло",
        "Площадь_квартиры": 65,
        "Количество_жителей": 319,
        "Наличие_лифта": true,
        "Наличие_охраны": false,
        "Наличие_парковки": false,
        "Расход_энергии_на_дом": 34108,
        "Наличие_спортивного_зала": false,
        "Расстояние_до_центра": 3,
        "Расстояние_до_метро": 4,
        "Расстояние_до_школы": 5
    },
    {
        "Название": "ОАО «Мамонтова Мартынов»",
        "Адрес": "к. Кисловодск, бул. Подлесный, д. 6 к. 86, 195199",
        "Количество_этажей": 20,
        "Количество_квартир": 140,
        "Год_постройки": "2015",
        "Тип_материала": "железобетон",
        "Площадь_квартиры": 128,
        "Количество_жителей": 238,
        "Наличие_лифта": true,
        "Наличие_охраны": true,
        "Наличие_парковки": true,
        "Расход_энергии_на_дом": 19428,
        "Наличие_спортивного_зала": false,
        "Расстояние_до_центра": 2,
        "Расстояние_до_метро": 9,
        "Расстояние_до_школы": 3
    },
    {
        "Название": "Объединенная авиастроительная корпорация",
        "Адрес": "клх Анапа, бул. Логовой, д. 66, 974224",
        "Количество_этажей": 48,
        "Количество_квартир": 336,
        "Год_постройки": "2015",
        "Тип_материала": "кирпич",
        "Площадь_квартиры": 127,
        "Количество_жителей": 182,
        "Наличие_лифта": true,
        "Наличие_охраны": true,
        "Наличие_парковки": true,
        "Расход_энергии_на_дом": 15978,
        "Наличие_спортивного_зала": true,
        "Расстояние_до_центра": 10,
        "Расстояние_до_метро": 6,
        "Расстояние_до_школы": 2
    },
    {
        "Название": "АО «Некрасов, Савельев и Колесников»",
        "Адрес": "г. Игнашино, алл. Полевая, д. 8 стр. 8/7, 005158",
        "Количество_этажей": 45,
        "Количество_квартир": 315,
        "Год_постройки": "1998",
        "Тип_материала": "стекло",
        "Площадь_квартиры": 71,
        "Количество_жителей": 254,
        "Наличие_лифта": true,
        "Наличие_охраны": true,
        "Наличие_парковки": false,
        "Расход_энергии_на_дом": 17255,
        "Наличие_спортивного_зала": false,
        "Расстояние_до_центра": 10,
        "Расстояние_до_метро": 9,
        "Расстояние_до_школы": 3
    },
    {
        "Название": "Матвеева и партнеры",
        "Адрес": "к. Шарья, наб. Баумана, д. 3/9 стр. 63, 936829",
        "Количество_этажей": 37,
        "Количество_квартир": 259,
        "Год_постройки": "2006",
        "Тип_материала": "железобетон",
        "Площадь_квартиры": 124,
        "Количество_жителей": 133,
        "Наличие_лифта": true,
        "Наличие_охраны": true,
        "Наличие_парковки": false,
        "Расход_энергии_на_дом": 19019,
        "Наличие_спортивного_зала": true,
        "Расстояние_до_центра": 16,
        "Расстояние_до_метро": 8,
        "Расстояние_до_школы": 2
    },
    {
        "Название": "ВЭБ.РФ",
        "Адрес": "к. Новый Уренгой, наб. Северная, д. 67, 120674",
        "Количество_этажей": 22,
        "Количество_квартир": 154,
        "Год_постройки": "2004",
        "Тип_материала": "кирпич",
        "Площадь_квартиры": 134,
        "Количество_жителей": 454,
        "Наличие_лифта": true,
        "Наличие_охраны": true,
        "Наличие_парковки": false,
        "Расход_энергии_на_дом": 49752,
        "Наличие_спортивного_зала": false,
        "Расстояние_до_центра": 16,
        "Расстояние_до_метро": 6,
        "Расстояние_до_школы": 3
    },
    {
        "Название": "НПО «Некрасова, Третьякова и Константинов»",
        "Адрес": "п. Москва, МГУ, пер. Матросова, д. 60 стр. 85, 548397",
        "Количество_этажей": 21,
        "Количество_квартир": 147,
        "Год_постройки": "1970",
        "Тип_материала": "железобетон",
        "Площадь_квартиры": 84,
        "Количество_жителей": 348,
        "Наличие_лифта": true,
        "Наличие_охраны": true,
        "Наличие_парковки": false,
        "Расход_энергии_на_дом": 22149,
        "Наличие_спортивного_зала": false,
        "Расстояние_до_центра": 14,
        "Расстояние_до_метро": 5,
        "Расстояние_до_школы": 1
    },
    {
        "Название": "ООО «Князева, Евдокимова и Капустина»",
        "Адрес": "п. Саянск, ш. 60 лет Октября, д. 76, 555112",
        "Количество_этажей": 21,
        "Количество_квартир": 147,
        "Год_постройки": "1973",
        "Тип_материала": "кирпич",
        "Площадь_квартиры": 131,
        "Количество_жителей": 400,
        "Наличие_лифта": true,
        "Наличие_охраны": true,
        "Наличие_парковки": false,
        "Расход_энергии_на_дом": 49215,
        "Наличие_спортивного_зала": true,
        "Расстояние_до_центра": 6,
        "Расстояние_до_метро": 5,
        "Расстояние_до_школы": 3
    },
    {
        "Название": "АО «Анисимов Михеева»",
        "Адрес": "к. Курган, наб. Маяковского, д. 59, 203346",
        "Количество_этажей": 28,
        "Количество_квартир": 196,
        "Год_постройки": "1988",
        "Тип_материала": "стекло",
        "Площадь_квартиры": 195,
        "Количество_жителей": 231,
        "Наличие_лифта": true,
        "Наличие_охраны": true,
        "Наличие_парковки": false,
        "Расход_энергии_на_дом": 15591,
        "Наличие_спортивного_зала": true,
        "Расстояние_до_центра": 9,
        "Расстояние_до_метро": 4,
        "Расстояние_до_школы": 1
    },
    {
        "Название": "ОАО «Цветков»",
        "Адрес": "клх Шелехов, ул. Абрикосовая, д. 27, 026946",
        "Количество_этажей": 32,
        "Количество_квартир": 224,
        "Год_постройки": "2007",
        "Тип_материала": "кирпич",
        "Площадь_квартиры": 158,
        "Количество_жителей": 470,
        "Наличие_лифта": true,
        "Наличие_охраны": true,
        "Наличие_парковки": true,
        "Расход_энергии_на_дом": 21851,
        "Наличие_спортивного_зала": false,
        "Расстояние_до_центра": 18,
        "Расстояние_до_метро": 4,
        "Расстояние_до_школы": 5
    }
]