[
    {
        "Название": "АО «Харитонов Исаков»",
        "Адрес": "ст. Кировск (Мурм.), пер. Краснопартизанский, д. 79 к. 11, 355277",
        "Количество_этажей": 45,
        "Количество_квартир": 315,
        "Год_постройки": "2006",
        "Тип_материала": "стекло",
        "Площадь_квартиры": 178,
        "Количество_жителей": 169,
        "Наличие_лифта": true,
        "Наличие_охраны": true,
        "Наличие_парковки": false,
        "Расход_энергии_на_дом": 15460,
        "Наличие_спортивного_зала": false,
        "Расстояние_до_центра": 10,
        "Расстояние_до_метро": 4,
        "Расстояние_до_школы": 3
    },
    {
        "Название": "Велесстрой",
        "Адрес": "с. Меренга, пр. Лермонтова, д. 605, 803848",
        "Количество_этажей": 27,
        "Количество_квартир": 189,
        "Год_постройки": "1978",
        "Тип_материала": "железобетон",
        "Площадь_квартиры": 104,
        "Количество_жителей": 482,
        "Наличие_лифта": true,
        "Наличие_охраны": true,
        "Наличие_парковки": false,
        "Расход_энергии_на_дом": 40237,
        "Наличие_спортивного_зала": true,
        "Расстояние_до_центра": 3,
        "Расстояние_до_метро": 4,
        "Расстояние_до_школы": 4
    },
    {
        "Название": "ООО «Семенов-Крюкова»",
        "Адрес": "ст. Октябрьское (Челяб.), наб. Чехова, д. 3/6 к. 8, 346677",
        "Количество_этажей": 23,
        "Количество_квартир": 161,
        "Год_постройки": "1980",
        "Тип_материала": "кирпич",
        "Площадь_квартиры": 174,
        "Количество_жителей": 334,
        "Наличие_лифта": true,
        "Наличие_охраны": true,
        "Наличие_парковки": false,
        "Расход_энергии_на_дом": 18062,
        "Наличие_спортивного_зала": false,
        "Расстояние_до_центра": 6,
        "Расстояние_до_метро": 4,
        "Расстояние_до_школы": 4
    },
    {
        "Название": "РКЦ Прогресс",
        "Адрес": "с. Кемерово, ш. Центральное, д. 360 к. 656, 381093",
        "Количество_этажей": 36,
        "Количество_квартир": 252,
        "Год_постройки": "1972",
        "Тип_материала": "железобетон",
        "Площадь_квартиры": 156,
        "Количество_жителей": 366,
        "Наличие_лифта": true,
        "Наличие_охраны": true,
        "Наличие_парковки": true,
        "Расход_энергии_на_дом": 21858,
        "Наличие_спортивного_зала": false,
        "Расстояние_до_центра": 6,
        "Расстояние_до_метро": 2,
        "Расстояние_до_школы": 2
    },
    {
        "Название": "Тетерина Лтд",
        "Адрес": "ст. Северо-Курильск, бул. Тепличный, д. 773 к. 75, 738621",
        "Количество_этажей": 46,
        "Количество_квартир": 322,
        "Год_постройки": "1991",
        "Тип_материала": "кирпич",
        "Площадь_квартиры": 195,
        "Количество_жителей": 394,
        "Наличие_лифта": false,
        "Наличие_охраны": false,
        "Наличие_парковки": true,
        "Расход_энергии_на_дом": 20198,
        "Наличие_спортивного_зала": false,
        "Расстояние_до_центра": 4,
        "Расстояние_до_метро": 4,
        "Расстояние_до_школы": 4
    },
    {
        "Название": "ЗАО «Капустин, Никонова и Ильин»",
        "Адрес": "клх Арсеньев, ул. Краснофлотская, д. 911 к. 925, 525836",
        "Количество_этажей": 45,
        "Количество_квартир": 315,
        "Год_постройки": "2002",
        "Тип_материала": "стекло",
        "Площадь_квартиры": 73,
        "Количество_жителей": 60,
        "Наличие_лифта": true,
        "Наличие_охраны": true,
        "Наличие_парковки": false,
        "Расход_энергии_на_дом": 36923,
        "Наличие_спортивного_зала": false,
        "Расстояние_до_центра": 19,
        "Расстояние_до_метро": 4,
        "Расстояние_до_школы": 4
    },
    {
        "Название": "НПО «Силина»",
        "Адрес": "д. Дагомыс, пер. Шишкина, д. 40 стр. 31, 881515",
        "Количество_этажей": 40,
        "Количество_квартир": 280,
        "Год_постройки": "1972",
        "Тип_материала": "стекло",
        "Площадь_квартиры": 124,
        "Количество_жителей": 279,
        "Наличие_лифта": true,
        "Наличие_охраны": false,
        "Наличие_парковки": false,
        "Расход_энергии_на_дом": 25020,
        "Наличие_спортивного_зала": true,
        "Расстояние_до_центра": 16,
        "Расстояние_до_метро": 4,
        "Расстояние_до_школы": 3
    },
    {
        "Название": "РАО «Степанов»",
        "Адрес": "к. Смоленск, алл. Красная, д. 53 к. 6, 950547",
        "Количество_этажей": 48,
        "Количество_квартир": 336,
        "Год_постройки": "2002",
        "Тип_материала": "железобетон",
        "Площадь_квартиры": 159,
        "Количество_жителей": 315,
        "Наличие_лифта": true,
        "Наличие_охраны": true,
        "Наличие_парковки": false,
        "Расход_энергии_на_дом": 29686,
        "Наличие_спортивного_зала": false,
        "Расстояние_до_центра": 15,
        "Расстояние_до_метро": 6,
        "Расстояние_до_школы": 1
    },
    {
        "Название": "Петров Лимитед",
        "Адрес": "ст. Оха, наб. Пригородная, д. 30 к. 1, 056349",
        "Количество_этажей": 38,
        "Количество_квартир": 266,
        "Год_постройки": "1998",
        "Тип_материала": "железобетон",
        "Площадь_квартиры": 106,
        "Количество_жителей": 166,
        "Наличие_лифта": true,
        "Наличие_охраны": true,
        "Наличие_парковки": false,
        "Расход_энергии_на_дом": 21557,
        "Наличие_спортивного_зала": false,
        "Расстояние_до_центра": 4,
        "Расстояние_до_метро": 9,
        "Расстояние_до_школы": 1
    },
    {
        "Название": "ЗАО «Виноградова Горбунов»",
        "Адрес": "клх Белгород, пр. Почтовый, д. 3/1 к. 7, 772669",
        "Количество_этажей": 27,
        "Количество_квартир": 189,
        "Год_постройки": "2006",
        "Тип_материала": "железобетон",
        "Площадь_квартиры": 52,
        "Количество_жителей": 276,
        "Наличие_лифта": true,
        "Наличие_охраны": true,
        "Наличие_парковки": true,
        "Расход_энергии_на_дом": 35905,
        "Наличие_спортивного_зала": true,
        "Расстояние_до_центра": 16,
        "Расстояние_до_метро": 10,
        "Расстояние_до_школы": 4
    },
    {
        "Название": "ООО «Беляев, Кузьмина и Князева»",
        "Адрес": "д. Качканар, пер. Энтузиастов, д. 4 стр. 617, 290335",
        "Количество_этажей": 33,
        "Количество_квартир": 231,
        "Год_постройки": "1975",
        "Тип_материала": "железобетон",
        "Площадь_квартиры": 159,
        "Количество_жителей": 485,
        "Наличие_лифта": true,
        "Наличие_охраны": false,
        "Наличие_парковки": true,
        "Расход_энергии_на_дом": 42904,
        "Наличие_спортивного_зала": false,
        "Расстояние_до_центра": 9,
        "Расстояние_до_метро": 10,
        "Расстояние_до_школы": 1
    },
    {
        "Название": "ЗАО «Хохлов, Никитина и Сорокин»",
        "Адрес": "г. Диксон, бул. Кооперативный, д. 4/3 стр. 812, 203898",
        "Количество_этажей": 21,
        "Количество_квартир": 147,
        "Год_постройки": "1999",
        "Тип_материала": "кирпич",
        "Площадь_квартиры": 147,
        "Количество_жителей": 331,
        "Наличие_лифта": false,
        "Наличие_охраны": true,
        "Наличие_парковки": false,
        "Расход_энергии_на_дом": 48509,
        "Наличие_спортивного_зала": false,
        "Расстояние_до_центра": 15,
        "Расстояние_до_метро": 5,
        "Расстояние_до_школы": 1
    },
    {
        "Название": "ИП «Рожков-Аксенова»",
        "Адрес": "к. Кулу, бул. Мелиораторов, д. 323, 751894",
        "Количество_этажей": 33,
        "Количество_квартир": 231,
        "Год_постройки": "1973",
        "Тип_материала": "кирпич",
        "Площадь_квартиры": 118,
        "Количество_жителей": 200,
        "Наличие_лифта": true,
        "Наличие_охраны": false,
        "Наличие_парковки": false,
        "Расход_энергии_на_дом": 44365,
        "Наличие_спортивного_зала": false,
        "Расстояние_до_центра": 3,
        "Расстояние_до_метро": 10,
        "Расстояние_до_школы": 5
    },
    {
        "Название": "Суворова Групп",
        "Адрес": "ст. Нязепетровск, пр. Калужский, д. 108 к. 64, 415091",
        "Количество_этажей": 22,
        "Количество_квартир": 154,
        "Год_постройки": "2003",
        "Тип_материала": "стекло",
        "Площадь_квартиры": 139,
        "Количество_жителей": 372,
        "Наличие_лифта": true,
        "Наличие_охраны": true,
        "Наличие_парковки": false,
        "Расход_энергии_на_дом": 13498,
        "Наличие_спортивного_зала": true,
        "Расстояние_до_центра": 14,
        "Расстояние_до_метро": 6,
        "Расстояние_до_школы": 4
    },
    {
        "Название": "РАО «Рыбаков-Молчанов»",
        "Адрес": "клх Курск, алл. Космическая, д. 851 к. 9/1, 590510",
        "Количество_этажей": 37,
        "Количество_квартир": 259,
        "Год_постройки": "1993",
        "Тип_материала": "железобетон",
        "Площадь_квартиры": 161,
        "Количество_жителей": 466,
        "Наличие_лифта": true,
        "Наличие_охраны": false,
        "Наличие_парковки": false,
        "Расход_энергии_на_дом": 15844,
        "Наличие_спортивного_зала": true,
        "Расстояние_до_центра": 1,
        "Расстояние_до_метро": 6,
        "Расстояние_до_школы": 1
    }
]