[
    {
        "Название": "РАО «Самсонова»",
        "Адрес": "п. Новый Оскол, ул. Розы Люксембург, д. 914 к. 120, 230099",
        "Количество_этажей": 27,
        "Количество_квартир": 189,
        "Год_постройки": "2013",
        "Тип_материала": "кирпич",
        "Площадь_квартиры": 155,
        "Количество_жителей": 204,
        "Наличие_лифта": false,
        "Наличие_охраны": true,
        "Наличие_парковки": false,
        "Расход_энергии_на_дом": 18277,
        "Наличие_спортивного_зала": true,
        "Расстояние_до_центра": 9,
        "Расстояние_до_метро": 7,
        "Расстояние_до_школы": 2
    },
    {
        "Название": "ООО «Федотов-Родионова»",
        "Адрес": "г. Гаврилов-Ям, пер. Кочубея, д. 9 к. 70, 187280",
        "Количество_этажей": 40,
        "Количество_квартир": 280,
        "Год_постройки": "1997",
        "Тип_материала": "железобетон",
        "Площадь_квартиры": 96,
        "Количество_жителей": 141,
        "Наличие_лифта": true,
        "Наличие_охраны": false,
        "Наличие_парковки": true,
        "Расход_энергии_на_дом": 17315,
        "Наличие_спортивного_зала": false,
        "Расстояние_до_центра": 1,
        "Расстояние_до_метро": 8,
        "Расстояние_до_школы": 5
    },
    {
        "Название": "Монетка",
        "Адрес": "п. Калязин, ш. Авиационное, д. 924, 540097",
        "Количество_этажей": 44,
        "Количество_квартир": 308,
        "Год_постройки": "1972",
        "Тип_материала": "железобетон",
        "Площадь_квартиры": 191,
        "Количество_жителей": 147,
        "Наличие_лифта": true,
        "Наличие_охраны": false,
        "Наличие_парковки": false,
        "Расход_энергии_на_дом": 25535,
        "Наличие_спортивного_зала": false,
        "Расстояние_до_центра": 18,
        "Расстояние_до_метро": 1,
        "Расстояние_до_школы": 4
    },
    {
        "Название": "ИП «Самсонов-Захарова»",
        "Адрес": "д. Нарткала, алл. Крупской, д. 7/7, 126245",
        "Количество_этажей": 33,
        "Количество_квартир": 231,
        "Год_постройки": "1986",
        "Тип_материала": "кирпич",
        "Площадь_квартиры": 89,
        "Количество_жителей": 472,
        "Наличие_лифта": true,
        "Наличие_охраны": true,
        "Наличие_парковки": false,
        "Расход_энергии_на_дом": 37193,
        "Наличие_спортивного_зала": true,
        "Расстояние_до_центра": 1,
        "Расстояние_до_метро": 1,
        "Расстояние_до_школы": 3
    },
    {
        "Название": "РАО «Калинина, Марков и Якушев»",
        "Адрес": "клх Нижний Тагил, ш. Черняховского, д. 5 к. 62, 366308",
        "Количество_этажей": 48,
        "Количество_квартир": 336,
        "Год_постройки": "2005",
        "Тип_материала": "железобетон",
        "Площадь_квартиры": 106,
        "Количество_жителей": 471,
        "Наличие_лифта": true,
        "Наличие_охраны": true,
        "Наличие_парковки": false,
        "Расход_энергии_на_дом": 33149,
        "Наличие_спортивного_зала": false,
        "Расстояние_до_центра": 5,
        "Расстояние_до_метро": 3,
        "Расстояние_до_школы": 5
    },
    {
        "Название": "Самойлова Групп",
        "Адрес": "г. Невинномысск, бул. Амурский, д. 3/3 к. 5, 236093",
        "Количество_этажей": 47,
        "Количество_квартир": 329,
        "Год_постройки": "1988",
        "Тип_материала": "железобетон",
        "Площадь_квартиры": 105,
        "Количество_жителей": 284,
        "Наличие_лифта": true,
        "Наличие_охраны": true,
        "Наличие_парковки": true,
        "Расход_энергии_на_дом": 12911,
        "Наличие_спортивного_зала": false,
        "Расстояние_до_центра": 15,
        "Расстояние_до_метро": 2,
        "Расстояние_до_школы": 1
    },
    {
        "Название": "Кудрявцев Лтд",
        "Адрес": "ст. Серов, пр. Урицкого, д. 288, 018262",
        "Количество_этажей": 30,
        "Количество_квартир": 210,
        "Год_постройки": "1971",
        "Тип_материала": "железобетон",
        "Площадь_квартиры": 108,
        "Количество_жителей": 175,
        "Наличие_лифта": true,
        "Наличие_охраны": true,
        "Наличие_парковки": true,
        "Расход_энергии_на_дом": 29187,
        "Наличие_спортивного_зала": false,
        "Расстояние_до_центра": 13,
        "Расстояние_до_метро": 5,
        "Расстояние_до_школы": 3
    },
    {
        "Название": "ИП «Третьяков, Суворова и Мухина»",
        "Адрес": "п. Кудымкар, пер. Республиканский, д. 337, 180187",
        "Количество_этажей": 48,
        "Количество_квартир": 336,
        "Год_постройки": "2016",
        "Тип_материала": "стекло",
        "Площадь_квартиры": 158,
        "Количество_жителей": 199,
        "Наличие_лифта": false,
        "Наличие_охраны": true,
        "Наличие_парковки": false,
        "Расход_энергии_на_дом": 46630,
        "Наличие_спортивного_зала": true,
        "Расстояние_до_центра": 18,
        "Расстояние_до_метро": 1,
        "Расстояние_до_школы": 1
    },
    {
        "Название": "Зимина Инк",
        "Адрес": "к. Богучар, бул. Угловой, д. 8/7 стр. 9, 279008",
        "Количество_этажей": 30,
        "Количество_квартир": 210,
        "Год_постройки": "2001",
        "Тип_материала": "стекло",
        "Площадь_квартиры": 173,
        "Количество_жителей": 441,
        "Наличие_лифта": true,
        "Наличие_охраны": true,
        "Наличие_парковки": true,
        "Расход_энергии_на_дом": 48390,
        "Наличие_спортивного_зала": false,
        "Расстояние_до_центра": 10,
        "Расстояние_до_метро": 3,
        "Расстояние_до_школы": 4
    },
    {
        "Название": "Media Direction Group",
        "Адрес": "г. Оса, пр. Омский, д. 936, 892272",
        "Количество_этажей": 22,
        "Количество_квартир": 154,
        "Год_постройки": "1974",
        "Тип_материала": "кирпич",
        "Площадь_квартиры": 64,
        "Количество_жителей": 292,
        "Наличие_лифта": true,
        "Наличие_охраны": true,
        "Наличие_парковки": false,
        "Расход_энергии_на_дом": 26622,
        "Наличие_спортивного_зала": false,
        "Расстояние_до_центра": 2,
        "Расстояние_до_метро": 4,
        "Расстояние_до_школы": 1
    },
    {
        "Название": "Владимирова Лимитед",
        "Адрес": "д. Канск, ул. Р.Люксембург, д. 299 к. 18, 940194",
        "Количество_этажей": 28,
        "Количество_квартир": 196,
        "Год_постройки": "2021",
        "Тип_материала": "железобетон",
        "Площадь_квартиры": 135,
        "Количество_жителей": 442,
        "Наличие_лифта": true,
        "Наличие_охраны": false,
        "Наличие_парковки": true,
        "Расход_энергии_на_дом": 14749,
        "Наличие_спортивного_зала": false,
        "Расстояние_до_центра": 13,
        "Расстояние_до_метро": 2,
        "Расстояние_до_школы": 4
    },
    {
        "Название": "ЗАО «Рогов, Евсеева и Титова»",
        "Адрес": "ст. Пятигорск, бул. ДОС, д. 38, 368159",
        "Количество_этажей": 30,
        "Количество_квартир": 210,
        "Год_постройки": "2019",
        "Тип_материала": "кирпич",
        "Площадь_квартиры": 152,
        "Количество_жителей": 157,
        "Наличие_лифта": true,
        "Наличие_охраны": true,
        "Наличие_парковки": false,
        "Расход_энергии_на_дом": 39534,
        "Наличие_спортивного_зала": false,
        "Расстояние_до_центра": 2,
        "Расстояние_до_метро": 3,
        "Расстояние_до_школы": 3
    },
    {
        "Название": "Сафонов Инкорпорэйтед",
        "Адрес": "г. Лабытнанги, бул. Дальний, д. 45 стр. 1, 590225",
        "Количество_этажей": 24,
        "Количество_квартир": 168,
        "Год_постройки": "1972",
        "Тип_материала": "железобетон",
        "Площадь_квартиры": 102,
        "Количество_жителей": 226,
        "Наличие_лифта": true,
        "Наличие_охраны": true,
        "Наличие_парковки": true,
        "Расход_энергии_на_дом": 13834,
        "Наличие_спортивного_зала": false,
        "Расстояние_до_центра": 19,
        "Расстояние_до_метро": 2,
        "Расстояние_до_школы": 4
    },
    {
        "Название": "ОАО «Белоусов»",
        "Адрес": "п. Пинега, ш. Гаражное, д. 7 к. 71, 832923",
        "Количество_этажей": 26,
        "Количество_квартир": 182,
        "Год_постройки": "1992",
        "Тип_материала": "кирпич",
        "Площадь_квартиры": 192,
        "Количество_жителей": 489,
        "Наличие_лифта": true,
        "Наличие_охраны": true,
        "Наличие_парковки": true,
        "Расход_энергии_на_дом": 35024,
        "Наличие_спортивного_зала": false,
        "Расстояние_до_центра": 1,
        "Расстояние_до_метро": 1,
        "Расстояние_до_школы": 2
    },
    {
        "Название": "Солид-товарные рынки",
        "Адрес": "д. Новый Оскол, алл. Серафимовича, д. 3/7 к. 406, 139426",
        "Количество_этажей": 29,
        "Количество_квартир": 203,
        "Год_постройки": "1999",
        "Тип_материала": "стекло",
        "Площадь_квартиры": 74,
        "Количество_жителей": 113,
        "Наличие_лифта": true,
        "Наличие_охраны": false,
        "Наличие_парковки": true,
        "Расход_энергии_на_дом": 28118,
        "Наличие_спортивного_зала": true,
        "Расстояние_до_центра": 17,
        "Расстояние_до_метро": 2,
        "Расстояние_до_школы": 1
    }
]