[
    {
        "Название": "НПО «Ильин-Васильева»",
        "Адрес": "д. Всеволожск, ул. Станционная, д. 5/4 стр. 2, 640713",
        "Количество_этажей": 27,
        "Количество_квартир": 189,
        "Год_постройки": "2019",
        "Тип_материала": "железобетон",
        "Площадь_квартиры": 73,
        "Количество_жителей": 256,
        "Наличие_лифта": false,
        "Наличие_охраны": true,
        "Наличие_парковки": true,
        "Расход_энергии_на_дом": 37343,
        "Наличие_спортивного_зала": true,
        "Расстояние_до_центра": 10,
        "Расстояние_до_метро": 5,
        "Расстояние_до_школы": 2
    },
    {
        "Название": "ИП «Кононова»",
        "Адрес": "ст. Лабинск, пр. Тепличный, д. 3/5, 133088",
        "Количество_этажей": 36,
        "Количество_квартир": 252,
        "Год_постройки": "2014",
        "Тип_материала": "стекло",
        "Площадь_квартиры": 143,
        "Количество_жителей": 220,
        "Наличие_лифта": true,
        "Наличие_охраны": true,
        "Наличие_парковки": false,
        "Расход_энергии_на_дом": 47336,
        "Наличие_спортивного_зала": false,
        "Расстояние_до_центра": 5,
        "Расстояние_до_метро": 6,
        "Расстояние_до_школы": 2
    },
    {
        "Название": "ООО «Кондратьев»",
        "Адрес": "к. Нарьян-Мар, ул. Черемуховая, д. 3 стр. 91, 103890",
        "Количество_этажей": 34,
        "Количество_квартир": 238,
        "Год_постройки": "1990",
        "Тип_материала": "железобетон",
        "Площадь_квартиры": 92,
        "Количество_жителей": 366,
        "Наличие_лифта": false,
        "Наличие_охраны": true,
        "Наличие_парковки": false,
        "Расход_энергии_на_дом": 23667,
        "Наличие_спортивного_зала": false,
        "Расстояние_до_центра": 8,
        "Расстояние_до_метро": 8,
        "Расстояние_до_школы": 5
    },
    {
        "Название": "ОАО «Турова-Назаров»",
        "Адрес": "клх Шерегеш, ш. 8-е Марта, д. 1/1 к. 4, 372715",
        "Количество_этажей": 37,
        "Количество_квартир": 259,
        "Год_постройки": "2019",
        "Тип_материала": "кирпич",
        "Площадь_квартиры": 77,
        "Количество_жителей": 456,
        "Наличие_лифта": true,
        "Наличие_охраны": true,
        "Наличие_парковки": true,
        "Расход_энергии_на_дом": 18666,
        "Наличие_спортивного_зала": true,
        "Расстояние_до_центра": 15,
        "Расстояние_до_метро": 2,
        "Расстояние_до_школы": 2
    },
    {
        "Название": "РАО «Баранов»",
        "Адрес": "клх Щельяюр, ш. Раздольное, д. 99, 472083",
        "Количество_этажей": 47,
        "Количество_квартир": 329,
        "Год_постройки": "1975",
        "Тип_материала": "стекло",
        "Площадь_квартиры": 194,
        "Количество_жителей": 73,
        "Наличие_лифта": true,
        "Наличие_охраны": true,
        "Наличие_парковки": false,
        "Расход_энергии_на_дом": 24296,
        "Наличие_спортивного_зала": false,
        "Расстояние_до_центра": 7,
        "Расстояние_до_метро": 6,
        "Расстояние_до_школы": 2
    },
    {
        "Название": "ОАО «Соловьева»",
        "Адрес": "клх Урай, алл. Коллективная, д. 77 стр. 988, 692125",
        "Количество_этажей": 36,
        "Количество_квартир": 252,
        "Год_постройки": "1984",
        "Тип_материала": "железобетон",
        "Площадь_квартиры": 134,
        "Количество_жителей": 161,
        "Наличие_лифта": true,
        "Наличие_охраны": true,
        "Наличие_парковки": false,
        "Расход_энергии_на_дом": 42451,
        "Наличие_спортивного_зала": false,
        "Расстояние_до_центра": 11,
        "Расстояние_до_метро": 10,
        "Расстояние_до_школы": 5
    },
    {
        "Название": "Стройгазмонтаж",
        "Адрес": "к. Старая Русса, алл. Полтавская, д. 9/2, 624726",
        "Количество_этажей": 45,
        "Количество_квартир": 315,
        "Год_постройки": "1994",
        "Тип_материала": "кирпич",
        "Площадь_квартиры": 58,
        "Количество_жителей": 146,
        "Наличие_лифта": true,
        "Наличие_охраны": true,
        "Наличие_парковки": true,
        "Расход_энергии_на_дом": 20498,
        "Наличие_спортивного_зала": false,
        "Расстояние_до_центра": 6,
        "Расстояние_до_метро": 1,
        "Расстояние_до_школы": 4
    },
    {
        "Название": "Сергеева и партнеры",
        "Адрес": "с. Валаам, наб. Флотская, д. 575 к. 6, 533061",
        "Количество_этажей": 34,
        "Количество_квартир": 238,
        "Год_постройки": "1989",
        "Тип_материала": "железобетон",
        "Площадь_квартиры": 200,
        "Количество_жителей": 471,
        "Наличие_лифта": true,
        "Наличие_охраны": false,
        "Наличие_парковки": true,
        "Расход_энергии_на_дом": 11786,
        "Наличие_спортивного_зала": false,
        "Расстояние_до_центра": 6,
        "Расстояние_до_метро": 2,
        "Расстояние_до_школы": 2
    },
    {
        "Название": "Группа РТК",
        "Адрес": "г. Гаврилов-Ям, алл. Герцена, д. 6/6 к. 293, 081557",
        "Количество_этажей": 40,
        "Количество_квартир": 280,
        "Год_постройки": "2001",
        "Тип_материала": "стекло",
        "Площадь_квартиры": 100,
        "Количество_жителей": 105,
        "Наличие_лифта": false,
        "Наличие_охраны": true,
        "Наличие_парковки": false,
        "Расход_энергии_на_дом": 32840,
        "Наличие_спортивного_зала": false,
        "Расстояние_до_центра": 11,
        "Расстояние_до_метро": 8,
        "Расстояние_до_школы": 5
    },
    {
        "Название": "Горшкова Групп",
        "Адрес": "п. Шали, пр. Белорусский, д. 48 к. 436, 953830",
        "Количество_этажей": 44,
        "Количество_квартир": 308,
        "Год_постройки": "1976",
        "Тип_материала": "кирпич",
        "Площадь_квартиры": 126,
        "Количество_жителей": 116,
        "Наличие_лифта": true,
        "Наличие_охраны": true,
        "Наличие_парковки": true,
        "Расход_энергии_на_дом": 24039,
        "Наличие_спортивного_зала": false,
        "Расстояние_до_центра": 15,
        "Расстояние_до_метро": 1,
        "Расстояние_до_школы": 5
    },
    {
        "Название": "ОАО «Быков»",
        "Адрес": "г. Усть-Кут, алл. Сплавная, д. 880, 385322",
        "Количество_этажей": 22,
        "Количество_квартир": 154,
        "Год_постройки": "2015",
        "Тип_материала": "стекло",
        "Площадь_квартиры": 150,
        "Количество_жителей": 293,
        "Наличие_лифта": true,
        "Наличие_охраны": false,
        "Наличие_парковки": false,
        "Расход_энергии_на_дом": 10472,
        "Наличие_спортивного_зала": false,
        "Расстояние_до_центра": 11,
        "Расстояние_до_метро": 7,
        "Расстояние_до_школы": 2
    },
    {
        "Название": "Мобильные телесистемы",
        "Адрес": "клх Можга, наб. Буденного, д. 1 стр. 2, 463191",
        "Количество_этажей": 40,
        "Количество_квартир": 280,
        "Год_постройки": "2013",
        "Тип_материала": "стекло",
        "Площадь_квартиры": 190,
        "Количество_жителей": 157,
        "Наличие_лифта": true,
        "Наличие_охраны": true,
        "Наличие_парковки": false,
        "Расход_энергии_на_дом": 38312,
        "Наличие_спортивного_зала": false,
        "Расстояние_до_центра": 14,
        "Расстояние_до_метро": 6,
        "Расстояние_до_школы": 4
    },
    {
        "Название": "ИП «Моисеев, Ковалев и Белоусов»",
        "Адрес": "п. Железногорск(Курск.), алл. Заозерная, д. 90, 089804",
        "Количество_этажей": 40,
        "Количество_квартир": 280,
        "Год_постройки": "1995",
        "Тип_материала": "стекло",
        "Площадь_квартиры": 165,
        "Количество_жителей": 441,
        "Наличие_лифта": false,
        "Наличие_охраны": true,
        "Наличие_парковки": false,
        "Расход_энергии_на_дом": 28416,
        "Наличие_спортивного_зала": false,
        "Расстояние_до_центра": 6,
        "Расстояние_до_метро": 10,
        "Расстояние_до_школы": 2
    },
    {
        "Название": "ИП «Ларионов»",
        "Адрес": "д. Норильск, наб. Шаумяна, д. 26, 824324",
        "Количество_этажей": 42,
        "Количество_квартир": 294,
        "Год_постройки": "2004",
        "Тип_материала": "кирпич",
        "Площадь_квартиры": 175,
        "Количество_жителей": 382,
        "Наличие_лифта": true,
        "Наличие_охраны": false,
        "Наличие_парковки": true,
        "Расход_энергии_на_дом": 47095,
        "Наличие_спортивного_зала": false,
        "Расстояние_до_центра": 9,
        "Расстояние_до_метро": 8,
        "Расстояние_до_школы": 5
    },
    {
        "Название": "Воронов Групп",
        "Адрес": "с. Майкоп, бул. Механический, д. 435 стр. 2, 417136",
        "Количество_этажей": 36,
        "Количество_квартир": 252,
        "Год_постройки": "2000",
        "Тип_материала": "кирпич",
        "Площадь_квартиры": 152,
        "Количество_жителей": 150,
        "Наличие_лифта": false,
        "Наличие_охраны": false,
        "Наличие_парковки": true,
        "Расход_энергии_на_дом": 11984,
        "Наличие_спортивного_зала": true,
        "Расстояние_до_центра": 7,
        "Расстояние_до_метро": 7,
        "Расстояние_до_школы": 3
    }
]