[
    {
        "Название": "ОАО «Андреев-Павлова»",
        "Адрес": "г. Кизел, пер. Горный, д. 90, 228727",
        "Количество_этажей": 21,
        "Количество_квартир": 147,
        "Год_постройки": "1978",
        "Тип_материала": "стекло",
        "Площадь_квартиры": 164,
        "Количество_жителей": 80,
        "Наличие_лифта": true,
        "Наличие_охраны": false,
        "Наличие_парковки": false,
        "Расход_энергии_на_дом": 29904,
        "Наличие_спортивного_зала": false,
        "Расстояние_до_центра": 11,
        "Расстояние_до_метро": 7,
        "Расстояние_до_школы": 1
    },
    {
        "Название": "ОАО «Рябова-Русакова»",
        "Адрес": "г. Калуга, ш. Логовое, д. 551 стр. 3, 919811",
        "Количество_этажей": 24,
        "Количество_квартир": 168,
        "Год_постройки": "1999",
        "Тип_материала": "кирпич",
        "Площадь_квартиры": 143,
        "Количество_жителей": 351,
        "Наличие_лифта": true,
        "Наличие_охраны": false,
        "Наличие_парковки": true,
        "Расход_энергии_на_дом": 32846,
        "Наличие_спортивного_зала": false,
        "Расстояние_до_центра": 20,
        "Расстояние_до_метро": 10,
        "Расстояние_до_школы": 5
    },
    {
        "Название": "Инвестнефтетрейд",
        "Адрес": "с. Медногорск, ул. Славянская, д. 242 стр. 3/5, 615911",
        "Количество_этажей": 49,
        "Количество_квартир": 343,
        "Год_постройки": "1976",
        "Тип_материала": "кирпич",
        "Площадь_квартиры": 188,
        "Количество_жителей": 100,
        "Наличие_лифта": true,
        "Наличие_охраны": true,
        "Наличие_парковки": true,
        "Расход_энергии_на_дом": 15480,
        "Наличие_спортивного_зала": true,
        "Расстояние_до_центра": 8,
        "Расстояние_до_метро": 9,
        "Расстояние_до_школы": 1
    },
    {
        "Название": "АО «Котов»",
        "Адрес": "с. Шали, пер. Леонова, д. 365 к. 498, 061043",
        "Количество_этажей": 42,
        "Количество_квартир": 294,
        "Год_постройки": "1990",
        "Тип_материала": "стекло",
        "Площадь_квартиры": 168,
        "Количество_жителей": 221,
        "Наличие_лифта": true,
        "Наличие_охраны": true,
        "Наличие_парковки": true,
        "Расход_энергии_на_дом": 48454,
        "Наличие_спортивного_зала": false,
        "Расстояние_до_центра": 10,
        "Расстояние_до_метро": 10,
        "Расстояние_до_школы": 5
    },
    {
        "Название": "Силовые машины",
        "Адрес": "г. Яшалта, ш. Розы Люксембург, д. 8/9, 554856",
        "Количество_этажей": 40,
        "Количество_квартир": 280,
        "Год_постройки": "1982",
        "Тип_материала": "стекло",
        "Площадь_квартиры": 107,
        "Количество_жителей": 112,
        "Наличие_лифта": false,
        "Наличие_охраны": true,
        "Наличие_парковки": false,
        "Расход_энергии_на_дом": 37090,
        "Наличие_спортивного_зала": false,
        "Расстояние_до_центра": 6,
        "Расстояние_до_метро": 6,
        "Расстояние_до_школы": 2
    },
    {
        "Название": "ОАО «Сидорова Маркова»",
        "Адрес": "клх Ухта, пер. Иванова, д. 1 к. 91, 201224",
        "Количество_этажей": 40,
        "Количество_квартир": 280,
        "Год_постройки": "1977",
        "Тип_материала": "кирпич",
        "Площадь_квартиры": 199,
        "Количество_жителей": 281,
        "Наличие_лифта": false,
        "Наличие_охраны": true,
        "Наличие_парковки": false,
        "Расход_энергии_на_дом": 10504,
        "Наличие_спортивного_зала": true,
        "Расстояние_до_центра": 5,
        "Расстояние_до_метро": 7,
        "Расстояние_до_школы": 3
    },
    {
        "Название": "НПО «Суханова Кузнецов»",
        "Адрес": "д. Яр-Сале, ул. Большая, д. 510, 755686",
        "Количество_этажей": 36,
        "Количество_квартир": 252,
        "Год_постройки": "2002",
        "Тип_материала": "железобетон",
        "Площадь_квартиры": 108,
        "Количество_жителей": 420,
        "Наличие_лифта": true,
        "Наличие_охраны": true,
        "Наличие_парковки": false,
        "Расход_энергии_на_дом": 16968,
        "Наличие_спортивного_зала": false,
        "Расстояние_до_центра": 11,
        "Расстояние_до_метро": 2,
        "Расстояние_до_школы": 1
    },
    {
        "Название": "РАО «Никифорова, Фролов и Михайлова»",
        "Адрес": "ст. Новороссийка, ул. Слободская, д. 39 к. 1/8, 739404",
        "Количество_этажей": 29,
        "Количество_квартир": 203,
        "Год_постройки": "1978",
        "Тип_материала": "стекло",
        "Площадь_квартиры": 61,
        "Количество_жителей": 477,
        "Наличие_лифта": true,
        "Наличие_охраны": true,
        "Наличие_парковки": false,
        "Расход_энергии_на_дом": 38343,
        "Наличие_спортивного_зала": false,
        "Расстояние_до_центра": 5,
        "Расстояние_до_метро": 4,
        "Расстояние_до_школы": 3
    },
    {
        "Название": "ЗАО «Тетерин»",
        "Адрес": "ст. Йошкар-Ола, наб. Советов, д. 887, 453472",
        "Количество_этажей": 46,
        "Количество_квартир": 322,
        "Год_постройки": "2015",
        "Тип_материала": "кирпич",
        "Площадь_квартиры": 70,
        "Количество_жителей": 358,
        "Наличие_лифта": true,
        "Наличие_охраны": true,
        "Наличие_парковки": true,
        "Расход_энергии_на_дом": 16303,
        "Наличие_спортивного_зала": false,
        "Расстояние_до_центра": 10,
        "Расстояние_до_метро": 6,
        "Расстояние_до_школы": 4
    },
    {
        "Название": "Михеев Инк",
        "Адрес": "к. Ивдель, ул. Тульская, д. 52, 308730",
        "Количество_этажей": 48,
        "Количество_квартир": 336,
        "Год_постройки": "2003",
        "Тип_материала": "кирпич",
        "Площадь_квартиры": 141,
        "Количество_жителей": 484,
        "Наличие_лифта": true,
        "Наличие_охраны": true,
        "Наличие_парковки": true,
        "Расход_энергии_на_дом": 46703,
        "Наличие_спортивного_зала": true,
        "Расстояние_до_центра": 11,
        "Расстояние_до_метро": 8,
        "Расстояние_до_школы": 3
    },
    {
        "Название": "ИП «Исаков»",
        "Адрес": "к. Лазаревское, ул. Глинки, д. 60 стр. 4, 174086",
        "Количество_этажей": 22,
        "Количество_квартир": 154,
        "Год_постройки": "1986",
        "Тип_материала": "кирпич",
        "Площадь_квартиры": 62,
        "Количество_жителей": 469,
        "Наличие_лифта": false,
        "Наличие_охраны": true,
        "Наличие_парковки": false,
        "Расход_энергии_на_дом": 30884,
        "Наличие_спортивного_зала": true,
        "Расстояние_до_центра": 8,
        "Расстояние_до_метро": 8,
        "Расстояние_до_школы": 2
    },
    {
        "Название": "Власова Инкорпорэйтед",
        "Адрес": "с. Кыштым, ул. Олега Кошевого, д. 3, 626631",
        "Количество_этажей": 36,
        "Количество_квартир": 252,
        "Год_постройки": "1983",
        "Тип_материала": "железобетон",
        "Площадь_квартиры": 135,
        "Количество_жителей": 126,
        "Наличие_лифта": false,
        "Наличие_охраны": true,
        "Наличие_парковки": true,
        "Расход_энергии_на_дом": 33243,
        "Наличие_спортивного_зала": true,
        "Расстояние_до_центра": 7,
        "Расстояние_до_метро": 6,
        "Расстояние_до_школы": 5
    },
    {
        "Название": "АО «Абрамова Лебедева»",
        "Адрес": "с. Эльтон, пр. Краснофлотский, д. 237 к. 5, 746816",
        "Количество_этажей": 44,
        "Количество_квартир": 308,
        "Год_постройки": "2010",
        "Тип_материала": "стекло",
        "Площадь_квартиры": 146,
        "Количество_жителей": 395,
        "Наличие_лифта": true,
        "Наличие_охраны": true,
        "Наличие_парковки": true,
        "Расход_энергии_на_дом": 37250,
        "Наличие_спортивного_зала": true,
        "Расстояние_до_центра": 11,
        "Расстояние_до_метро": 4,
        "Расстояние_до_школы": 2
    },
    {
        "Название": "Селиверстова Инк",
        "Адрес": "ст. Мирный, пр. Октября, д. 265 стр. 73, 154322",
        "Количество_этажей": 47,
        "Количество_квартир": 329,
        "Год_постройки": "2004",
        "Тип_материала": "кирпич",
        "Площадь_квартиры": 126,
        "Количество_жителей": 492,
        "Наличие_лифта": true,
        "Наличие_охраны": true,
        "Наличие_парковки": false,
        "Расход_энергии_на_дом": 45157,
        "Наличие_спортивного_зала": true,
        "Расстояние_до_центра": 3,
        "Расстояние_до_метро": 8,
        "Расстояние_до_школы": 4
    },
    {
        "Название": "РАО «Цветков-Савельев»",
        "Адрес": "с. Ясный (Оренб.), алл. Выгонная, д. 8/9, 457386",
        "Количество_этажей": 20,
        "Количество_квартир": 140,
        "Год_постройки": "1995",
        "Тип_материала": "железобетон",
        "Площадь_квартиры": 130,
        "Количество_жителей": 378,
        "Наличие_лифта": true,
        "Наличие_охраны": true,
        "Наличие_парковки": true,
        "Расход_энергии_на_дом": 22297,
        "Наличие_спортивного_зала": false,
        "Расстояние_до_центра": 18,
        "Расстояние_до_метро": 3,
        "Расстояние_до_школы": 1
    }
]