[
    {
        "Название": "ФГ Будущее",
        "Адрес": "к. Гагарин, наб. Рязанская, д. 18 к. 96, 298628",
        "Количество_этажей": 21,
        "Количество_квартир": 147,
        "Год_постройки": "1994",
        "Тип_материала": "стекло",
        "Площадь_квартиры": 77,
        "Количество_жителей": 482,
        "Наличие_лифта": true,
        "Наличие_охраны": true,
        "Наличие_парковки": false,
        "Расход_энергии_на_дом": 40859,
        "Наличие_спортивного_зала": false,
        "Расстояние_до_центра": 7,
        "Расстояние_до_метро": 9,
        "Расстояние_до_школы": 5
    },
    {
        "Название": "РАО «Князев, Хохлов и Прохоров»",
        "Адрес": "ст. Дмитров, пр. Алтайский, д. 5 к. 7/2, 943895",
        "Количество_этажей": 29,
        "Количество_квартир": 203,
        "Год_постройки": "2022",
        "Тип_материала": "стекло",
        "Площадь_квартиры": 153,
        "Количество_жителей": 341,
        "Наличие_лифта": true,
        "Наличие_охраны": false,
        "Наличие_парковки": false,
        "Расход_энергии_на_дом": 22865,
        "Наличие_спортивного_зала": true,
        "Расстояние_до_центра": 19,
        "Расстояние_до_метро": 9,
        "Расстояние_до_школы": 2
    },
    {
        "Название": "Владимиров и партнеры",
        "Адрес": "д. Калевала, наб. Кузнецова, д. 2, 486519",
        "Количество_этажей": 47,
        "Количество_квартир": 329,
        "Год_постройки": "2003",
        "Тип_материала": "стекло",
        "Площадь_квартиры": 65,
        "Количество_жителей": 52,
        "Наличие_лифта": true,
        "Наличие_охраны": false,
        "Наличие_парковки": false,
        "Расход_энергии_на_дом": 25767,
        "Наличие_спортивного_зала": true,
        "Расстояние_до_центра": 6,
        "Расстояние_до_метро": 1,
        "Расстояние_до_школы": 3
    },
    {
        "Название": "АО «Ларионов, Горбачева и Никитин»",
        "Адрес": "г. Черский, ул. Дружбы, д. 763 к. 179, 622399",
        "Количество_этажей": 22,
        "Количество_квартир": 154,
        "Год_постройки": "2014",
        "Тип_материала": "стекло",
        "Площадь_квартиры": 149,
        "Количество_жителей": 273,
        "Наличие_лифта": true,
        "Наличие_охраны": true,
        "Наличие_парковки": true,
        "Расход_энергии_на_дом": 12800,
        "Наличие_спортивного_зала": false,
        "Расстояние_до_центра": 5,
        "Расстояние_до_метро": 9,
        "Расстояние_до_школы": 4
    },
    {
        "Название": "ИП «Симонова Блинов»",
        "Адрес": "ст. Усть-Камчатск, пер. Химиков, д. 14 стр. 519, 044016",
        "Количество_этажей": 25,
        "Количество_квартир": 175,
        "Год_постройки": "1977",
        "Тип_материала": "стекло",
        "Площадь_квартиры": 96,
        "Количество_жителей": 453,
        "Наличие_лифта": false,
        "Наличие_охраны": false,
        "Наличие_парковки": true,
        "Расход_энергии_на_дом": 32714,
        "Наличие_спортивного_зала": true,
        "Расстояние_до_центра": 1,
        "Расстояние_до_метро": 1,
        "Расстояние_до_школы": 3
    },
    {
        "Название": "ИП «Смирнова Рожков»",
        "Адрес": "п. Оленек, пр. Нахимова, д. 6/1 к. 4, 155098",
        "Количество_этажей": 29,
        "Количество_квартир": 203,
        "Год_постройки": "1972",
        "Тип_материала": "стекло",
        "Площадь_квартиры": 60,
        "Количество_жителей": 146,
        "Наличие_лифта": true,
        "Наличие_охраны": true,
        "Наличие_парковки": true,
        "Расход_энергии_на_дом": 25158,
        "Наличие_спортивного_зала": false,
        "Расстояние_до_центра": 3,
        "Расстояние_до_метро": 8,
        "Расстояние_до_школы": 2
    },
    {
        "Название": "Пестов Лимитед",
        "Адрес": "д. Надым, пр. Выгонный, д. 9 к. 7/2, 129710",
        "Количество_этажей": 49,
        "Количество_квартир": 343,
        "Год_постройки": "1986",
        "Тип_материала": "кирпич",
        "Площадь_квартиры": 188,
        "Количество_жителей": 289,
        "Наличие_лифта": true,
        "Наличие_охраны": true,
        "Наличие_парковки": false,
        "Расход_энергии_на_дом": 32749,
        "Наличие_спортивного_зала": false,
        "Расстояние_до_центра": 4,
        "Расстояние_до_метро": 7,
        "Расстояние_до_школы": 2
    },
    {
        "Название": "ИП «Федоров»",
        "Адрес": "к. Павловский Посад, ш. Космонавтов, д. 3, 809829",
        "Количество_этажей": 49,
        "Количество_квартир": 343,
        "Год_постройки": "2014",
        "Тип_материала": "кирпич",
        "Площадь_квартиры": 52,
        "Количество_жителей": 310,
        "Наличие_лифта": false,
        "Наличие_охраны": true,
        "Наличие_парковки": false,
        "Расход_энергии_на_дом": 25874,
        "Наличие_спортивного_зала": false,
        "Расстояние_до_центра": 12,
        "Расстояние_до_метро": 7,
        "Расстояние_до_школы": 4
    },
    {
        "Название": "ГК Великан",
        "Адрес": "к. Губаха, наб. Надежды, д. 60 стр. 505, 586696",
        "Количество_этажей": 29,
        "Количество_квартир": 203,
        "Год_постройки": "2016",
        "Тип_материала": "кирпич",
        "Площадь_квартиры": 164,
        "Количество_жителей": 217,
        "Наличие_лифта": true,
        "Наличие_охраны": true,
        "Наличие_парковки": false,
        "Расход_энергии_на_дом": 28982,
        "Наличие_спортивного_зала": false,
        "Расстояние_до_центра": 7,
        "Расстояние_до_метро": 3,
        "Расстояние_до_школы": 3
    },
    {
        "Название": "ИП «Рогов, Моисеева и Тихонов»",
        "Адрес": "клх Кудымкар, пр. Победа, д. 59, 637030",
        "Количество_этажей": 35,
        "Количество_квартир": 245,
        "Год_постройки": "2018",
        "Тип_материала": "стекло",
        "Площадь_квартиры": 87,
        "Количество_жителей": 298,
        "Наличие_лифта": true,
        "Наличие_охраны": true,
        "Наличие_парковки": false,
        "Расход_энергии_на_дом": 32979,
        "Наличие_спортивного_зала": false,
        "Расстояние_до_центра": 16,
        "Расстояние_до_метро": 5,
        "Расстояние_до_школы": 3
    },
    {
        "Название": "ИП «Матвеев Андреева»",
        "Адрес": "г. Орел, бул. Поселковый, д. 85, 428564",
        "Количество_этажей": 46,
        "Количество_квартир": 322,
        "Год_постройки": "1979",
        "Тип_материала": "стекло",
        "Площадь_квартиры": 54,
        "Количество_жителей": 68,
        "Наличие_лифта": true,
        "Наличие_охраны": true,
        "Наличие_парковки": true,
        "Расход_энергии_на_дом": 11923,
        "Наличие_спортивного_зала": false,
        "Расстояние_до_центра": 9,
        "Расстояние_до_метро": 8,
        "Расстояние_до_школы": 3
    },
    {
        "Название": "РАО «Шаров Савельев»",
        "Адрес": "д. Кондопога, наб. Каштановая, д. 3, 222894",
        "Количество_этажей": 32,
        "Количество_квартир": 224,
        "Год_постройки": "1976",
        "Тип_материала": "стекло",
        "Площадь_квартиры": 186,
        "Количество_жителей": 219,
        "Наличие_лифта": true,
        "Наличие_охраны": true,
        "Наличие_парковки": true,
        "Расход_энергии_на_дом": 14706,
        "Наличие_спортивного_зала": true,
        "Расстояние_до_центра": 15,
        "Расстояние_до_метро": 8,
        "Расстояние_до_школы": 1
    },
    {
        "Название": "НПО «Кошелева, Симонов и Попова»",
        "Адрес": "д. Галич, наб. Черемуховая, д. 897 стр. 3/5, 250059",
        "Количество_этажей": 21,
        "Количество_квартир": 147,
        "Год_постройки": "2020",
        "Тип_материала": "стекло",
        "Площадь_квартиры": 129,
        "Количество_жителей": 308,
        "Наличие_лифта": true,
        "Наличие_охраны": true,
        "Наличие_парковки": false,
        "Расход_энергии_на_дом": 28650,
        "Наличие_спортивного_зала": false,
        "Расстояние_до_центра": 9,
        "Расстояние_до_метро": 9,
        "Расстояние_до_школы": 2
    },
    {
        "Название": "Ман Трак Энд Бас Рус (Volkswagen)",
        "Адрес": "п. Стерлитамак, пр. Гвардейский, д. 203 к. 3/3, 854975",
        "Количество_этажей": 35,
        "Количество_квартир": 245,
        "Год_постройки": "2004",
        "Тип_материала": "кирпич",
        "Площадь_квартиры": 55,
        "Количество_жителей": 120,
        "Наличие_лифта": true,
        "Наличие_охраны": true,
        "Наличие_парковки": false,
        "Расход_энергии_на_дом": 41973,
        "Наличие_спортивного_зала": true,
        "Расстояние_до_центра": 3,
        "Расстояние_до_метро": 1,
        "Расстояние_до_школы": 2
    },
    {
        "Название": "Квадра",
        "Адрес": "п. Тавда, алл. Киевская, д. 26, 603852",
        "Количество_этажей": 24,
        "Количество_квартир": 168,
        "Год_постройки": "1993",
        "Тип_материала": "железобетон",
        "Площадь_квартиры": 119,
        "Количество_жителей": 113,
        "Наличие_лифта": true,
        "Наличие_охраны": true,
        "Наличие_парковки": true,
        "Расход_энергии_на_дом": 37999,
        "Наличие_спортивного_зала": false,
        "Расстояние_до_центра": 19,
        "Расстояние_до_метро": 9,
        "Расстояние_до_школы": 1
    }
]