[
    {
        "Название": "Северсталь",
        "Адрес": "с. Гдов, ул. Высоковольтная, д. 373, 942723",
        "Количество_этажей": 24,
        "Количество_квартир": 168,
        "Год_постройки": "2009",
        "Тип_материала": "железобетон",
        "Площадь_квартиры": 141,
        "Количество_жителей": 256,
        "Наличие_лифта": true,
        "Наличие_охраны": false,
        "Наличие_парковки": true,
        "Расход_энергии_на_дом": 27697,
        "Наличие_спортивного_зала": true,
        "Расстояние_до_центра": 4,
        "Расстояние_до_метро": 4,
        "Расстояние_до_школы": 2
    },
    {
        "Название": "АО «Абрамов»",
        "Адрес": "к. Тавда, ш. Путейское, д. 39 к. 9, 356867",
        "Количество_этажей": 21,
        "Количество_квартир": 147,
        "Год_постройки": "2005",
        "Тип_материала": "кирпич",
        "Площадь_квартиры": 57,
        "Количество_жителей": 123,
        "Наличие_лифта": false,
        "Наличие_охраны": true,
        "Наличие_парковки": false,
        "Расход_энергии_на_дом": 16392,
        "Наличие_спортивного_зала": false,
        "Расстояние_до_центра": 16,
        "Расстояние_до_метро": 6,
        "Расстояние_до_школы": 1
    },
    {
        "Название": "ООО «Григорьева-Молчанова»",
        "Адрес": "г. Домодедово, алл. Нефтяников, д. 3 стр. 32, 842869",
        "Количество_этажей": 30,
        "Количество_квартир": 210,
        "Год_постройки": "1977",
        "Тип_материала": "кирпич",
        "Площадь_квартиры": 60,
        "Количество_жителей": 391,
        "Наличие_лифта": true,
        "Наличие_охраны": false,
        "Наличие_парковки": true,
        "Расход_энергии_на_дом": 44536,
        "Наличие_спортивного_зала": true,
        "Расстояние_до_центра": 19,
        "Расстояние_до_метро": 6,
        "Расстояние_до_школы": 3
    },
    {
        "Название": "Новосталь",
        "Адрес": "с. Нарткала, ул. Терешковой, д. 7 к. 6/1, 026420",
        "Количество_этажей": 34,
        "Количество_квартир": 238,
        "Год_постройки": "2003",
        "Тип_материала": "кирпич",
        "Площадь_квартиры": 71,
        "Количество_жителей": 236,
        "Наличие_лифта": true,
        "Наличие_охраны": true,
        "Наличие_парковки": false,
        "Расход_энергии_на_дом": 19764,
        "Наличие_спортивного_зала": true,
        "Расстояние_до_центра": 2,
        "Расстояние_до_метро": 4,
        "Расстояние_до_школы": 4
    },
    {
        "Название": "Восток-Запад",
        "Адрес": "к. Шатки, пер. Украинский, д. 40 к. 82, 717593",
        "Количество_этажей": 39,
        "Количество_квартир": 273,
        "Год_постройки": "1995",
        "Тип_материала": "кирпич",
        "Площадь_квартиры": 141,
        "Количество_жителей": 412,
        "Наличие_лифта": false,
        "Наличие_охраны": true,
        "Наличие_парковки": false,
        "Расход_энергии_на_дом": 20934,
        "Наличие_спортивного_зала": true,
        "Расстояние_до_центра": 14,
        "Расстояние_до_метро": 10,
        "Расстояние_до_школы": 1
    },
    {
        "Название": "ОАО «Большаков Костин»",
        "Адрес": "клх Анива, ш. Украинское, д. 48, 408214",
        "Количество_этажей": 26,
        "Количество_квартир": 182,
        "Год_постройки": "2017",
        "Тип_материала": "кирпич",
        "Площадь_квартиры": 106,
        "Количество_жителей": 414,
        "Наличие_лифта": true,
        "Наличие_охраны": true,
        "Наличие_парковки": false,
        "Расход_энергии_на_дом": 25410,
        "Наличие_спортивного_зала": true,
        "Расстояние_до_центра": 4,
        "Расстояние_до_метро": 7,
        "Расстояние_до_школы": 1
    },
    {
        "Название": "Куликова Лимитед",
        "Адрес": "к. Тутончаны, алл. Лермонтова, д. 4, 005094",
        "Количество_этажей": 34,
        "Количество_квартир": 238,
        "Год_постройки": "1992",
        "Тип_материала": "железобетон",
        "Площадь_квартиры": 102,
        "Количество_жителей": 187,
        "Наличие_лифта": true,
        "Наличие_охраны": false,
        "Наличие_парковки": false,
        "Расход_энергии_на_дом": 11710,
        "Наличие_спортивного_зала": true,
        "Расстояние_до_центра": 15,
        "Расстояние_до_метро": 5,
        "Расстояние_до_школы": 4
    },
    {
        "Название": "ИП «Никитин Панфилов»",
        "Адрес": "п. Дудинка, алл. Путевая, д. 2 к. 8/1, 267417",
        "Количество_этажей": 29,
        "Количество_квартир": 203,
        "Год_постройки": "1999",
        "Тип_материала": "стекло",
        "Площадь_квартиры": 134,
        "Количество_жителей": 83,
        "Наличие_лифта": true,
        "Наличие_охраны": true,
        "Наличие_парковки": false,
        "Расход_энергии_на_дом": 39448,
        "Наличие_спортивного_зала": false,
        "Расстояние_до_центра": 19,
        "Расстояние_до_метро": 9,
        "Расстояние_до_школы": 4
    },
    {
        "Название": "АО «Соболева»",
        "Адрес": "с. Всеволожск, наб. Маркса, д. 4/6, 569783",
        "Количество_этажей": 25,
        "Количество_квартир": 175,
        "Год_постройки": "1978",
        "Тип_материала": "железобетон",
        "Площадь_квартиры": 173,
        "Количество_жителей": 497,
        "Наличие_лифта": false,
        "Наличие_охраны": true,
        "Наличие_парковки": true,
        "Расход_энергии_на_дом": 15792,
        "Наличие_спортивного_зала": false,
        "Расстояние_до_центра": 12,
        "Расстояние_до_метро": 7,
        "Расстояние_до_школы": 3
    },
    {
        "Название": "ИП «Миронов Сергеева»",
        "Адрес": "клх Аша, пр. Чапаева, д. 3, 815939",
        "Количество_этажей": 43,
        "Количество_квартир": 301,
        "Год_постройки": "1993",
        "Тип_материала": "стекло",
        "Площадь_квартиры": 159,
        "Количество_жителей": 308,
        "Наличие_лифта": false,
        "Наличие_охраны": false,
        "Наличие_парковки": true,
        "Расход_энергии_на_дом": 43132,
        "Наличие_спортивного_зала": true,
        "Расстояние_до_центра": 8,
        "Расстояние_до_метро": 2,
        "Расстояние_до_школы": 1
    },
    {
        "Название": "НПО «Колесникова»",
        "Адрес": "г. Шаховская, ш. Мельничное, д. 2 стр. 758, 737680",
        "Количество_этажей": 42,
        "Количество_квартир": 294,
        "Год_постройки": "1984",
        "Тип_материала": "стекло",
        "Площадь_квартиры": 169,
        "Количество_жителей": 227,
        "Наличие_лифта": true,
        "Наличие_охраны": true,
        "Наличие_парковки": true,
        "Расход_энергии_на_дом": 33027,
        "Наличие_спортивного_зала": false,
        "Расстояние_до_центра": 8,
        "Расстояние_до_метро": 3,
        "Расстояние_до_школы": 2
    },
    {
        "Название": "Технологии машиностроения (Техмаш)",
        "Адрес": "с. Кулунда, ул. Лесхозная, д. 2 стр. 14, 193410",
        "Количество_этажей": 45,
        "Количество_квартир": 315,
        "Год_постройки": "1972",
        "Тип_материала": "кирпич",
        "Площадь_квартиры": 81,
        "Количество_жителей": 202,
        "Наличие_лифта": true,
        "Наличие_охраны": false,
        "Наличие_парковки": true,
        "Расход_энергии_на_дом": 31198,
        "Наличие_спортивного_зала": false,
        "Расстояние_до_центра": 4,
        "Расстояние_до_метро": 10,
        "Расстояние_до_школы": 5
    },
    {
        "Название": "Овчинникова Лимитед",
        "Адрес": "д. Касимов, пер. Иванова, д. 95 к. 1, 476555",
        "Количество_этажей": 48,
        "Количество_квартир": 336,
        "Год_постройки": "1996",
        "Тип_материала": "железобетон",
        "Площадь_квартиры": 176,
        "Количество_жителей": 223,
        "Наличие_лифта": true,
        "Наличие_охраны": true,
        "Наличие_парковки": true,
        "Расход_энергии_на_дом": 10985,
        "Наличие_спортивного_зала": true,
        "Расстояние_до_центра": 20,
        "Расстояние_до_метро": 1,
        "Расстояние_до_школы": 2
    },
    {
        "Название": "НПО «Давыдов»",
        "Адрес": "клх Красная Поляна, пр. Юности, д. 7, 717491",
        "Количество_этажей": 50,
        "Количество_квартир": 350,
        "Год_постройки": "2012",
        "Тип_материала": "железобетон",
        "Площадь_квартиры": 103,
        "Количество_жителей": 288,
        "Наличие_лифта": true,
        "Наличие_охраны": false,
        "Наличие_парковки": false,
        "Расход_энергии_на_дом": 13489,
        "Наличие_спортивного_зала": false,
        "Расстояние_до_центра": 11,
        "Расстояние_до_метро": 3,
        "Расстояние_до_школы": 5
    },
    {
        "Название": "ИП «Орехова, Константинова и Зыков»",
        "Адрес": "д. Краснодар, ш. Ломоносова, д. 8/2, 575217",
        "Количество_этажей": 22,
        "Количество_квартир": 154,
        "Год_постройки": "1978",
        "Тип_материала": "кирпич",
        "Площадь_квартиры": 177,
        "Количество_жителей": 236,
        "Наличие_лифта": true,
        "Наличие_охраны": true,
        "Наличие_парковки": false,
        "Расход_энергии_на_дом": 39139,
        "Наличие_спортивного_зала": true,
        "Расстояние_до_центра": 18,
        "Расстояние_до_метро": 6,
        "Расстояние_до_школы": 5
    }
]