[
    {
        "Название": "НПО «Капустина»",
        "Адрес": "ст. Кириши, бул. Ключевой, д. 17 стр. 82, 300199",
        "Количество_этажей": 24,
        "Количество_квартир": 168,
        "Год_постройки": "1975",
        "Тип_материала": "железобетон",
        "Площадь_квартиры": 130,
        "Количество_жителей": 480,
        "Наличие_лифта": true,
        "Наличие_охраны": true,
        "Наличие_парковки": false,
        "Расход_энергии_на_дом": 13472,
        "Наличие_спортивного_зала": false,
        "Расстояние_до_центра": 9,
        "Расстояние_до_метро": 9,
        "Расстояние_до_школы": 2
    },
    {
        "Название": "КДВ Групп",
        "Адрес": "д. Неплюевка, ш. 30 лет Победы, д. 620 стр. 879, 925416",
        "Количество_этажей": 24,
        "Количество_квартир": 168,
        "Год_постройки": "1994",
        "Тип_материала": "кирпич",
        "Площадь_квартиры": 66,
        "Количество_жителей": 115,
        "Наличие_лифта": false,
        "Наличие_охраны": true,
        "Наличие_парковки": true,
        "Расход_энергии_на_дом": 37353,
        "Наличие_спортивного_зала": true,
        "Расстояние_до_центра": 18,
        "Расстояние_до_метро": 7,
        "Расстояние_до_школы": 5
    },
    {
        "Название": "Капустин Лтд",
        "Адрес": "п. Усть-Камчатск, алл. Боровая, д. 86 стр. 884, 774945",
        "Количество_этажей": 47,
        "Количество_квартир": 329,
        "Год_постройки": "1992",
        "Тип_материала": "железобетон",
        "Площадь_квартиры": 105,
        "Количество_жителей": 159,
        "Наличие_лифта": true,
        "Наличие_охраны": true,
        "Наличие_парковки": false,
        "Расход_энергии_на_дом": 13893,
        "Наличие_спортивного_зала": false,
        "Расстояние_до_центра": 6,
        "Расстояние_до_метро": 6,
        "Расстояние_до_школы": 2
    },
    {
        "Название": "ООО «Лихачев»",
        "Адрес": "с. Оса, бул. Пархоменко, д. 5/2, 253883",
        "Количество_этажей": 30,
        "Количество_квартир": 210,
        "Год_постройки": "1983",
        "Тип_материала": "железобетон",
        "Площадь_квартиры": 100,
        "Количество_жителей": 59,
        "Наличие_лифта": true,
        "Наличие_охраны": true,
        "Наличие_парковки": true,
        "Расход_энергии_на_дом": 20393,
        "Наличие_спортивного_зала": true,
        "Расстояние_до_центра": 10,
        "Расстояние_до_метро": 8,
        "Расстояние_до_школы": 5
    },
    {
        "Название": "Цветкова и партнеры",
        "Адрес": "п. Красноуфимск, пр. Жукова, д. 2/8 к. 77, 945306",
        "Количество_этажей": 25,
        "Количество_квартир": 175,
        "Год_постройки": "1977",
        "Тип_материала": "стекло",
        "Площадь_квартиры": 139,
        "Количество_жителей": 450,
        "Наличие_лифта": true,
        "Наличие_охраны": true,
        "Наличие_парковки": true,
        "Расход_энергии_на_дом": 36693,
        "Наличие_спортивного_зала": true,
        "Расстояние_до_центра": 10,
        "Расстояние_до_метро": 9,
        "Расстояние_до_школы": 2
    },
    {
        "Название": "Романов Инк",
        "Адрес": "ст. Горячинск, ш. Крестьянское, д. 4/5 к. 1/7, 578151",
        "Количество_этажей": 28,
        "Количество_квартир": 196,
        "Год_постройки": "1993",
        "Тип_материала": "стекло",
        "Площадь_квартиры": 153,
        "Количество_жителей": 354,
        "Наличие_лифта": true,
        "Наличие_охраны": false,
        "Наличие_парковки": false,
        "Расход_энергии_на_дом": 25138,
        "Наличие_спортивного_зала": false,
        "Расстояние_до_центра": 2,
        "Расстояние_до_метро": 1,
        "Расстояние_до_школы": 3
    },
    {
        "Название": "ОАО «Мартынов-Архипов»",
        "Адрес": "к. Торжок, пр. Красных Партизан, д. 2 стр. 8/9, 449907",
        "Количество_этажей": 27,
        "Количество_квартир": 189,
        "Год_постройки": "2012",
        "Тип_материала": "кирпич",
        "Площадь_квартиры": 147,
        "Количество_жителей": 401,
        "Наличие_лифта": true,
        "Наличие_охраны": false,
        "Наличие_парковки": false,
        "Расход_энергии_на_дом": 22313,
        "Наличие_спортивного_зала": false,
        "Расстояние_до_центра": 10,
        "Расстояние_до_метро": 1,
        "Расстояние_до_школы": 1
    },
    {
        "Название": "ТД БелАЗ",
        "Адрес": "к. Уренгой, ш. Высоцкого, д. 45 стр. 1/9, 276253",
        "Количество_этажей": 37,
        "Количество_квартир": 259,
        "Год_постройки": "2007",
        "Тип_материала": "железобетон",
        "Площадь_квартиры": 106,
        "Количество_жителей": 130,
        "Наличие_лифта": false,
        "Наличие_охраны": true,
        "Наличие_парковки": true,
        "Расход_энергии_на_дом": 35447,
        "Наличие_спортивного_зала": false,
        "Расстояние_до_центра": 17,
        "Расстояние_до_метро": 1,
        "Расстояние_до_школы": 1
    },
    {
        "Название": "РАО «Федотова Николаева»",
        "Адрес": "к. Якша, алл. Социалистическая, д. 6 стр. 7/1, 801231",
        "Количество_этажей": 26,
        "Количество_квартир": 182,
        "Год_постройки": "1996",
        "Тип_материала": "железобетон",
        "Площадь_квартиры": 135,
        "Количество_жителей": 312,
        "Наличие_лифта": true,
        "Наличие_охраны": true,
        "Наличие_парковки": true,
        "Расход_энергии_на_дом": 15414,
        "Наличие_спортивного_зала": true,
        "Расстояние_до_центра": 18,
        "Расстояние_до_метро": 4,
        "Расстояние_до_школы": 5
    },
    {
        "Название": "Кудрявцев Лтд",
        "Адрес": "с. Петрозаводск, наб. 1 Мая, д. 8 стр. 87, 686689",
        "Количество_этажей": 28,
        "Количество_квартир": 196,
        "Год_постройки": "1970",
        "Тип_материала": "железобетон",
        "Площадь_квартиры": 78,
        "Количество_жителей": 401,
        "Наличие_лифта": true,
        "Наличие_охраны": true,
        "Наличие_парковки": false,
        "Расход_энергии_на_дом": 41423,
        "Наличие_спортивного_зала": true,
        "Расстояние_до_центра": 2,
        "Расстояние_до_метро": 7,
        "Расстояние_до_школы": 3
    },
    {
        "Название": "ООО «Титова, Горбунов и Симонов»",
        "Адрес": "ст. Троицк (Моск.), пр. Мусы Джалиля, д. 661 стр. 768, 114267",
        "Количество_этажей": 32,
        "Количество_квартир": 224,
        "Год_постройки": "2000",
        "Тип_материала": "стекло",
        "Площадь_квартиры": 113,
        "Количество_жителей": 498,
        "Наличие_лифта": true,
        "Наличие_охраны": true,
        "Наличие_парковки": false,
        "Расход_энергии_на_дом": 19049,
        "Наличие_спортивного_зала": false,
        "Расстояние_до_центра": 17,
        "Расстояние_до_метро": 1,
        "Расстояние_до_школы": 5
    },
    {
        "Название": "РАО «Гусев Уварова»",
        "Адрес": "клх Североуральск, пер. Ленина, д. 9, 723011",
        "Количество_этажей": 36,
        "Количество_квартир": 252,
        "Год_постройки": "1982",
        "Тип_материала": "железобетон",
        "Площадь_квартиры": 88,
        "Количество_жителей": 262,
        "Наличие_лифта": true,
        "Наличие_охраны": false,
        "Наличие_парковки": false,
        "Расход_энергии_на_дом": 20733,
        "Наличие_спортивного_зала": false,
        "Расстояние_до_центра": 10,
        "Расстояние_до_метро": 2,
        "Расстояние_до_школы": 5
    },
    {
        "Название": "ОАО «Калашникова, Блохин и Пономарева»",
        "Адрес": "д. Смирных, пер. Первомайский, д. 9/6 к. 630, 619499",
        "Количество_этажей": 50,
        "Количество_квартир": 350,
        "Год_постройки": "1995",
        "Тип_материала": "кирпич",
        "Площадь_квартиры": 96,
        "Количество_жителей": 85,
        "Наличие_лифта": true,
        "Наличие_охраны": true,
        "Наличие_парковки": true,
        "Расход_энергии_на_дом": 33878,
        "Наличие_спортивного_зала": true,
        "Расстояние_до_центра": 4,
        "Расстояние_до_метро": 9,
        "Расстояние_до_школы": 1
    },
    {
        "Название": "НПО «Соколов-Щербакова»",
        "Адрес": "ст. Кош-Агач, ул. Заречная, д. 4 к. 30, 516135",
        "Количество_этажей": 25,
        "Количество_квартир": 175,
        "Год_постройки": "2023",
        "Тип_материала": "стекло",
        "Площадь_квартиры": 171,
        "Количество_жителей": 444,
        "Наличие_лифта": true,
        "Наличие_охраны": true,
        "Наличие_парковки": true,
        "Расход_энергии_на_дом": 19047,
        "Наличие_спортивного_зала": true,
        "Расстояние_до_центра": 16,
        "Расстояние_до_метро": 10,
        "Расстояние_до_школы": 5
    },
    {
        "Название": "РАО «Кузьмин»",
        "Адрес": "к. Нефтекамск, пер. Плеханова, д. 824 стр. 913, 982576",
        "Количество_этажей": 27,
        "Количество_квартир": 189,
        "Год_постройки": "1996",
        "Тип_материала": "кирпич",
        "Площадь_квартиры": 95,
        "Количество_жителей": 404,
        "Наличие_лифта": true,
        "Наличие_охраны": true,
        "Наличие_парковки": true,
        "Расход_энергии_на_дом": 13864,
        "Наличие_спортивного_зала": true,
        "Расстояние_до_центра": 20,
        "Расстояние_до_метро": 10,
        "Расстояние_до_школы": 5
    }
]