[
    {
        "Название": "Белов Лимитед",
        "Адрес": "д. Беломорск, ул. Ростовская, д. 1/4, 815089",
        "Количество_этажей": 24,
        "Количество_квартир": 168,
        "Год_постройки": "2017",
        "Тип_материала": "кирпич",
        "Площадь_квартиры": 83,
        "Количество_жителей": 318,
        "Наличие_лифта": false,
        "Наличие_охраны": false,
        "Наличие_парковки": true,
        "Расход_энергии_на_дом": 42126,
        "Наличие_спортивного_зала": true,
        "Расстояние_до_центра": 10,
        "Расстояние_до_метро": 6,
        "Расстояние_до_школы": 4
    },
    {
        "Название": "Авторусь",
        "Адрес": "ст. Клин, пер. Механический, д. 5/4, 592444",
        "Количество_этажей": 39,
        "Количество_квартир": 273,
        "Год_постройки": "1981",
        "Тип_материала": "железобетон",
        "Площадь_квартиры": 70,
        "Количество_жителей": 415,
        "Наличие_лифта": false,
        "Наличие_охраны": true,
        "Наличие_парковки": false,
        "Расход_энергии_на_дом": 36500,
        "Наличие_спортивного_зала": true,
        "Расстояние_до_центра": 4,
        "Расстояние_до_метро": 10,
        "Расстояние_до_школы": 1
    },
    {
        "Название": "ЗАО «Волкова Овчинникова»",
        "Адрес": "к. Моздок, пер. Маяковского, д. 8 к. 54, 892113",
        "Количество_этажей": 32,
        "Количество_квартир": 224,
        "Год_постройки": "2021",
        "Тип_материала": "стекло",
        "Площадь_квартиры": 109,
        "Количество_жителей": 187,
        "Наличие_лифта": true,
        "Наличие_охраны": false,
        "Наличие_парковки": false,
        "Расход_энергии_на_дом": 47925,
        "Наличие_спортивного_зала": true,
        "Расстояние_до_центра": 16,
        "Расстояние_до_метро": 7,
        "Расстояние_до_школы": 1
    },
    {
        "Название": "Одинцов Инкорпорэйтед",
        "Адрес": "ст. Котельнич, пр. Воровского, д. 5 к. 594, 143727",
        "Количество_этажей": 48,
        "Количество_квартир": 336,
        "Год_постройки": "1982",
        "Тип_материала": "железобетон",
        "Площадь_квартиры": 143,
        "Количество_жителей": 257,
        "Наличие_лифта": true,
        "Наличие_охраны": true,
        "Наличие_парковки": false,
        "Расход_энергии_на_дом": 37720,
        "Наличие_спортивного_зала": true,
        "Расстояние_до_центра": 13,
        "Расстояние_до_метро": 1,
        "Расстояние_до_школы": 1
    },
    {
        "Название": "Лобанов Лимитед",
        "Адрес": "к. Валдай, пер. Минский, д. 8 к. 31, 500170",
        "Количество_этажей": 48,
        "Количество_квартир": 336,
        "Год_постройки": "2018",
        "Тип_материала": "железобетон",
        "Площадь_квартиры": 102,
        "Количество_жителей": 312,
        "Наличие_лифта": true,
        "Наличие_охраны": true,
        "Наличие_парковки": true,
        "Расход_энергии_на_дом": 24944,
        "Наличие_спортивного_зала": true,
        "Расстояние_до_центра": 9,
        "Расстояние_до_метро": 6,
        "Расстояние_до_школы": 1
    },
    {
        "Название": "ООО «Кузнецов»",
        "Адрес": "с. Петухово, алл. Угольная, д. 36, 770368",
        "Количество_этажей": 27,
        "Количество_квартир": 189,
        "Год_постройки": "2006",
        "Тип_материала": "железобетон",
        "Площадь_квартиры": 101,
        "Количество_жителей": 383,
        "Наличие_лифта": true,
        "Наличие_охраны": false,
        "Наличие_парковки": true,
        "Расход_энергии_на_дом": 13950,
        "Наличие_спортивного_зала": false,
        "Расстояние_до_центра": 12,
        "Расстояние_до_метро": 1,
        "Расстояние_до_школы": 5
    },
    {
        "Название": "ОАО «Тимофеев, Ефремова и Тихонова»",
        "Адрес": "д. Амдерма, пер. Магистральный, д. 89 к. 449, 488450",
        "Количество_этажей": 50,
        "Количество_квартир": 350,
        "Год_постройки": "1996",
        "Тип_материала": "железобетон",
        "Площадь_квартиры": 162,
        "Количество_жителей": 258,
        "Наличие_лифта": true,
        "Наличие_охраны": false,
        "Наличие_парковки": false,
        "Расход_энергии_на_дом": 17430,
        "Наличие_спортивного_зала": false,
        "Расстояние_до_центра": 9,
        "Расстояние_до_метро": 4,
        "Расстояние_до_школы": 2
    },
    {
        "Название": "ЗАО «Жданов, Денисова и Михайлов»",
        "Адрес": "клх Бирск, пер. Рабочий, д. 11 стр. 630, 540651",
        "Количество_этажей": 34,
        "Количество_квартир": 238,
        "Год_постройки": "1976",
        "Тип_материала": "железобетон",
        "Площадь_квартиры": 91,
        "Количество_жителей": 156,
        "Наличие_лифта": true,
        "Наличие_охраны": true,
        "Наличие_парковки": false,
        "Расход_энергии_на_дом": 16094,
        "Наличие_спортивного_зала": false,
        "Расстояние_до_центра": 3,
        "Расстояние_до_метро": 2,
        "Расстояние_до_школы": 3
    },
    {
        "Название": "ЗАО «Щербаков Казакова»",
        "Адрес": "к. Ейск, ул. Уральская, д. 940 к. 1, 256611",
        "Количество_этажей": 27,
        "Количество_квартир": 189,
        "Год_постройки": "2009",
        "Тип_материала": "стекло",
        "Площадь_квартиры": 61,
        "Количество_жителей": 456,
        "Наличие_лифта": true,
        "Наличие_охраны": true,
        "Наличие_парковки": false,
        "Расход_энергии_на_дом": 42320,
        "Наличие_спортивного_зала": false,
        "Расстояние_до_центра": 12,
        "Расстояние_до_метро": 9,
        "Расстояние_до_школы": 5
    },
    {
        "Название": "ОАО «Лихачев Максимова»",
        "Адрес": "с. Черкесск, алл. 50 лет Октября, д. 905 к. 36, 160111",
        "Количество_этажей": 35,
        "Количество_квартир": 245,
        "Год_постройки": "2018",
        "Тип_материала": "железобетон",
        "Площадь_квартиры": 176,
        "Количество_жителей": 354,
        "Наличие_лифта": false,
        "Наличие_охраны": true,
        "Наличие_парковки": true,
        "Расход_энергии_на_дом": 31792,
        "Наличие_спортивного_зала": true,
        "Расстояние_до_центра": 11,
        "Расстояние_до_метро": 9,
        "Расстояние_до_школы": 1
    },
    {
        "Название": "Славнефть",
        "Адрес": "к. Дербент, алл. Олега Кошевого, д. 4 к. 57, 193343",
        "Количество_этажей": 44,
        "Количество_квартир": 308,
        "Год_постройки": "1998",
        "Тип_материала": "железобетон",
        "Площадь_квартиры": 134,
        "Количество_жителей": 250,
        "Наличие_лифта": true,
        "Наличие_охраны": false,
        "Наличие_парковки": false,
        "Расход_энергии_на_дом": 11478,
        "Наличие_спортивного_зала": true,
        "Расстояние_до_центра": 19,
        "Расстояние_до_метро": 8,
        "Расстояние_до_школы": 5
    },
    {
        "Название": "ЗАО «Уварова, Гуляев и Большакова»",
        "Адрес": "клх Чегем, ул. Маяковского, д. 4 к. 89, 826006",
        "Количество_этажей": 29,
        "Количество_квартир": 203,
        "Год_постройки": "2012",
        "Тип_материала": "железобетон",
        "Площадь_квартиры": 134,
        "Количество_жителей": 291,
        "Наличие_лифта": true,
        "Наличие_охраны": true,
        "Наличие_парковки": true,
        "Расход_энергии_на_дом": 12653,
        "Наличие_спортивного_зала": false,
        "Расстояние_до_центра": 5,
        "Расстояние_до_метро": 6,
        "Расстояние_до_школы": 5
    },
    {
        "Название": "ООО «Беспалов, Шилова и Ситникова»",
        "Адрес": "к. Шереметьево, пер. Белорусский, д. 378, 702450",
        "Количество_этажей": 50,
        "Количество_квартир": 350,
        "Год_постройки": "1974",
        "Тип_материала": "стекло",
        "Площадь_квартиры": 50,
        "Количество_жителей": 192,
        "Наличие_лифта": true,
        "Наличие_охраны": true,
        "Наличие_парковки": true,
        "Расход_энергии_на_дом": 41835,
        "Наличие_спортивного_зала": false,
        "Расстояние_до_центра": 17,
        "Расстояние_до_метро": 6,
        "Расстояние_до_школы": 5
    },
    {
        "Название": "ЗАО «Белов»",
        "Адрес": "г. Новороссийск, бул. Почтовый, д. 6/8 к. 3, 467419",
        "Количество_этажей": 42,
        "Количество_квартир": 294,
        "Год_постройки": "1996",
        "Тип_материала": "железобетон",
        "Площадь_квартиры": 99,
        "Количество_жителей": 150,
        "Наличие_лифта": true,
        "Наличие_охраны": false,
        "Наличие_парковки": true,
        "Расход_энергии_на_дом": 12923,
        "Наличие_спортивного_зала": false,
        "Расстояние_до_центра": 16,
        "Расстояние_до_метро": 5,
        "Расстояние_до_школы": 3
    },
    {
        "Название": "ООО «Попова Брагина»",
        "Адрес": "с. Баксан, пр. Логовой, д. 1 к. 5, 223896",
        "Количество_этажей": 26,
        "Количество_квартир": 182,
        "Год_постройки": "2008",
        "Тип_материала": "железобетон",
        "Площадь_квартиры": 73,
        "Количество_жителей": 167,
        "Наличие_лифта": true,
        "Наличие_охраны": true,
        "Наличие_парковки": true,
        "Расход_энергии_на_дом": 13362,
        "Наличие_спортивного_зала": false,
        "Расстояние_до_центра": 9,
        "Расстояние_до_метро": 1,
        "Расстояние_до_школы": 2
    }
]