[
    {
        "Название": "АО «Маркова»",
        "Адрес": "клх Тулун, ш. 9 мая, д. 1/5 к. 3, 798199",
        "Количество_этажей": 40,
        "Количество_квартир": 280,
        "Год_постройки": "1998",
        "Тип_материала": "кирпич",
        "Площадь_квартиры": 166,
        "Количество_жителей": 412,
        "Наличие_лифта": true,
        "Наличие_охраны": true,
        "Наличие_парковки": true,
        "Расход_энергии_на_дом": 35057,
        "Наличие_спортивного_зала": false,
        "Расстояние_до_центра": 11,
        "Расстояние_до_метро": 1,
        "Расстояние_до_школы": 5
    },
    {
        "Название": "РАО «Гордеева-Лихачев»",
        "Адрес": "п. Красновишерск, пер. Тельмана, д. 98 стр. 38, 765097",
        "Количество_этажей": 25,
        "Количество_квартир": 175,
        "Год_постройки": "1978",
        "Тип_материала": "стекло",
        "Площадь_квартиры": 162,
        "Количество_жителей": 315,
        "Наличие_лифта": true,
        "Наличие_охраны": false,
        "Наличие_парковки": false,
        "Расход_энергии_на_дом": 29971,
        "Наличие_спортивного_зала": false,
        "Расстояние_до_центра": 14,
        "Расстояние_до_метро": 10,
        "Расстояние_до_школы": 3
    },
    {
        "Название": "Снежная Королева",
        "Адрес": "п. Зеленогорск (Ленин.), алл. Высокая, д. 107 к. 5, 546802",
        "Количество_этажей": 29,
        "Количество_квартир": 203,
        "Год_постройки": "1978",
        "Тип_материала": "стекло",
        "Площадь_квартиры": 68,
        "Количество_жителей": 119,
        "Наличие_лифта": true,
        "Наличие_охраны": true,
        "Наличие_парковки": true,
        "Расход_энергии_на_дом": 41722,
        "Наличие_спортивного_зала": true,
        "Расстояние_до_центра": 9,
        "Расстояние_до_метро": 7,
        "Расстояние_до_школы": 1
    },
    {
        "Название": "Катерпиллар Евразия (Caterpillar)",
        "Адрес": "клх Нижний Тагил, алл. Дачная, д. 2 к. 8, 318855",
        "Количество_этажей": 43,
        "Количество_квартир": 301,
        "Год_постройки": "1987",
        "Тип_материала": "железобетон",
        "Площадь_квартиры": 155,
        "Количество_жителей": 183,
        "Наличие_лифта": true,
        "Наличие_охраны": false,
        "Наличие_парковки": false,
        "Расход_энергии_на_дом": 16856,
        "Наличие_спортивного_зала": true,
        "Расстояние_до_центра": 3,
        "Расстояние_до_метро": 6,
        "Расстояние_до_школы": 2
    },
    {
        "Название": "ОАО «Федоров»",
        "Адрес": "клх Курумкан, алл. Ленинградская, д. 9/1 к. 1/4, 919259",
        "Количество_этажей": 38,
        "Количество_квартир": 266,
        "Год_постройки": "1987",
        "Тип_материала": "стекло",
        "Площадь_квартиры": 109,
        "Количество_жителей": 319,
        "Наличие_лифта": true,
        "Наличие_охраны": true,
        "Наличие_парковки": true,
        "Расход_энергии_на_дом": 41115,
        "Наличие_спортивного_зала": true,
        "Расстояние_до_центра": 17,
        "Расстояние_до_метро": 1,
        "Расстояние_до_школы": 5
    },
    {
        "Название": "ВЭБ.РФ",
        "Адрес": "г. Ступино, пр. Фабричный, д. 26 стр. 59, 032516",
        "Количество_этажей": 21,
        "Количество_квартир": 147,
        "Год_постройки": "1975",
        "Тип_материала": "кирпич",
        "Площадь_квартиры": 159,
        "Количество_жителей": 230,
        "Наличие_лифта": true,
        "Наличие_охраны": true,
        "Наличие_парковки": false,
        "Расход_энергии_на_дом": 47250,
        "Наличие_спортивного_зала": false,
        "Расстояние_до_центра": 13,
        "Расстояние_до_метро": 10,
        "Расстояние_до_школы": 5
    },
    {
        "Название": "АО «Константинов-Лебедева»",
        "Адрес": "ст. Мураши, бул. Гафури, д. 7 стр. 31, 719291",
        "Количество_этажей": 42,
        "Количество_квартир": 294,
        "Год_постройки": "1992",
        "Тип_материала": "стекло",
        "Площадь_квартиры": 121,
        "Количество_жителей": 445,
        "Наличие_лифта": false,
        "Наличие_охраны": false,
        "Наличие_парковки": true,
        "Расход_энергии_на_дом": 39987,
        "Наличие_спортивного_зала": true,
        "Расстояние_до_центра": 17,
        "Расстояние_до_метро": 8,
        "Расстояние_до_школы": 5
    },
    {
        "Название": "АО «Филиппова Большакова»",
        "Адрес": "п. Москва, бул. 70 лет Октября, д. 3 к. 99, 292570",
        "Количество_этажей": 47,
        "Количество_квартир": 329,
        "Год_постройки": "1993",
        "Тип_материала": "железобетон",
        "Площадь_квартиры": 164,
        "Количество_жителей": 101,
        "Наличие_лифта": true,
        "Наличие_охраны": true,
        "Наличие_парковки": false,
        "Расход_энергии_на_дом": 38509,
        "Наличие_спортивного_зала": true,
        "Расстояние_до_центра": 9,
        "Расстояние_до_метро": 10,
        "Расстояние_до_школы": 2
    },
    {
        "Название": "ИП «Богданова-Герасимова»",
        "Адрес": "с. Новосибирск, бул. 50 лет Победы, д. 4, 577018",
        "Количество_этажей": 33,
        "Количество_квартир": 231,
        "Год_постройки": "1978",
        "Тип_материала": "стекло",
        "Площадь_квартиры": 104,
        "Количество_жителей": 254,
        "Наличие_лифта": true,
        "Наличие_охраны": true,
        "Наличие_парковки": false,
        "Расход_энергии_на_дом": 17284,
        "Наличие_спортивного_зала": false,
        "Расстояние_до_центра": 12,
        "Расстояние_до_метро": 8,
        "Расстояние_до_школы": 3
    },
    {
        "Название": "ИП «Лазарев-Сысоева»",
        "Адрес": "клх Каменск-Шахтинский, ш. Кольцевое, д. 2/7 стр. 2, 132628",
        "Количество_этажей": 28,
        "Количество_квартир": 196,
        "Год_постройки": "2014",
        "Тип_материала": "железобетон",
        "Площадь_квартиры": 147,
        "Количество_жителей": 269,
        "Наличие_лифта": true,
        "Наличие_охраны": true,
        "Наличие_парковки": true,
        "Расход_энергии_на_дом": 25700,
        "Наличие_спортивного_зала": true,
        "Расстояние_до_центра": 12,
        "Расстояние_до_метро": 10,
        "Расстояние_до_школы": 3
    },
    {
        "Название": "ИП «Дроздова»",
        "Адрес": "д. Красноселькуп, пр. Вольный, д. 570, 857079",
        "Количество_этажей": 45,
        "Количество_квартир": 315,
        "Год_постройки": "2005",
        "Тип_материала": "железобетон",
        "Площадь_квартиры": 51,
        "Количество_жителей": 144,
        "Наличие_лифта": true,
        "Наличие_охраны": true,
        "Наличие_парковки": true,
        "Расход_энергии_на_дом": 26156,
        "Наличие_спортивного_зала": false,
        "Расстояние_до_центра": 4,
        "Расстояние_до_метро": 8,
        "Расстояние_до_школы": 2
    },
    {
        "Название": "Форд Соллерс Холдинг",
        "Адрес": "п. Агинское (Забайк.), алл. Привокзальная, д. 2, 486704",
        "Количество_этажей": 31,
        "Количество_квартир": 217,
        "Год_постройки": "1979",
        "Тип_материала": "кирпич",
        "Площадь_квартиры": 54,
        "Количество_жителей": 445,
        "Наличие_лифта": true,
        "Наличие_охраны": true,
        "Наличие_парковки": false,
        "Расход_энергии_на_дом": 35170,
        "Наличие_спортивного_зала": false,
        "Расстояние_до_центра": 6,
        "Расстояние_до_метро": 7,
        "Расстояние_до_школы": 2
    },
    {
        "Название": "БСС",
        "Адрес": "п. Томпа, пр. Ушакова, д. 3/6 стр. 57, 239788",
        "Количество_этажей": 32,
        "Количество_квартир": 224,
        "Год_постройки": "1991",
        "Тип_материала": "железобетон",
        "Площадь_квартиры": 160,
        "Количество_жителей": 394,
        "Наличие_лифта": true,
        "Наличие_охраны": true,
        "Наличие_парковки": false,
        "Расход_энергии_на_дом": 28710,
        "Наличие_спортивного_зала": true,
        "Расстояние_до_центра": 2,
        "Расстояние_до_метро": 10,
        "Расстояние_до_школы": 1
    },
    {
        "Название": "Максимова Групп",
        "Адрес": "д. Апатиты, наб. Морская, д. 299, 825090",
        "Количество_этажей": 39,
        "Количество_квартир": 273,
        "Год_постройки": "1972",
        "Тип_материала": "железобетон",
        "Площадь_квартиры": 133,
        "Количество_жителей": 162,
        "Наличие_лифта": true,
        "Наличие_охраны": true,
        "Наличие_парковки": true,
        "Расход_энергии_на_дом": 10425,
        "Наличие_спортивного_зала": true,
        "Расстояние_до_центра": 6,
        "Расстояние_до_метро": 6,
        "Расстояние_до_школы": 2
    },
    {
        "Название": "Волков Лимитед",
        "Адрес": "к. Ростов, бул. Черноморский, д. 172, 766070",
        "Количество_этажей": 43,
        "Количество_квартир": 301,
        "Год_постройки": "1980",
        "Тип_материала": "кирпич",
        "Площадь_квартиры": 126,
        "Количество_жителей": 488,
        "Наличие_лифта": true,
        "Наличие_охраны": false,
        "Наличие_парковки": true,
        "Расход_энергии_на_дом": 49253,
        "Наличие_спортивного_зала": true,
        "Расстояние_до_центра": 7,
        "Расстояние_до_метро": 3,
        "Расстояние_до_школы": 1
    }
]