[
    {
        "Название": "ЗАО «Денисова, Савин и Игнатов»",
        "Адрес": "клх Раменское, бул. Березовый, д. 7, 482351",
        "Количество_этажей": 47,
        "Количество_квартир": 329,
        "Год_постройки": "2007",
        "Тип_материала": "стекло",
        "Площадь_квартиры": 190,
        "Количество_жителей": 453,
        "Наличие_лифта": true,
        "Наличие_охраны": false,
        "Наличие_парковки": true,
        "Расход_энергии_на_дом": 48334,
        "Наличие_спортивного_зала": false,
        "Расстояние_до_центра": 4,
        "Расстояние_до_метро": 6,
        "Расстояние_до_школы": 5
    },
    {
        "Название": "РАО «Жданов Павлов»",
        "Адрес": "г. Киржач, ш. Лермонтова, д. 3/6 стр. 28, 463693",
        "Количество_этажей": 46,
        "Количество_квартир": 322,
        "Год_постройки": "2020",
        "Тип_материала": "железобетон",
        "Площадь_квартиры": 166,
        "Количество_жителей": 253,
        "Наличие_лифта": true,
        "Наличие_охраны": true,
        "Наличие_парковки": true,
        "Расход_энергии_на_дом": 43803,
        "Наличие_спортивного_зала": true,
        "Расстояние_до_центра": 17,
        "Расстояние_до_метро": 7,
        "Расстояние_до_школы": 5
    },
    {
        "Название": "ООО «Кудряшова-Князев»",
        "Адрес": "к. Мезень, алл. Троицкая, д. 3/9 стр. 64, 423589",
        "Количество_этажей": 31,
        "Количество_квартир": 217,
        "Год_постройки": "1986",
        "Тип_материала": "кирпич",
        "Площадь_квартиры": 131,
        "Количество_жителей": 419,
        "Наличие_лифта": true,
        "Наличие_охраны": false,
        "Наличие_парковки": true,
        "Расход_энергии_на_дом": 35575,
        "Наличие_спортивного_зала": true,
        "Расстояние_до_центра": 8,
        "Расстояние_до_метро": 10,
        "Расстояние_до_школы": 4
    },
    {
        "Название": "Великолукский мясокомбинат",
        "Адрес": "с. Серпухов, пр. Советский, д. 311 к. 13, 101780",
        "Количество_этажей": 30,
        "Количество_квартир": 210,
        "Год_постройки": "2022",
        "Тип_материала": "кирпич",
        "Площадь_квартиры": 102,
        "Количество_жителей": 216,
        "Наличие_лифта": true,
        "Наличие_охраны": false,
        "Наличие_парковки": false,
        "Расход_энергии_на_дом": 27285,
        "Наличие_спортивного_зала": false,
        "Расстояние_до_центра": 5,
        "Расстояние_до_метро": 5,
        "Расстояние_до_школы": 5
    },
    {
        "Название": "Петухова Лтд",
        "Адрес": "д. Мурманск, пер. Орджоникидзе, д. 66, 023933",
        "Количество_этажей": 27,
        "Количество_квартир": 189,
        "Год_постройки": "2011",
        "Тип_материала": "стекло",
        "Площадь_квартиры": 82,
        "Количество_жителей": 487,
        "Наличие_лифта": true,
        "Наличие_охраны": true,
        "Наличие_парковки": false,
        "Расход_энергии_на_дом": 47417,
        "Наличие_спортивного_зала": false,
        "Расстояние_до_центра": 18,
        "Расстояние_до_метро": 9,
        "Расстояние_до_школы": 2
    },
    {
        "Название": "НПО «Ершов-Иванова»",
        "Адрес": "п. Великие Луки, пер. Гайдара, д. 47, 212071",
        "Количество_этажей": 30,
        "Количество_квартир": 210,
        "Год_постройки": "2006",
        "Тип_материала": "кирпич",
        "Площадь_квартиры": 109,
        "Количество_жителей": 168,
        "Наличие_лифта": true,
        "Наличие_охраны": true,
        "Наличие_парковки": false,
        "Расход_энергии_на_дом": 42596,
        "Наличие_спортивного_зала": false,
        "Расстояние_до_центра": 12,
        "Расстояние_до_метро": 2,
        "Расстояние_до_школы": 2
    },
    {
        "Название": "Тимофеева и партнеры",
        "Адрес": "п. Выборг, пр. Торговый, д. 8 к. 2/6, 493390",
        "Количество_этажей": 27,
        "Количество_квартир": 189,
        "Год_постройки": "1976",
        "Тип_материала": "стекло",
        "Площадь_квартиры": 53,
        "Количество_жителей": 122,
        "Наличие_лифта": true,
        "Наличие_охраны": false,
        "Наличие_парковки": true,
        "Расход_энергии_на_дом": 34739,
        "Наличие_спортивного_зала": false,
        "Расстояние_до_центра": 5,
        "Расстояние_до_метро": 3,
        "Расстояние_до_школы": 3
    },
    {
        "Название": "Новосталь",
        "Адрес": "ст. Ковров, ш. Ленина, д. 9/8, 039587",
        "Количество_этажей": 25,
        "Количество_квартир": 175,
        "Год_постройки": "1982",
        "Тип_материала": "стекло",
        "Площадь_квартиры": 136,
        "Количество_жителей": 177,
        "Наличие_лифта": true,
        "Наличие_охраны": true,
        "Наличие_парковки": true,
        "Расход_энергии_на_дом": 29367,
        "Наличие_спортивного_зала": true,
        "Расстояние_до_центра": 2,
        "Расстояние_до_метро": 6,
        "Расстояние_до_школы": 4
    },
    {
        "Название": "АО «Горшкова»",
        "Адрес": "с. Нефтегорск (Самар.), пр. Павлика Морозова, д. 58, 913194",
        "Количество_этажей": 23,
        "Количество_квартир": 161,
        "Год_постройки": "2004",
        "Тип_материала": "железобетон",
        "Площадь_квартиры": 80,
        "Количество_жителей": 69,
        "Наличие_лифта": true,
        "Наличие_охраны": true,
        "Наличие_парковки": false,
        "Расход_энергии_на_дом": 37301,
        "Наличие_спортивного_зала": true,
        "Расстояние_до_центра": 16,
        "Расстояние_до_метро": 8,
        "Расстояние_до_школы": 1
    },
    {
        "Название": "Новикомбанк",
        "Адрес": "к. Якутск, алл. Братская, д. 1/8, 318236",
        "Количество_этажей": 29,
        "Количество_квартир": 203,
        "Год_постройки": "2021",
        "Тип_материала": "железобетон",
        "Площадь_квартиры": 56,
        "Количество_жителей": 230,
        "Наличие_лифта": true,
        "Наличие_охраны": false,
        "Наличие_парковки": true,
        "Расход_энергии_на_дом": 37162,
        "Наличие_спортивного_зала": false,
        "Расстояние_до_центра": 12,
        "Расстояние_до_метро": 9,
        "Расстояние_до_школы": 1
    },
    {
        "Название": "ИП «Шашкова, Коновалов и Титова»",
        "Адрес": "п. Джубга, пр. Хвойный, д. 6/2, 381262",
        "Количество_этажей": 30,
        "Количество_квартир": 210,
        "Год_постройки": "2013",
        "Тип_материала": "кирпич",
        "Площадь_квартиры": 52,
        "Количество_жителей": 153,
        "Наличие_лифта": false,
        "Наличие_охраны": true,
        "Наличие_парковки": true,
        "Расход_энергии_на_дом": 22898,
        "Наличие_спортивного_зала": false,
        "Расстояние_до_центра": 19,
        "Расстояние_до_метро": 6,
        "Расстояние_до_школы": 2
    },
    {
        "Название": "НПО «Уваров Прохоров»",
        "Адрес": "к. Кедровый, пер. Мусы Джалиля, д. 62 к. 44, 347195",
        "Количество_этажей": 46,
        "Количество_квартир": 322,
        "Год_постройки": "1983",
        "Тип_материала": "железобетон",
        "Площадь_квартиры": 145,
        "Количество_жителей": 383,
        "Наличие_лифта": false,
        "Наличие_охраны": false,
        "Наличие_парковки": true,
        "Расход_энергии_на_дом": 39720,
        "Наличие_спортивного_зала": false,
        "Расстояние_до_центра": 13,
        "Расстояние_до_метро": 5,
        "Расстояние_до_школы": 1
    },
    {
        "Название": "ООО «Копылова-Константинов»",
        "Адрес": "д. Тутаев, бул. Дальневосточный, д. 889 стр. 285, 741325",
        "Количество_этажей": 25,
        "Количество_квартир": 175,
        "Год_постройки": "1995",
        "Тип_материала": "железобетон",
        "Площадь_квартиры": 119,
        "Количество_жителей": 134,
        "Наличие_лифта": true,
        "Наличие_охраны": false,
        "Наличие_парковки": false,
        "Расход_энергии_на_дом": 23552,
        "Наличие_спортивного_зала": false,
        "Расстояние_до_центра": 8,
        "Расстояние_до_метро": 4,
        "Расстояние_до_школы": 1
    },
    {
        "Название": "АО «Овчинникова Михеева»",
        "Адрес": "ст. Мураши, ш. Заречное, д. 8, 901130",
        "Количество_этажей": 31,
        "Количество_квартир": 217,
        "Год_постройки": "1990",
        "Тип_материала": "железобетон",
        "Площадь_квартиры": 78,
        "Количество_жителей": 117,
        "Наличие_лифта": true,
        "Наличие_охраны": true,
        "Наличие_парковки": true,
        "Расход_энергии_на_дом": 11234,
        "Наличие_спортивного_зала": false,
        "Расстояние_до_центра": 20,
        "Расстояние_до_метро": 9,
        "Расстояние_до_школы": 2
    },
    {
        "Название": "Брагина Лимитед",
        "Адрес": "клх Гаврилов-Ям, алл. Урожайная, д. 2, 520794",
        "Количество_этажей": 44,
        "Количество_квартир": 308,
        "Год_постройки": "1985",
        "Тип_материала": "кирпич",
        "Площадь_квартиры": 80,
        "Количество_жителей": 471,
        "Наличие_лифта": true,
        "Наличие_охраны": true,
        "Наличие_парковки": true,
        "Расход_энергии_на_дом": 30737,
        "Наличие_спортивного_зала": false,
        "Расстояние_до_центра": 7,
        "Расстояние_до_метро": 5,
        "Расстояние_до_школы": 3
    }
]