[
    {
        "Название": "Николаева и партнеры",
        "Адрес": "г. Октябрьское (Челяб.), пр. Пушкинский, д. 2/5 стр. 3, 280744",
        "Количество_этажей": 32,
        "Количество_квартир": 224,
        "Год_постройки": "1982",
        "Тип_материала": "кирпич",
        "Площадь_квартиры": 141,
        "Количество_жителей": 386,
        "Наличие_лифта": true,
        "Наличие_охраны": false,
        "Наличие_парковки": false,
        "Расход_энергии_на_дом": 16242,
        "Наличие_спортивного_зала": false,
        "Расстояние_до_центра": 17,
        "Расстояние_до_метро": 4,
        "Расстояние_до_школы": 5
    },
    {
        "Название": "РАО «Хохлов Жданова»",
        "Адрес": "д. Оха, бул. Парижской Коммуны, д. 990, 955387",
        "Количество_этажей": 22,
        "Количество_квартир": 154,
        "Год_постройки": "1988",
        "Тип_материала": "железобетон",
        "Площадь_квартиры": 139,
        "Количество_жителей": 109,
        "Наличие_лифта": false,
        "Наличие_охраны": true,
        "Наличие_парковки": false,
        "Расход_энергии_на_дом": 22683,
        "Наличие_спортивного_зала": true,
        "Расстояние_до_центра": 20,
        "Расстояние_до_метро": 10,
        "Расстояние_до_школы": 3
    },
    {
        "Название": "ИП «Колесникова, Кулагина и Овчинников»",
        "Адрес": "к. Серебряные Пруды, алл. Механизаторов, д. 69 стр. 818, 608745",
        "Количество_этажей": 31,
        "Количество_квартир": 217,
        "Год_постройки": "1979",
        "Тип_материала": "стекло",
        "Площадь_квартиры": 62,
        "Количество_жителей": 61,
        "Наличие_лифта": true,
        "Наличие_охраны": true,
        "Наличие_парковки": true,
        "Расход_энергии_на_дом": 38577,
        "Наличие_спортивного_зала": true,
        "Расстояние_до_центра": 3,
        "Расстояние_до_метро": 3,
        "Расстояние_до_школы": 5
    },
    {
        "Название": "РАО «Носков Антонов»",
        "Адрес": "ст. Северодвинск, бул. Минина, д. 52 стр. 878, 440969",
        "Количество_этажей": 46,
        "Количество_квартир": 322,
        "Год_постройки": "1995",
        "Тип_материала": "стекло",
        "Площадь_квартиры": 91,
        "Количество_жителей": 239,
        "Наличие_лифта": true,
        "Наличие_охраны": false,
        "Наличие_парковки": true,
        "Расход_энергии_на_дом": 12725,
        "Наличие_спортивного_зала": true,
        "Расстояние_до_центра": 4,
        "Расстояние_до_метро": 6,
        "Расстояние_до_школы": 2
    },
    {
        "Название": "Русэнергоресурс",
        "Адрес": "п. Кашира, ш. Гастелло, д. 64 стр. 3/2, 939734",
        "Количество_этажей": 26,
        "Количество_квартир": 182,
        "Год_постройки": "2020",
        "Тип_материала": "стекло",
        "Площадь_квартиры": 155,
        "Количество_жителей": 133,
        "Наличие_лифта": true,
        "Наличие_охраны": false,
        "Наличие_парковки": false,
        "Расход_энергии_на_дом": 23559,
        "Наличие_спортивного_зала": false,
        "Расстояние_до_центра": 4,
        "Расстояние_до_метро": 7,
        "Расстояние_до_школы": 4
    },
    {
        "Название": "ООО «Иванов»",
        "Адрес": "д. Ряжск, ул. Азовская, д. 476 стр. 22, 531936",
        "Количество_этажей": 30,
        "Количество_квартир": 210,
        "Год_постройки": "1989",
        "Тип_материала": "кирпич",
        "Площадь_квартиры": 51,
        "Количество_жителей": 292,
        "Наличие_лифта": false,
        "Наличие_охраны": true,
        "Наличие_парковки": true,
        "Расход_энергии_на_дом": 37632,
        "Наличие_спортивного_зала": false,
        "Расстояние_до_центра": 3,
        "Расстояние_до_метро": 9,
        "Расстояние_до_школы": 4
    },
    {
        "Название": "НПО «Ларионова Блохин»",
        "Адрес": "п. Кондопога, бул. Новостройка, д. 6/4 к. 7/4, 638183",
        "Количество_этажей": 23,
        "Количество_квартир": 161,
        "Год_постройки": "1978",
        "Тип_материала": "кирпич",
        "Площадь_квартиры": 86,
        "Количество_жителей": 261,
        "Наличие_лифта": true,
        "Наличие_охраны": true,
        "Наличие_парковки": true,
        "Расход_энергии_на_дом": 45050,
        "Наличие_спортивного_зала": false,
        "Расстояние_до_центра": 19,
        "Расстояние_до_метро": 9,
        "Расстояние_до_школы": 4
    },
    {
        "Название": "РАО «Марков-Исакова»",
        "Адрес": "клх Поярково, наб. Титова, д. 4 стр. 4/5, 991876",
        "Количество_этажей": 31,
        "Количество_квартир": 217,
        "Год_постройки": "1983",
        "Тип_материала": "железобетон",
        "Площадь_квартиры": 86,
        "Количество_жителей": 237,
        "Наличие_лифта": true,
        "Наличие_охраны": true,
        "Наличие_парковки": true,
        "Расход_энергии_на_дом": 46315,
        "Наличие_спортивного_зала": true,
        "Расстояние_до_центра": 5,
        "Расстояние_до_метро": 4,
        "Расстояние_до_школы": 2
    },
    {
        "Название": "ООО «Фомичева-Соловьев»",
        "Адрес": "ст. Самара, ул. Краснодарская, д. 48 к. 8, 411022",
        "Количество_этажей": 25,
        "Количество_квартир": 175,
        "Год_постройки": "1990",
        "Тип_материала": "стекло",
        "Площадь_квартиры": 50,
        "Количество_жителей": 464,
        "Наличие_лифта": false,
        "Наличие_охраны": true,
        "Наличие_парковки": false,
        "Расход_энергии_на_дом": 42405,
        "Наличие_спортивного_зала": false,
        "Расстояние_до_центра": 19,
        "Расстояние_до_метро": 3,
        "Расстояние_до_школы": 1
    },
    {
        "Название": "Казаков Инкорпорэйтед",
        "Адрес": "д. Усолье Сибирское, пр. Механический, д. 2 к. 256, 171957",
        "Количество_этажей": 50,
        "Количество_квартир": 350,
        "Год_постройки": "2017",
        "Тип_материала": "железобетон",
        "Площадь_квартиры": 172,
        "Количество_жителей": 209,
        "Наличие_лифта": false,
        "Наличие_охраны": true,
        "Наличие_парковки": false,
        "Расход_энергии_на_дом": 42748,
        "Наличие_спортивного_зала": false,
        "Расстояние_до_центра": 16,
        "Расстояние_до_метро": 6,
        "Расстояние_до_школы": 3
    },
    {
        "Название": "ОАО «Гурьева-Макаров»",
        "Адрес": "с. Дно, бул. Волжский, д. 5/4 стр. 28, 763664",
        "Количество_этажей": 31,
        "Количество_квартир": 217,
        "Год_постройки": "1988",
        "Тип_материала": "железобетон",
        "Площадь_квартиры": 69,
        "Количество_жителей": 425,
        "Наличие_лифта": false,
        "Наличие_охраны": true,
        "Наличие_парковки": false,
        "Расход_энергии_на_дом": 16021,
        "Наличие_спортивного_зала": false,
        "Расстояние_до_центра": 15,
        "Расстояние_до_метро": 3,
        "Расстояние_до_школы": 5
    },
    {
        "Название": "Селиверстов Инк",
        "Адрес": "ст. Анапа, ш. Славянское, д. 82 к. 47, 563654",
        "Количество_этажей": 27,
        "Количество_квартир": 189,
        "Год_постройки": "1979",
        "Тип_материала": "кирпич",
        "Площадь_квартиры": 124,
        "Количество_жителей": 126,
        "Наличие_лифта": true,
        "Наличие_охраны": false,
        "Наличие_парковки": false,
        "Расход_энергии_на_дом": 47208,
        "Наличие_спортивного_зала": false,
        "Расстояние_до_центра": 5,
        "Расстояние_до_метро": 6,
        "Расстояние_до_школы": 2
    },
    {
        "Название": "Кононов Инкорпорэйтед",
        "Адрес": "г. Чикола, пер. Раздольный, д. 364 стр. 994, 110418",
        "Количество_этажей": 40,
        "Количество_квартир": 280,
        "Год_постройки": "1984",
        "Тип_материала": "железобетон",
        "Площадь_квартиры": 79,
        "Количество_жителей": 243,
        "Наличие_лифта": true,
        "Наличие_охраны": true,
        "Наличие_парковки": true,
        "Расход_энергии_на_дом": 18587,
        "Наличие_спортивного_зала": false,
        "Расстояние_до_центра": 19,
        "Расстояние_до_метро": 5,
        "Расстояние_до_школы": 2
    },
    {
        "Название": "Вертолеты России",
        "Адрес": "ст. Добрянка, наб. Березовая, д. 194 к. 554, 394584",
        "Количество_этажей": 28,
        "Количество_квартир": 196,
        "Год_постройки": "2020",
        "Тип_материала": "кирпич",
        "Площадь_квартиры": 118,
        "Количество_жителей": 448,
        "Наличие_лифта": true,
        "Наличие_охраны": true,
        "Наличие_парковки": true,
        "Расход_энергии_на_дом": 24317,
        "Наличие_спортивного_зала": false,
        "Расстояние_до_центра": 13,
        "Расстояние_до_метро": 1,
        "Расстояние_до_школы": 5
    },
    {
        "Название": "Третьякова и партнеры",
        "Адрес": "г. Гремячинск (Перм.), ш. Томское, д. 9, 227595",
        "Количество_этажей": 49,
        "Количество_квартир": 343,
        "Год_постройки": "2022",
        "Тип_материала": "стекло",
        "Площадь_квартиры": 77,
        "Количество_жителей": 203,
        "Наличие_лифта": true,
        "Наличие_охраны": true,
        "Наличие_парковки": true,
        "Расход_энергии_на_дом": 34706,
        "Наличие_спортивного_зала": false,
        "Расстояние_до_центра": 17,
        "Расстояние_до_метро": 10,
        "Расстояние_до_школы": 4
    }
]