[
    {
        "Название": "РАО «Власов-Смирнов»",
        "Адрес": "п. Мостовской, ш. Степное, д. 288 стр. 243, 735325",
        "Количество_этажей": 22,
        "Количество_квартир": 154,
        "Год_постройки": "1971",
        "Тип_материала": "кирпич",
        "Площадь_квартиры": 74,
        "Количество_жителей": 226,
        "Наличие_лифта": false,
        "Наличие_охраны": true,
        "Наличие_парковки": true,
        "Расход_энергии_на_дом": 23040,
        "Наличие_спортивного_зала": true,
        "Расстояние_до_центра": 15,
        "Расстояние_до_метро": 8,
        "Расстояние_до_школы": 2
    },
    {
        "Название": "ОАО «Маслов-Владимирова»",
        "Адрес": "д. Буденновск, ул. Воровского, д. 1/1 к. 7/8, 903902",
        "Количество_этажей": 33,
        "Количество_квартир": 231,
        "Год_постройки": "1982",
        "Тип_материала": "железобетон",
        "Площадь_квартиры": 97,
        "Количество_жителей": 486,
        "Наличие_лифта": false,
        "Наличие_охраны": true,
        "Наличие_парковки": true,
        "Расход_энергии_на_дом": 33484,
        "Наличие_спортивного_зала": true,
        "Расстояние_до_центра": 2,
        "Расстояние_до_метро": 7,
        "Расстояние_до_школы": 5
    },
    {
        "Название": "Антонов Инкорпорэйтед",
        "Адрес": "п. Абакан, пр. Лесхозный, д. 1/6 стр. 34, 498016",
        "Количество_этажей": 50,
        "Количество_квартир": 350,
        "Год_постройки": "1972",
        "Тип_материала": "стекло",
        "Площадь_квартиры": 186,
        "Количество_жителей": 72,
        "Наличие_лифта": true,
        "Наличие_охраны": true,
        "Наличие_парковки": false,
        "Расход_энергии_на_дом": 48400,
        "Наличие_спортивного_зала": false,
        "Расстояние_до_центра": 6,
        "Расстояние_до_метро": 2,
        "Расстояние_до_школы": 5
    },
    {
        "Название": "ИП «Комиссарова-Бирюков»",
        "Адрес": "к. Рязань, наб. Водников, д. 2/7 к. 776, 514348",
        "Количество_этажей": 37,
        "Количество_квартир": 259,
        "Год_постройки": "2016",
        "Тип_материала": "железобетон",
        "Площадь_квартиры": 68,
        "Количество_жителей": 76,
        "Наличие_лифта": false,
        "Наличие_охраны": false,
        "Наличие_парковки": true,
        "Расход_энергии_на_дом": 45551,
        "Наличие_спортивного_зала": false,
        "Расстояние_до_центра": 15,
        "Расстояние_до_метро": 2,
        "Расстояние_до_школы": 4
    },
    {
        "Название": "РАО «Кудряшова-Алексеева»",
        "Адрес": "с. Черкесск, алл. Школьная, д. 9 стр. 18, 802361",
        "Количество_этажей": 39,
        "Количество_квартир": 273,
        "Год_постройки": "1983",
        "Тип_материала": "железобетон",
        "Площадь_квартиры": 142,
        "Количество_жителей": 198,
        "Наличие_лифта": true,
        "Наличие_охраны": true,
        "Наличие_парковки": true,
        "Расход_энергии_на_дом": 23347,
        "Наличие_спортивного_зала": false,
        "Расстояние_до_центра": 18,
        "Расстояние_до_метро": 4,
        "Расстояние_до_школы": 2
    },
    {
        "Название": "Астон",
        "Адрес": "п. Нижний Новгород, пер. Пирогова, д. 1/5 к. 374, 984302",
        "Количество_этажей": 21,
        "Количество_квартир": 147,
        "Год_постройки": "1980",
        "Тип_материала": "стекло",
        "Площадь_квартиры": 80,
        "Количество_жителей": 132,
        "Наличие_лифта": true,
        "Наличие_охраны": true,
        "Наличие_парковки": true,
        "Расход_энергии_на_дом": 45057,
        "Наличие_спортивного_зала": false,
        "Расстояние_до_центра": 19,
        "Расстояние_до_метро": 4,
        "Расстояние_до_школы": 2
    },
    {
        "Название": "ОАО «Цветков-Кузьмин»",
        "Адрес": "г. Новомичуринск, ул. Дальневосточная, д. 17 стр. 758, 645395",
        "Количество_этажей": 34,
        "Количество_квартир": 238,
        "Год_постройки": "2018",
        "Тип_материала": "стекло",
        "Площадь_квартиры": 153,
        "Количество_жителей": 260,
        "Наличие_лифта": true,
        "Наличие_охраны": true,
        "Наличие_парковки": false,
        "Расход_энергии_на_дом": 48963,
        "Наличие_спортивного_зала": false,
        "Расстояние_до_центра": 7,
        "Расстояние_до_метро": 2,
        "Расстояние_до_школы": 2
    },
    {
        "Название": "ООО «Рожкова»",
        "Адрес": "д. Вуктыл, алл. Кавказская, д. 4, 084252",
        "Количество_этажей": 38,
        "Количество_квартир": 266,
        "Год_постройки": "2022",
        "Тип_материала": "железобетон",
        "Площадь_квартиры": 146,
        "Количество_жителей": 306,
        "Наличие_лифта": false,
        "Наличие_охраны": false,
        "Наличие_парковки": false,
        "Расход_энергии_на_дом": 13654,
        "Наличие_спортивного_зала": false,
        "Расстояние_до_центра": 2,
        "Расстояние_до_метро": 4,
        "Расстояние_до_школы": 4
    },
    {
        "Название": "НПО «Белоусов Дорофеев»",
        "Адрес": "ст. Карачаевск, пер. Чайкиной, д. 104 стр. 60, 560130",
        "Количество_этажей": 37,
        "Количество_квартир": 259,
        "Год_постройки": "1990",
        "Тип_материала": "кирпич",
        "Площадь_квартиры": 60,
        "Количество_жителей": 447,
        "Наличие_лифта": false,
        "Наличие_охраны": true,
        "Наличие_парковки": false,
        "Расход_энергии_на_дом": 28768,
        "Наличие_спортивного_зала": true,
        "Расстояние_до_центра": 2,
        "Расстояние_до_метро": 7,
        "Расстояние_до_школы": 1
    },
    {
        "Название": "Котова Лтд",
        "Адрес": "клх Чикола, пер. 1 Мая, д. 361 стр. 99, 771043",
        "Количество_этажей": 37,
        "Количество_квартир": 259,
        "Год_постройки": "1991",
        "Тип_материала": "железобетон",
        "Площадь_квартиры": 114,
        "Количество_жителей": 445,
        "Наличие_лифта": true,
        "Наличие_охраны": true,
        "Наличие_парковки": false,
        "Расход_энергии_на_дом": 10820,
        "Наличие_спортивного_зала": true,
        "Расстояние_до_центра": 7,
        "Расстояние_до_метро": 6,
        "Расстояние_до_школы": 1
    },
    {
        "Название": "Группа Эссен",
        "Адрес": "клх Саратов, бул. Маяковского, д. 51, 895774",
        "Количество_этажей": 33,
        "Количество_квартир": 231,
        "Год_постройки": "1990",
        "Тип_материала": "стекло",
        "Площадь_квартиры": 170,
        "Количество_жителей": 261,
        "Наличие_лифта": true,
        "Наличие_охраны": false,
        "Наличие_парковки": false,
        "Расход_энергии_на_дом": 27558,
        "Наличие_спортивного_зала": false,
        "Расстояние_до_центра": 11,
        "Расстояние_до_метро": 1,
        "Расстояние_до_школы": 5
    },
    {
        "Название": "ООО «Козлов, Никитин и Костина»",
        "Адрес": "ст. Кандалакша, наб. Ленинградская, д. 79 к. 5/8, 903267",
        "Количество_этажей": 21,
        "Количество_квартир": 147,
        "Год_постройки": "2018",
        "Тип_материала": "железобетон",
        "Площадь_квартиры": 117,
        "Количество_жителей": 53,
        "Наличие_лифта": false,
        "Наличие_охраны": true,
        "Наличие_парковки": true,
        "Расход_энергии_на_дом": 22423,
        "Наличие_спортивного_зала": true,
        "Расстояние_до_центра": 1,
        "Расстояние_до_метро": 1,
        "Расстояние_до_школы": 4
    },
    {
        "Название": "РАО «Миронов Русакова»",
        "Адрес": "к. Апрелевка, наб. Р.Люксембург, д. 54, 400717",
        "Количество_этажей": 25,
        "Количество_квартир": 175,
        "Год_постройки": "1992",
        "Тип_материала": "кирпич",
        "Площадь_квартиры": 200,
        "Количество_жителей": 465,
        "Наличие_лифта": false,
        "Наличие_охраны": true,
        "Наличие_парковки": false,
        "Расход_энергии_на_дом": 15857,
        "Наличие_спортивного_зала": false,
        "Расстояние_до_центра": 9,
        "Расстояние_до_метро": 6,
        "Расстояние_до_школы": 3
    },
    {
        "Название": "РАО «Тетерина»",
        "Адрес": "ст. Сортавала, пер. Целинный, д. 5/1 стр. 865, 424431",
        "Количество_этажей": 45,
        "Количество_квартир": 315,
        "Год_постройки": "1985",
        "Тип_материала": "железобетон",
        "Площадь_квартиры": 197,
        "Количество_жителей": 347,
        "Наличие_лифта": true,
        "Наличие_охраны": true,
        "Наличие_парковки": false,
        "Расход_энергии_на_дом": 12306,
        "Наличие_спортивного_зала": false,
        "Расстояние_до_центра": 20,
        "Расстояние_до_метро": 7,
        "Расстояние_до_школы": 5
    },
    {
        "Название": "Голубев Инк",
        "Адрес": "с. Чехов, ул. Черемушки, д. 2/6 стр. 76, 320408",
        "Количество_этажей": 27,
        "Количество_квартир": 189,
        "Год_постройки": "1973",
        "Тип_материала": "железобетон",
        "Площадь_квартиры": 69,
        "Количество_жителей": 216,
        "Наличие_лифта": false,
        "Наличие_охраны": true,
        "Наличие_парковки": true,
        "Расход_энергии_на_дом": 28308,
        "Наличие_спортивного_зала": true,
        "Расстояние_до_центра": 14,
        "Расстояние_до_метро": 8,
        "Расстояние_до_школы": 5
    }
]