[
    {
        "Название": "ОАО «Исакова, Афанасьев и Никитин»",
        "Адрес": "с. Елабуга, пр. Красноармейский, д. 73 к. 56, 924045",
        "Количество_этажей": 41,
        "Количество_квартир": 287,
        "Год_постройки": "1997",
        "Тип_материала": "стекло",
        "Площадь_квартиры": 165,
        "Количество_жителей": 301,
        "Наличие_лифта": true,
        "Наличие_охраны": false,
        "Наличие_парковки": true,
        "Расход_энергии_на_дом": 34673,
        "Наличие_спортивного_зала": true,
        "Расстояние_до_центра": 10,
        "Расстояние_до_метро": 4,
        "Расстояние_до_школы": 2
    },
    {
        "Название": "Баранова и партнеры",
        "Адрес": "г. Сызрань, пр. Химиков, д. 6/8 к. 9, 518851",
        "Количество_этажей": 34,
        "Количество_квартир": 238,
        "Год_постройки": "1989",
        "Тип_материала": "кирпич",
        "Площадь_квартиры": 164,
        "Количество_жителей": 320,
        "Наличие_лифта": true,
        "Наличие_охраны": true,
        "Наличие_парковки": true,
        "Расход_энергии_на_дом": 20920,
        "Наличие_спортивного_зала": false,
        "Расстояние_до_центра": 10,
        "Расстояние_до_метро": 7,
        "Расстояние_до_школы": 3
    },
    {
        "Название": "РАО «Ермаков-Котова»",
        "Адрес": "ст. Минеральные Воды, ш. Крымское, д. 3/3 стр. 64, 420203",
        "Количество_этажей": 40,
        "Количество_квартир": 280,
        "Год_постройки": "2017",
        "Тип_материала": "кирпич",
        "Площадь_квартиры": 180,
        "Количество_жителей": 217,
        "Наличие_лифта": true,
        "Наличие_охраны": true,
        "Наличие_парковки": true,
        "Расход_энергии_на_дом": 18391,
        "Наличие_спортивного_зала": true,
        "Расстояние_до_центра": 4,
        "Расстояние_до_метро": 3,
        "Расстояние_до_школы": 5
    },
    {
        "Название": "ОАО «Капустин»",
        "Адрес": "д. Гремячинск (Бурят.), пер. Гайдара, д. 92 стр. 8/2, 001567",
        "Количество_этажей": 34,
        "Количество_квартир": 238,
        "Год_постройки": "1982",
        "Тип_материала": "железобетон",
        "Площадь_квартиры": 92,
        "Количество_жителей": 100,
        "Наличие_лифта": true,
        "Наличие_охраны": true,
        "Наличие_парковки": false,
        "Расход_энергии_на_дом": 17356,
        "Наличие_спортивного_зала": false,
        "Расстояние_до_центра": 9,
        "Расстояние_до_метро": 2,
        "Расстояние_до_школы": 1
    },
    {
        "Название": "Дмитриев Лимитед",
        "Адрес": "к. Егорьевск, пр. Путевой, д. 69 стр. 1/6, 636064",
        "Количество_этажей": 48,
        "Количество_квартир": 336,
        "Год_постройки": "1991",
        "Тип_материала": "стекло",
        "Площадь_квартиры": 84,
        "Количество_жителей": 338,
        "Наличие_лифта": true,
        "Наличие_охраны": true,
        "Наличие_парковки": true,
        "Расход_энергии_на_дом": 38343,
        "Наличие_спортивного_зала": false,
        "Расстояние_до_центра": 8,
        "Расстояние_до_метро": 4,
        "Расстояние_до_школы": 2
    },
    {
        "Название": "РАО «Наумова, Горбунов и Марков»",
        "Адрес": "клх Усть-Джегута, бул. Камский, д. 96 к. 6/2, 060945",
        "Количество_этажей": 34,
        "Количество_квартир": 238,
        "Год_постройки": "2009",
        "Тип_материала": "стекло",
        "Площадь_квартиры": 120,
        "Количество_жителей": 493,
        "Наличие_лифта": true,
        "Наличие_охраны": false,
        "Наличие_парковки": true,
        "Расход_энергии_на_дом": 41784,
        "Наличие_спортивного_зала": true,
        "Расстояние_до_центра": 12,
        "Расстояние_до_метро": 5,
        "Расстояние_до_школы": 1
    },
    {
        "Название": "СТД Петрович",
        "Адрес": "п. Адыгейск, пр. Киевский, д. 51 к. 7, 164795",
        "Количество_этажей": 35,
        "Количество_квартир": 245,
        "Год_постройки": "2022",
        "Тип_материала": "железобетон",
        "Площадь_квартиры": 91,
        "Количество_жителей": 442,
        "Наличие_лифта": false,
        "Наличие_охраны": false,
        "Наличие_парковки": false,
        "Расход_энергии_на_дом": 49239,
        "Наличие_спортивного_зала": false,
        "Расстояние_до_центра": 5,
        "Расстояние_до_метро": 4,
        "Расстояние_до_школы": 3
    },
    {
        "Название": "Метрострой",
        "Адрес": "ст. Тында, алл. Нижняя, д. 9/4, 598877",
        "Количество_этажей": 24,
        "Количество_квартир": 168,
        "Год_постройки": "1978",
        "Тип_материала": "железобетон",
        "Площадь_квартиры": 192,
        "Количество_жителей": 440,
        "Наличие_лифта": true,
        "Наличие_охраны": true,
        "Наличие_парковки": false,
        "Расход_энергии_на_дом": 16784,
        "Наличие_спортивного_зала": false,
        "Расстояние_до_центра": 12,
        "Расстояние_до_метро": 8,
        "Расстояние_до_школы": 4
    },
    {
        "Название": "Гленкор Агро Мзк (Firada)",
        "Адрес": "ст. Волгодонск, бул. Социалистический, д. 35 к. 4/6, 094966",
        "Количество_этажей": 47,
        "Количество_квартир": 329,
        "Год_постройки": "2001",
        "Тип_материала": "стекло",
        "Площадь_квартиры": 131,
        "Количество_жителей": 327,
        "Наличие_лифта": true,
        "Наличие_охраны": false,
        "Наличие_парковки": true,
        "Расход_энергии_на_дом": 13327,
        "Наличие_спортивного_зала": true,
        "Расстояние_до_центра": 20,
        "Расстояние_до_метро": 6,
        "Расстояние_до_школы": 4
    },
    {
        "Название": "Бирюков и партнеры",
        "Адрес": "г. Казань, алл. Озерная, д. 685, 592195",
        "Количество_этажей": 25,
        "Количество_квартир": 175,
        "Год_постройки": "1976",
        "Тип_материала": "кирпич",
        "Площадь_квартиры": 61,
        "Количество_жителей": 494,
        "Наличие_лифта": true,
        "Наличие_охраны": false,
        "Наличие_парковки": true,
        "Расход_энергии_на_дом": 21795,
        "Наличие_спортивного_зала": false,
        "Расстояние_до_центра": 17,
        "Расстояние_до_метро": 7,
        "Расстояние_до_школы": 5
    },
    {
        "Название": "АО «Виноградов»",
        "Адрес": "клх Красноуфимск, пер. Карбышева, д. 879 к. 81, 134062",
        "Количество_этажей": 44,
        "Количество_квартир": 308,
        "Год_постройки": "2014",
        "Тип_материала": "стекло",
        "Площадь_квартиры": 121,
        "Количество_жителей": 228,
        "Наличие_лифта": false,
        "Наличие_охраны": true,
        "Наличие_парковки": false,
        "Расход_энергии_на_дом": 31396,
        "Наличие_спортивного_зала": true,
        "Расстояние_до_центра": 20,
        "Расстояние_до_метро": 8,
        "Расстояние_до_школы": 3
    },
    {
        "Название": "ОАО «Рыбаков-Лыткина»",
        "Адрес": "к. Адлер, наб. Королева, д. 3/5 стр. 8, 259506",
        "Количество_этажей": 34,
        "Количество_квартир": 238,
        "Год_постройки": "1972",
        "Тип_материала": "стекло",
        "Площадь_квартиры": 55,
        "Количество_жителей": 407,
        "Наличие_лифта": true,
        "Наличие_охраны": true,
        "Наличие_парковки": false,
        "Расход_энергии_на_дом": 30166,
        "Наличие_спортивного_зала": true,
        "Расстояние_до_центра": 13,
        "Расстояние_до_метро": 7,
        "Расстояние_до_школы": 2
    },
    {
        "Название": "ИП «Щукин-Якушева»",
        "Адрес": "клх Игнашино, ул. Рябиновая, д. 9 к. 622, 507269",
        "Количество_этажей": 22,
        "Количество_квартир": 154,
        "Год_постройки": "1971",
        "Тип_материала": "стекло",
        "Площадь_квартиры": 177,
        "Количество_жителей": 355,
        "Наличие_лифта": true,
        "Наличие_охраны": false,
        "Наличие_парковки": true,
        "Расход_энергии_на_дом": 14415,
        "Наличие_спортивного_зала": false,
        "Расстояние_до_центра": 5,
        "Расстояние_до_метро": 6,
        "Расстояние_до_школы": 5
    },
    {
        "Название": "ИП «Уварова, Ситникова и Дроздова»",
        "Адрес": "п. Объячево, ш. Специалистов, д. 4 стр. 2, 321569",
        "Количество_этажей": 44,
        "Количество_квартир": 308,
        "Год_постройки": "2018",
        "Тип_материала": "кирпич",
        "Площадь_квартиры": 149,
        "Количество_жителей": 190,
        "Наличие_лифта": true,
        "Наличие_охраны": false,
        "Наличие_парковки": true,
        "Расход_энергии_на_дом": 49998,
        "Наличие_спортивного_зала": false,
        "Расстояние_до_центра": 6,
        "Расстояние_до_метро": 1,
        "Расстояние_до_школы": 2
    },
    {
        "Название": "Алексеева Групп",
        "Адрес": "к. Орел, алл. Степная, д. 71, 421186",
        "Количество_этажей": 31,
        "Количество_квартир": 217,
        "Год_постройки": "1983",
        "Тип_материала": "кирпич",
        "Площадь_квартиры": 165,
        "Количество_жителей": 220,
        "Наличие_лифта": false,
        "Наличие_охраны": false,
        "Наличие_парковки": true,
        "Расход_энергии_на_дом": 20293,
        "Наличие_спортивного_зала": false,
        "Расстояние_до_центра": 13,
        "Расстояние_до_метро": 9,
        "Расстояние_до_школы": 1
    }
]