[
    {
        "Название": "ИП «Трофимов, Пестова и Калашников»",
        "Адрес": "к. Диксон, ул. Ветеранов, д. 38, 536354",
        "Количество_этажей": 33,
        "Количество_квартир": 231,
        "Год_постройки": "1994",
        "Тип_материала": "стекло",
        "Площадь_квартиры": 54,
        "Количество_жителей": 418,
        "Наличие_лифта": true,
        "Наличие_охраны": true,
        "Наличие_парковки": true,
        "Расход_энергии_на_дом": 16072,
        "Наличие_спортивного_зала": false,
        "Расстояние_до_центра": 15,
        "Расстояние_до_метро": 8,
        "Расстояние_до_школы": 4
    },
    {
        "Название": "ОАО «Куликова»",
        "Адрес": "г. Сургут (Хант.), алл. Виноградная, д. 23, 848877",
        "Количество_этажей": 20,
        "Количество_квартир": 140,
        "Год_постройки": "2000",
        "Тип_материала": "стекло",
        "Площадь_квартиры": 114,
        "Количество_жителей": 282,
        "Наличие_лифта": true,
        "Наличие_охраны": true,
        "Наличие_парковки": true,
        "Расход_энергии_на_дом": 47746,
        "Наличие_спортивного_зала": false,
        "Расстояние_до_центра": 3,
        "Расстояние_до_метро": 10,
        "Расстояние_до_школы": 5
    },
    {
        "Название": "Щекиноазот",
        "Адрес": "п. Забайкальск, ул. Плеханова, д. 322 стр. 2/9, 373771",
        "Количество_этажей": 21,
        "Количество_квартир": 147,
        "Год_постройки": "2009",
        "Тип_материала": "кирпич",
        "Площадь_квартиры": 178,
        "Количество_жителей": 66,
        "Наличие_лифта": false,
        "Наличие_охраны": true,
        "Наличие_парковки": false,
        "Расход_энергии_на_дом": 31446,
        "Наличие_спортивного_зала": false,
        "Расстояние_до_центра": 12,
        "Расстояние_до_метро": 6,
        "Расстояние_до_школы": 1
    },
    {
        "Название": "РАО «Журавлев-Калашникова»",
        "Адрес": "ст. Гагарин, пр. Кочубея, д. 7 к. 3, 790421",
        "Количество_этажей": 38,
        "Количество_квартир": 266,
        "Год_постройки": "1990",
        "Тип_материала": "стекло",
        "Площадь_квартиры": 115,
        "Количество_жителей": 421,
        "Наличие_лифта": true,
        "Наличие_охраны": true,
        "Наличие_парковки": true,
        "Расход_энергии_на_дом": 29085,
        "Наличие_спортивного_зала": false,
        "Расстояние_до_центра": 14,
        "Расстояние_до_метро": 1,
        "Расстояние_до_школы": 1
    },
    {
        "Название": "АО «Панфилов, Меркушева и Горбачева»",
        "Адрес": "к. Каменск-Шахтинский, ул. Специалистов, д. 7/9 к. 127, 170489",
        "Количество_этажей": 34,
        "Количество_квартир": 238,
        "Год_постройки": "1970",
        "Тип_материала": "кирпич",
        "Площадь_квартиры": 174,
        "Количество_жителей": 439,
        "Наличие_лифта": true,
        "Наличие_охраны": false,
        "Наличие_парковки": true,
        "Расход_энергии_на_дом": 22399,
        "Наличие_спортивного_зала": false,
        "Расстояние_до_центра": 6,
        "Расстояние_до_метро": 6,
        "Расстояние_до_школы": 3
    },
    {
        "Название": "Тетра Пак (Tetra Pak)",
        "Адрес": "ст. Саратов, пр. Вишневый, д. 2, 075188",
        "Количество_этажей": 29,
        "Количество_квартир": 203,
        "Год_постройки": "1976",
        "Тип_материала": "железобетон",
        "Площадь_квартиры": 199,
        "Количество_жителей": 450,
        "Наличие_лифта": false,
        "Наличие_охраны": false,
        "Наличие_парковки": true,
        "Расход_энергии_на_дом": 25220,
        "Наличие_спортивного_зала": false,
        "Расстояние_до_центра": 5,
        "Расстояние_до_метро": 3,
        "Расстояние_до_школы": 5
    },
    {
        "Название": "Михайлова Инкорпорэйтед",
        "Адрес": "г. Краснокамск, бул. Амурский, д. 6 к. 9/2, 271810",
        "Количество_этажей": 24,
        "Количество_квартир": 168,
        "Год_постройки": "2021",
        "Тип_материала": "кирпич",
        "Площадь_квартиры": 160,
        "Количество_жителей": 104,
        "Наличие_лифта": false,
        "Наличие_охраны": false,
        "Наличие_парковки": false,
        "Расход_энергии_на_дом": 28368,
        "Наличие_спортивного_зала": false,
        "Расстояние_до_центра": 19,
        "Расстояние_до_метро": 3,
        "Расстояние_до_школы": 4
    },
    {
        "Название": "Дикси Групп",
        "Адрес": "п. Ребриха, бул. Ключевой, д. 750 к. 2, 853910",
        "Количество_этажей": 42,
        "Количество_квартир": 294,
        "Год_постройки": "1979",
        "Тип_материала": "кирпич",
        "Площадь_квартиры": 149,
        "Количество_жителей": 391,
        "Наличие_лифта": true,
        "Наличие_охраны": false,
        "Наличие_парковки": false,
        "Расход_энергии_на_дом": 39297,
        "Наличие_спортивного_зала": true,
        "Расстояние_до_центра": 9,
        "Расстояние_до_метро": 3,
        "Расстояние_до_школы": 5
    },
    {
        "Название": "Рябов Лтд",
        "Адрес": "г. Сергиев Посад, ул. Трудовая, д. 8 стр. 716, 682186",
        "Количество_этажей": 38,
        "Количество_квартир": 266,
        "Год_постройки": "1998",
        "Тип_материала": "железобетон",
        "Площадь_квартиры": 145,
        "Количество_жителей": 410,
        "Наличие_лифта": true,
        "Наличие_охраны": true,
        "Наличие_парковки": true,
        "Расход_энергии_на_дом": 11554,
        "Наличие_спортивного_зала": true,
        "Расстояние_до_центра": 6,
        "Расстояние_до_метро": 3,
        "Расстояние_до_школы": 1
    },
    {
        "Название": "ООО «Ефремов Нестерова»",
        "Адрес": "клх Камышин, бул. Революции, д. 4/4, 252398",
        "Количество_этажей": 37,
        "Количество_квартир": 259,
        "Год_постройки": "1981",
        "Тип_материала": "стекло",
        "Площадь_квартиры": 109,
        "Количество_жителей": 424,
        "Наличие_лифта": true,
        "Наличие_охраны": true,
        "Наличие_парковки": false,
        "Расход_энергии_на_дом": 42870,
        "Наличие_спортивного_зала": false,
        "Расстояние_до_центра": 14,
        "Расстояние_до_метро": 4,
        "Расстояние_до_школы": 5
    },
    {
        "Название": "ООО «Крылова-Бирюков»",
        "Адрес": "ст. Кабанск, алл. Радужная, д. 4 к. 32, 020440",
        "Количество_этажей": 47,
        "Количество_квартир": 329,
        "Год_постройки": "2014",
        "Тип_материала": "кирпич",
        "Площадь_квартиры": 93,
        "Количество_жителей": 103,
        "Наличие_лифта": true,
        "Наличие_охраны": true,
        "Наличие_парковки": true,
        "Расход_энергии_на_дом": 43884,
        "Наличие_спортивного_зала": true,
        "Расстояние_до_центра": 1,
        "Расстояние_до_метро": 4,
        "Расстояние_до_школы": 5
    },
    {
        "Название": "БМВ Русланд Трейдинг (BMW)",
        "Адрес": "г. Медногорск, ул. Васильковая, д. 8/9, 804655",
        "Количество_этажей": 21,
        "Количество_квартир": 147,
        "Год_постройки": "1974",
        "Тип_материала": "кирпич",
        "Площадь_квартиры": 89,
        "Количество_жителей": 390,
        "Наличие_лифта": true,
        "Наличие_охраны": true,
        "Наличие_парковки": false,
        "Расход_энергии_на_дом": 14095,
        "Наличие_спортивного_зала": false,
        "Расстояние_до_центра": 6,
        "Расстояние_до_метро": 3,
        "Расстояние_до_школы": 1
    },
    {
        "Название": "ОАО «Фадеев»",
        "Адрес": "клх Одинцово, ш. Ореховое, д. 9/2 стр. 863, 404774",
        "Количество_этажей": 32,
        "Количество_квартир": 224,
        "Год_постройки": "2008",
        "Тип_материала": "стекло",
        "Площадь_квартиры": 104,
        "Количество_жителей": 372,
        "Наличие_лифта": true,
        "Наличие_охраны": false,
        "Наличие_парковки": false,
        "Расход_энергии_на_дом": 35338,
        "Наличие_спортивного_зала": false,
        "Расстояние_до_центра": 1,
        "Расстояние_до_метро": 6,
        "Расстояние_до_школы": 2
    },
    {
        "Название": "НПО «Никонов, Александрова и Филатов»",
        "Адрес": "к. Владимир, бул. Сахалинский, д. 50 стр. 7/1, 063185",
        "Количество_этажей": 34,
        "Количество_квартир": 238,
        "Год_постройки": "1990",
        "Тип_материала": "стекло",
        "Площадь_квартиры": 146,
        "Количество_жителей": 100,
        "Наличие_лифта": true,
        "Наличие_охраны": true,
        "Наличие_парковки": true,
        "Расход_энергии_на_дом": 38621,
        "Наличие_спортивного_зала": false,
        "Расстояние_до_центра": 4,
        "Расстояние_до_метро": 7,
        "Расстояние_до_школы": 2
    },
    {
        "Название": "НПО «Силин Беляева»",
        "Адрес": "с. Приозерск, пер. 9 мая, д. 7 к. 6/5, 610922",
        "Количество_этажей": 33,
        "Количество_квартир": 231,
        "Год_постройки": "2018",
        "Тип_материала": "кирпич",
        "Площадь_квартиры": 182,
        "Количество_жителей": 265,
        "Наличие_лифта": false,
        "Наличие_охраны": true,
        "Наличие_парковки": false,
        "Расход_энергии_на_дом": 24892,
        "Наличие_спортивного_зала": false,
        "Расстояние_до_центра": 9,
        "Расстояние_до_метро": 1,
        "Расстояние_до_школы": 1
    }
]