[
    {
        "Название": "Мираторг",
        "Адрес": "к. Мценск, бул. Южный, д. 5/7 стр. 1/6, 965196",
        "Количество_этажей": 46,
        "Количество_квартир": 322,
        "Год_постройки": "1978",
        "Тип_материала": "железобетон",
        "Площадь_квартиры": 127,
        "Количество_жителей": 383,
        "Наличие_лифта": false,
        "Наличие_охраны": false,
        "Наличие_парковки": true,
        "Расход_энергии_на_дом": 10143,
        "Наличие_спортивного_зала": false,
        "Расстояние_до_центра": 18,
        "Расстояние_до_метро": 4,
        "Расстояние_до_школы": 5
    },
    {
        "Название": "ОАО «Ларионова, Шилов и Муравьев»",
        "Адрес": "с. Шахты, ш. Лесозаводское, д. 6/3, 883615",
        "Количество_этажей": 26,
        "Количество_квартир": 182,
        "Год_постройки": "1987",
        "Тип_материала": "стекло",
        "Площадь_квартиры": 148,
        "Количество_жителей": 141,
        "Наличие_лифта": true,
        "Наличие_охраны": true,
        "Наличие_парковки": true,
        "Расход_энергии_на_дом": 21475,
        "Наличие_спортивного_зала": false,
        "Расстояние_до_центра": 15,
        "Расстояние_до_метро": 9,
        "Расстояние_до_школы": 4
    },
    {
        "Название": "РАО «Горбунов, Маркова и Тимофеев»",
        "Адрес": "к. Сузун, алл. Сурикова, д. 19, 019349",
        "Количество_этажей": 43,
        "Количество_квартир": 301,
        "Год_постройки": "2020",
        "Тип_материала": "железобетон",
        "Площадь_квартиры": 78,
        "Количество_жителей": 434,
        "Наличие_лифта": true,
        "Наличие_охраны": true,
        "Наличие_парковки": true,
        "Расход_энергии_на_дом": 34250,
        "Наличие_спортивного_зала": false,
        "Расстояние_до_центра": 11,
        "Расстояние_до_метро": 9,
        "Расстояние_до_школы": 1
    },
    {
        "Название": "АО «Бобылева-Красильникова»",
        "Адрес": "с. Курганинск, ул. Угольная, д. 952 стр. 514, 117262",
        "Количество_этажей": 43,
        "Количество_квартир": 301,
        "Год_постройки": "1979",
        "Тип_материала": "стекло",
        "Площадь_квартиры": 174,
        "Количество_жителей": 152,
        "Наличие_лифта": false,
        "Наличие_охраны": true,
        "Наличие_парковки": false,
        "Расход_энергии_на_дом": 30303,
        "Наличие_спортивного_зала": false,
        "Расстояние_до_центра": 1,
        "Расстояние_до_метро": 10,
        "Расстояние_до_школы": 2
    },
    {
        "Название": "ООО «Мясникова, Богданов и Титов»",
        "Адрес": "д. Щелково, бул. Воровского, д. 23 к. 85, 879100",
        "Количество_этажей": 49,
        "Количество_квартир": 343,
        "Год_постройки": "1997",
        "Тип_материала": "стекло",
        "Площадь_квартиры": 95,
        "Количество_жителей": 272,
        "Наличие_лифта": true,
        "Наличие_охраны": true,
        "Наличие_парковки": true,
        "Расход_энергии_на_дом": 27626,
        "Наличие_спортивного_зала": true,
        "Расстояние_до_центра": 14,
        "Расстояние_до_метро": 10,
        "Расстояние_до_школы": 4
    },
    {
        "Название": "ОАО «Силина Гусев»",
        "Адрес": "к. Ханты-Мансийск, ш. Дорожное, д. 5/1, 893420",
        "Количество_этажей": 24,
        "Количество_квартир": 168,
        "Год_постройки": "1989",
        "Тип_материала": "железобетон",
        "Площадь_квартиры": 87,
        "Количество_жителей": 75,
        "Наличие_лифта": true,
        "Наличие_охраны": true,
        "Наличие_парковки": false,
        "Расход_энергии_на_дом": 42675,
        "Наличие_спортивного_зала": true,
        "Расстояние_до_центра": 13,
        "Расстояние_до_метро": 4,
        "Расстояние_до_школы": 4
    },
    {
        "Название": "Муравьев Лтд",
        "Адрес": "ст. Катайск, ул. Западная, д. 9/9 стр. 755, 645998",
        "Количество_этажей": 28,
        "Количество_квартир": 196,
        "Год_постройки": "1990",
        "Тип_материала": "стекло",
        "Площадь_квартиры": 139,
        "Количество_жителей": 116,
        "Наличие_лифта": true,
        "Наличие_охраны": true,
        "Наличие_парковки": false,
        "Расход_энергии_на_дом": 15789,
        "Наличие_спортивного_зала": false,
        "Расстояние_до_центра": 7,
        "Расстояние_до_метро": 4,
        "Расстояние_до_школы": 5
    },
    {
        "Название": "АО «Ефремов, Козлов и Григорьева»",
        "Адрес": "д. Кондопога, бул. Шахтерский, д. 18 к. 8/4, 572789",
        "Количество_этажей": 27,
        "Количество_квартир": 189,
        "Год_постройки": "2023",
        "Тип_материала": "кирпич",
        "Площадь_квартиры": 53,
        "Количество_жителей": 139,
        "Наличие_лифта": true,
        "Наличие_охраны": true,
        "Наличие_парковки": true,
        "Расход_энергии_на_дом": 14285,
        "Наличие_спортивного_зала": true,
        "Расстояние_до_центра": 6,
        "Расстояние_до_метро": 3,
        "Расстояние_до_школы": 1
    },
    {
        "Название": "АО «Степанова-Мясникова»",
        "Адрес": "с. Баргузин, пр. Парижской Коммуны, д. 3 стр. 6/2, 602555",
        "Количество_этажей": 34,
        "Количество_квартир": 238,
        "Год_постройки": "1991",
        "Тип_материала": "стекло",
        "Площадь_квартиры": 94,
        "Количество_жителей": 278,
        "Наличие_лифта": true,
        "Наличие_охраны": true,
        "Наличие_парковки": false,
        "Расход_энергии_на_дом": 37384,
        "Наличие_спортивного_зала": false,
        "Расстояние_до_центра": 6,
        "Расстояние_до_метро": 4,
        "Расстояние_до_школы": 5
    },
    {
        "Название": "РАО «Ларионов, Галкин и Панова»",
        "Адрес": "ст. Буйнакск, пр. Линейный, д. 847 к. 15, 727031",
        "Количество_этажей": 39,
        "Количество_квартир": 273,
        "Год_постройки": "1976",
        "Тип_материала": "кирпич",
        "Площадь_квартиры": 200,
        "Количество_жителей": 380,
        "Наличие_лифта": true,
        "Наличие_охраны": true,
        "Наличие_парковки": true,
        "Расход_энергии_на_дом": 38306,
        "Наличие_спортивного_зала": false,
        "Расстояние_до_центра": 1,
        "Расстояние_до_метро": 8,
        "Расстояние_до_школы": 4
    },
    {
        "Название": "Некрасов Инк",
        "Адрес": "ст. Терскол, ш. Новоселов, д. 233 стр. 1, 223797",
        "Количество_этажей": 35,
        "Количество_квартир": 245,
        "Год_постройки": "1997",
        "Тип_материала": "стекло",
        "Площадь_квартиры": 118,
        "Количество_жителей": 273,
        "Наличие_лифта": true,
        "Наличие_охраны": false,
        "Наличие_парковки": false,
        "Расход_энергии_на_дом": 10418,
        "Наличие_спортивного_зала": false,
        "Расстояние_до_центра": 15,
        "Расстояние_до_метро": 7,
        "Расстояние_до_школы": 4
    },
    {
        "Название": "НПО «Шарова Воронцов»",
        "Адрес": "клх Кондопога, пр. Курганный, д. 2 к. 8, 418914",
        "Количество_этажей": 20,
        "Количество_квартир": 140,
        "Год_постройки": "1991",
        "Тип_материала": "железобетон",
        "Площадь_квартиры": 72,
        "Количество_жителей": 214,
        "Наличие_лифта": true,
        "Наличие_охраны": true,
        "Наличие_парковки": false,
        "Расход_энергии_на_дом": 35911,
        "Наличие_спортивного_зала": false,
        "Расстояние_до_центра": 9,
        "Расстояние_до_метро": 10,
        "Расстояние_до_школы": 3
    },
    {
        "Название": "РАО «Гуляев, Гуляев и Игнатов»",
        "Адрес": "к. Пышма, ул. Кутузова, д. 956, 432748",
        "Количество_этажей": 40,
        "Количество_квартир": 280,
        "Год_постройки": "1977",
        "Тип_материала": "железобетон",
        "Площадь_квартиры": 116,
        "Количество_жителей": 456,
        "Наличие_лифта": true,
        "Наличие_охраны": true,
        "Наличие_парковки": false,
        "Расход_энергии_на_дом": 20564,
        "Наличие_спортивного_зала": false,
        "Расстояние_до_центра": 20,
        "Расстояние_до_метро": 9,
        "Расстояние_до_школы": 3
    },
    {
        "Название": "ООО «Коновалов-Мясникова»",
        "Адрес": "д. Кедровый, алл. Щербакова, д. 6/6, 091972",
        "Количество_этажей": 46,
        "Количество_квартир": 322,
        "Год_постройки": "1991",
        "Тип_материала": "стекло",
        "Площадь_квартиры": 171,
        "Количество_жителей": 475,
        "Наличие_лифта": true,
        "Наличие_охраны": true,
        "Наличие_парковки": true,
        "Расход_энергии_на_дом": 41937,
        "Наличие_спортивного_зала": true,
        "Расстояние_до_центра": 14,
        "Расстояние_до_метро": 4,
        "Расстояние_до_школы": 4
    },
    {
        "Название": "ООО «Доронин-Петухова»",
        "Адрес": "ст. Южноуральск, ш. Осипенко, д. 8, 885889",
        "Количество_этажей": 27,
        "Количество_квартир": 189,
        "Год_постройки": "2013",
        "Тип_материала": "стекло",
        "Площадь_квартиры": 129,
        "Количество_жителей": 223,
        "Наличие_лифта": false,
        "Наличие_охраны": true,
        "Наличие_парковки": true,
        "Расход_энергии_на_дом": 29249,
        "Наличие_спортивного_зала": false,
        "Расстояние_до_центра": 3,
        "Расстояние_до_метро": 10,
        "Расстояние_до_школы": 3
    }
]