[
    {
        "Название": "РАО «Гаврилов Шилов»",
        "Адрес": "клх Беслан, бул. Курортный, д. 3 к. 6, 322351",
        "Количество_этажей": 32,
        "Количество_квартир": 224,
        "Год_постройки": "1994",
        "Тип_материала": "стекло",
        "Площадь_квартиры": 87,
        "Количество_жителей": 371,
        "Наличие_лифта": true,
        "Наличие_охраны": false,
        "Наличие_парковки": false,
        "Расход_энергии_на_дом": 45700,
        "Наличие_спортивного_зала": true,
        "Расстояние_до_центра": 20,
        "Расстояние_до_метро": 9,
        "Расстояние_до_школы": 1
    },
    {
        "Название": "ООО «Родионов Вишняков»",
        "Адрес": "д. Орск, наб. Зои Космодемьянской, д. 4/3, 652674",
        "Количество_этажей": 31,
        "Количество_квартир": 217,
        "Год_постройки": "2001",
        "Тип_материала": "кирпич",
        "Площадь_квартиры": 71,
        "Количество_жителей": 318,
        "Наличие_лифта": true,
        "Наличие_охраны": true,
        "Наличие_парковки": false,
        "Расход_энергии_на_дом": 16870,
        "Наличие_спортивного_зала": false,
        "Расстояние_до_центра": 9,
        "Расстояние_до_метро": 2,
        "Расстояние_до_школы": 1
    },
    {
        "Название": "ЗАО «Родионов-Гришин»",
        "Адрес": "к. Витим, ш. Спартака, д. 8 стр. 23, 066341",
        "Количество_этажей": 24,
        "Количество_квартир": 168,
        "Год_постройки": "1991",
        "Тип_материала": "кирпич",
        "Площадь_квартиры": 64,
        "Количество_жителей": 449,
        "Наличие_лифта": true,
        "Наличие_охраны": true,
        "Наличие_парковки": true,
        "Расход_энергии_на_дом": 49541,
        "Наличие_спортивного_зала": false,
        "Расстояние_до_центра": 10,
        "Расстояние_до_метро": 4,
        "Расстояние_до_школы": 5
    },
    {
        "Название": "Богданова Лимитед",
        "Адрес": "клх Плесецк, наб. 30 лет Победы, д. 7/1, 834465",
        "Количество_этажей": 46,
        "Количество_квартир": 322,
        "Год_постройки": "2023",
        "Тип_материала": "стекло",
        "Площадь_квартиры": 61,
        "Количество_жителей": 56,
        "Наличие_лифта": true,
        "Наличие_охраны": false,
        "Наличие_парковки": false,
        "Расход_энергии_на_дом": 42687,
        "Наличие_спортивного_зала": false,
        "Расстояние_до_центра": 9,
        "Расстояние_до_метро": 4,
        "Расстояние_до_школы": 3
    },
    {
        "Название": "Власов Лтд",
        "Адрес": "п. Архангельск, ш. Парковое, д. 9/7 к. 3/3, 805830",
        "Количество_этажей": 26,
        "Количество_квартир": 182,
        "Год_постройки": "1976",
        "Тип_материала": "стекло",
        "Площадь_квартиры": 63,
        "Количество_жителей": 385,
        "Наличие_лифта": true,
        "Наличие_охраны": true,
        "Наличие_парковки": false,
        "Расход_энергии_на_дом": 23320,
        "Наличие_спортивного_зала": true,
        "Расстояние_до_центра": 3,
        "Расстояние_до_метро": 10,
        "Расстояние_до_школы": 1
    },
    {
        "Название": "ЗАО «Тимофеев»",
        "Адрес": "клх Данков, ш. Казанское, д. 996 стр. 6/6, 450087",
        "Количество_этажей": 36,
        "Количество_квартир": 252,
        "Год_постройки": "2006",
        "Тип_материала": "стекло",
        "Площадь_квартиры": 63,
        "Количество_жителей": 68,
        "Наличие_лифта": true,
        "Наличие_охраны": true,
        "Наличие_парковки": false,
        "Расход_энергии_на_дом": 32509,
        "Наличие_спортивного_зала": false,
        "Расстояние_до_центра": 10,
        "Расстояние_до_метро": 2,
        "Расстояние_до_школы": 4
    },
    {
        "Название": "ОАО «Зиновьев Тетерин»",
        "Адрес": "п. Гремячинск (Перм.), алл. Раздольная, д. 315 стр. 4, 968229",
        "Количество_этажей": 42,
        "Количество_квартир": 294,
        "Год_постройки": "1978",
        "Тип_материала": "кирпич",
        "Площадь_квартиры": 121,
        "Количество_жителей": 419,
        "Наличие_лифта": true,
        "Наличие_охраны": true,
        "Наличие_парковки": false,
        "Расход_энергии_на_дом": 15291,
        "Наличие_спортивного_зала": true,
        "Расстояние_до_центра": 20,
        "Расстояние_до_метро": 2,
        "Расстояние_до_школы": 2
    },
    {
        "Название": "РАО «Панфилова»",
        "Адрес": "д. Серебряные Пруды, наб. Комсомольская, д. 8/2 к. 1, 788045",
        "Количество_этажей": 30,
        "Количество_квартир": 210,
        "Год_постройки": "2010",
        "Тип_материала": "стекло",
        "Площадь_квартиры": 50,
        "Количество_жителей": 499,
        "Наличие_лифта": true,
        "Наличие_охраны": true,
        "Наличие_парковки": false,
        "Расход_энергии_на_дом": 41881,
        "Наличие_спортивного_зала": false,
        "Расстояние_до_центра": 14,
        "Расстояние_до_метро": 2,
        "Расстояние_до_школы": 2
    },
    {
        "Название": "ЗАО «Кононов, Исаев и Данилова»",
        "Адрес": "п. Гусь-Хрустальный, ш. Театральное, д. 55, 236708",
        "Количество_этажей": 20,
        "Количество_квартир": 140,
        "Год_постройки": "2006",
        "Тип_материала": "железобетон",
        "Площадь_квартиры": 101,
        "Количество_жителей": 425,
        "Наличие_лифта": false,
        "Наличие_охраны": true,
        "Наличие_парковки": false,
        "Расход_энергии_на_дом": 40524,
        "Наличие_спортивного_зала": true,
        "Расстояние_до_центра": 15,
        "Расстояние_до_метро": 6,
        "Расстояние_до_школы": 4
    },
    {
        "Название": "ООО «Дмитриев, Костина и Меркушев»",
        "Адрес": "п. Улан-Удэ, алл. Боровая, д. 833 к. 83, 562635",
        "Количество_этажей": 21,
        "Количество_квартир": 147,
        "Год_постройки": "2021",
        "Тип_материала": "кирпич",
        "Площадь_квартиры": 117,
        "Количество_жителей": 335,
        "Наличие_лифта": true,
        "Наличие_охраны": true,
        "Наличие_парковки": true,
        "Расход_энергии_на_дом": 48352,
        "Наличие_спортивного_зала": true,
        "Расстояние_до_центра": 10,
        "Расстояние_до_метро": 1,
        "Расстояние_до_школы": 4
    },
    {
        "Название": "РАО «Лаврентьева»",
        "Адрес": "ст. Саратов, наб. Ворошилова, д. 2 стр. 8, 950018",
        "Количество_этажей": 31,
        "Количество_квартир": 217,
        "Год_постройки": "1981",
        "Тип_материала": "стекло",
        "Площадь_квартиры": 80,
        "Количество_жителей": 85,
        "Наличие_лифта": true,
        "Наличие_охраны": true,
        "Наличие_парковки": false,
        "Расход_энергии_на_дом": 20915,
        "Наличие_спортивного_зала": true,
        "Расстояние_до_центра": 14,
        "Расстояние_до_метро": 8,
        "Расстояние_до_школы": 3
    },
    {
        "Название": "ООО «Капустина»",
        "Адрес": "п. Мирный, пер. Краснопартизанский, д. 564 к. 84, 416092",
        "Количество_этажей": 34,
        "Количество_квартир": 238,
        "Год_постройки": "1977",
        "Тип_материала": "железобетон",
        "Площадь_квартиры": 177,
        "Количество_жителей": 224,
        "Наличие_лифта": true,
        "Наличие_охраны": true,
        "Наличие_парковки": true,
        "Расход_энергии_на_дом": 14785,
        "Наличие_спортивного_зала": true,
        "Расстояние_до_центра": 8,
        "Расстояние_до_метро": 2,
        "Расстояние_до_школы": 5
    },
    {
        "Название": "ООО «Савина, Самойлова и Бурова»",
        "Адрес": "клх Боровск, алл. Чайкиной, д. 9 стр. 31, 020741",
        "Количество_этажей": 26,
        "Количество_квартир": 182,
        "Год_постройки": "2018",
        "Тип_материала": "кирпич",
        "Площадь_квартиры": 108,
        "Количество_жителей": 403,
        "Наличие_лифта": false,
        "Наличие_охраны": true,
        "Наличие_парковки": false,
        "Расход_энергии_на_дом": 40020,
        "Наличие_спортивного_зала": true,
        "Расстояние_до_центра": 16,
        "Расстояние_до_метро": 3,
        "Расстояние_до_школы": 4
    },
    {
        "Название": "НПО «Колобова»",
        "Адрес": "к. Нефтегорск (Самар.), ул. Производственная, д. 1/1 стр. 8, 692062",
        "Количество_этажей": 44,
        "Количество_квартир": 308,
        "Год_постройки": "1990",
        "Тип_материала": "кирпич",
        "Площадь_квартиры": 173,
        "Количество_жителей": 60,
        "Наличие_лифта": true,
        "Наличие_охраны": true,
        "Наличие_парковки": true,
        "Расход_энергии_на_дом": 36810,
        "Наличие_спортивного_зала": false,
        "Расстояние_до_центра": 12,
        "Расстояние_до_метро": 4,
        "Расстояние_до_школы": 2
    },
    {
        "Название": "Титан",
        "Адрес": "д. Губаха, пер. Медицинский, д. 9/6 к. 133, 155094",
        "Количество_этажей": 20,
        "Количество_квартир": 140,
        "Год_постройки": "1974",
        "Тип_материала": "кирпич",
        "Площадь_квартиры": 53,
        "Количество_жителей": 156,
        "Наличие_лифта": true,
        "Наличие_охраны": false,
        "Наличие_парковки": false,
        "Расход_энергии_на_дом": 33136,
        "Наличие_спортивного_зала": false,
        "Расстояние_до_центра": 18,
        "Расстояние_до_метро": 6,
        "Расстояние_до_школы": 4
    }
]