[
    {
        "Название": "РАО «Лаврентьев»",
        "Адрес": "клх Красновишерск, ул. Льва Толстого, д. 486, 035247",
        "Количество_этажей": 21,
        "Количество_квартир": 147,
        "Год_постройки": "2015",
        "Тип_материала": "стекло",
        "Площадь_квартиры": 198,
        "Количество_жителей": 197,
        "Наличие_лифта": true,
        "Наличие_охраны": true,
        "Наличие_парковки": true,
        "Расход_энергии_на_дом": 21443,
        "Наличие_спортивного_зала": false,
        "Расстояние_до_центра": 5,
        "Расстояние_до_метро": 1,
        "Расстояние_до_школы": 5
    },
    {
        "Название": "Промышленно-металлургический холдинг",
        "Адрес": "п. Южноуральск, наб. Космическая, д. 12 к. 8/2, 273746",
        "Количество_этажей": 43,
        "Количество_квартир": 301,
        "Год_постройки": "1971",
        "Тип_материала": "железобетон",
        "Площадь_квартиры": 109,
        "Количество_жителей": 261,
        "Наличие_лифта": true,
        "Наличие_охраны": true,
        "Наличие_парковки": true,
        "Расход_энергии_на_дом": 46817,
        "Наличие_спортивного_зала": true,
        "Расстояние_до_центра": 16,
        "Расстояние_до_метро": 4,
        "Расстояние_до_школы": 5
    },
    {
        "Название": "ЗАО «Волков-Гущин»",
        "Адрес": "г. Малгобек, пер. Октябрьский, д. 213 стр. 717, 631561",
        "Количество_этажей": 35,
        "Количество_квартир": 245,
        "Год_постройки": "1981",
        "Тип_материала": "стекло",
        "Площадь_квартиры": 177,
        "Количество_жителей": 219,
        "Наличие_лифта": true,
        "Наличие_охраны": true,
        "Наличие_парковки": true,
        "Расход_энергии_на_дом": 36207,
        "Наличие_спортивного_зала": true,
        "Расстояние_до_центра": 20,
        "Расстояние_до_метро": 7,
        "Расстояние_до_школы": 1
    },
    {
        "Название": "ВЭБ.РФ",
        "Адрес": "г. Кыштым, бул. 9 Января, д. 40 к. 80, 483887",
        "Количество_этажей": 22,
        "Количество_квартир": 154,
        "Год_постройки": "1993",
        "Тип_материала": "железобетон",
        "Площадь_квартиры": 96,
        "Количество_жителей": 169,
        "Наличие_лифта": true,
        "Наличие_охраны": true,
        "Наличие_парковки": true,
        "Расход_энергии_на_дом": 26887,
        "Наличие_спортивного_зала": false,
        "Расстояние_до_центра": 1,
        "Расстояние_до_метро": 9,
        "Расстояние_до_школы": 3
    },
    {
        "Название": "РАО «Ситникова-Тарасова»",
        "Адрес": "к. Новомосковск, алл. 8 Марта, д. 7/2 к. 6/3, 750088",
        "Количество_этажей": 20,
        "Количество_квартир": 140,
        "Год_постройки": "1993",
        "Тип_материала": "кирпич",
        "Площадь_квартиры": 69,
        "Количество_жителей": 286,
        "Наличие_лифта": true,
        "Наличие_охраны": true,
        "Наличие_парковки": true,
        "Расход_энергии_на_дом": 25904,
        "Наличие_спортивного_зала": true,
        "Расстояние_до_центра": 11,
        "Расстояние_до_метро": 10,
        "Расстояние_до_школы": 1
    },
    {
        "Название": "Мельников и партнеры",
        "Адрес": "ст. Бийск, наб. Азовская, д. 8/2 стр. 1, 974488",
        "Количество_этажей": 20,
        "Количество_квартир": 140,
        "Год_постройки": "1998",
        "Тип_материала": "железобетон",
        "Площадь_квартиры": 63,
        "Количество_жителей": 479,
        "Наличие_лифта": false,
        "Наличие_охраны": false,
        "Наличие_парковки": false,
        "Расход_энергии_на_дом": 16636,
        "Наличие_спортивного_зала": false,
        "Расстояние_до_центра": 6,
        "Расстояние_до_метро": 9,
        "Расстояние_до_школы": 5
    },
    {
        "Название": "АО «Матвеев Харитонов»",
        "Адрес": "к. Гагарин, ш. Коммуны, д. 7/1 к. 75, 479335",
        "Количество_этажей": 40,
        "Количество_квартир": 280,
        "Год_постройки": "1985",
        "Тип_материала": "стекло",
        "Площадь_квартиры": 148,
        "Количество_жителей": 394,
        "Наличие_лифта": true,
        "Наличие_охраны": true,
        "Наличие_парковки": false,
        "Расход_энергии_на_дом": 33833,
        "Наличие_спортивного_зала": false,
        "Расстояние_до_центра": 6,
        "Расстояние_до_метро": 5,
        "Расстояние_до_школы": 3
    },
    {
        "Название": "РАО «Ефимова, Комарова и Николаева»",
        "Адрес": "к. Смирных, ш. Специалистов, д. 790 стр. 9/2, 729880",
        "Количество_этажей": 22,
        "Количество_квартир": 154,
        "Год_постройки": "2009",
        "Тип_материала": "стекло",
        "Площадь_квартиры": 59,
        "Количество_жителей": 159,
        "Наличие_лифта": true,
        "Наличие_охраны": true,
        "Наличие_парковки": false,
        "Расход_энергии_на_дом": 36446,
        "Наличие_спортивного_зала": true,
        "Расстояние_до_центра": 6,
        "Расстояние_до_метро": 2,
        "Расстояние_до_школы": 1
    },
    {
        "Название": "Р-Фарм",
        "Адрес": "ст. Александровск-Сахалинский, бул. Маркса, д. 5 стр. 1, 276611",
        "Количество_этажей": 27,
        "Количество_квартир": 189,
        "Год_постройки": "2000",
        "Тип_материала": "кирпич",
        "Площадь_квартиры": 152,
        "Количество_жителей": 171,
        "Наличие_лифта": true,
        "Наличие_охраны": false,
        "Наличие_парковки": true,
        "Расход_энергии_на_дом": 17406,
        "Наличие_спортивного_зала": false,
        "Расстояние_до_центра": 8,
        "Расстояние_до_метро": 9,
        "Расстояние_до_школы": 3
    },
    {
        "Название": "ООО «Алексеев, Горбунов и Пестова»",
        "Адрес": "д. Нефедова, пер. Малый, д. 9/5 стр. 8, 451900",
        "Количество_этажей": 37,
        "Количество_квартир": 259,
        "Год_постройки": "2022",
        "Тип_материала": "кирпич",
        "Площадь_квартиры": 115,
        "Количество_жителей": 188,
        "Наличие_лифта": false,
        "Наличие_охраны": true,
        "Наличие_парковки": true,
        "Расход_энергии_на_дом": 27283,
        "Наличие_спортивного_зала": true,
        "Расстояние_до_центра": 6,
        "Расстояние_до_метро": 6,
        "Расстояние_до_школы": 4
    },
    {
        "Название": "Ефимова Лтд",
        "Адрес": "ст. Хабаровск, ш. 60 лет Октября, д. 4/6 к. 144, 252586",
        "Количество_этажей": 50,
        "Количество_квартир": 350,
        "Год_постройки": "2018",
        "Тип_материала": "железобетон",
        "Площадь_квартиры": 84,
        "Количество_жителей": 277,
        "Наличие_лифта": false,
        "Наличие_охраны": true,
        "Наличие_парковки": false,
        "Расход_энергии_на_дом": 42810,
        "Наличие_спортивного_зала": false,
        "Расстояние_до_центра": 11,
        "Расстояние_до_метро": 1,
        "Расстояние_до_школы": 1
    },
    {
        "Название": "Воробьев Групп",
        "Адрес": "с. Лабинск, пер. Стахановский, д. 9/5, 119069",
        "Количество_этажей": 28,
        "Количество_квартир": 196,
        "Год_постройки": "2017",
        "Тип_материала": "железобетон",
        "Площадь_квартиры": 85,
        "Количество_жителей": 159,
        "Наличие_лифта": true,
        "Наличие_охраны": true,
        "Наличие_парковки": true,
        "Расход_энергии_на_дом": 28602,
        "Наличие_спортивного_зала": false,
        "Расстояние_до_центра": 9,
        "Расстояние_до_метро": 3,
        "Расстояние_до_школы": 4
    },
    {
        "Название": "ЗАО «Афанасьев-Данилова»",
        "Адрес": "клх Чикола, алл. Полтавская, д. 7/1 стр. 6/9, 334391",
        "Количество_этажей": 50,
        "Количество_квартир": 350,
        "Год_постройки": "1983",
        "Тип_материала": "стекло",
        "Площадь_квартиры": 179,
        "Количество_жителей": 372,
        "Наличие_лифта": true,
        "Наличие_охраны": true,
        "Наличие_парковки": false,
        "Расход_энергии_на_дом": 36864,
        "Наличие_спортивного_зала": false,
        "Расстояние_до_центра": 17,
        "Расстояние_до_метро": 3,
        "Расстояние_до_школы": 1
    },
    {
        "Название": "ООО «Князев, Шарова и Петров»",
        "Адрес": "ст. Чегем, бул. Минский, д. 10 к. 73, 249292",
        "Количество_этажей": 38,
        "Количество_квартир": 266,
        "Год_постройки": "2023",
        "Тип_материала": "кирпич",
        "Площадь_квартиры": 71,
        "Количество_жителей": 117,
        "Наличие_лифта": true,
        "Наличие_охраны": false,
        "Наличие_парковки": true,
        "Расход_энергии_на_дом": 17577,
        "Наличие_спортивного_зала": false,
        "Расстояние_до_центра": 10,
        "Расстояние_до_метро": 10,
        "Расстояние_до_школы": 2
    },
    {
        "Название": "АО «Николаева-Григорьева»",
        "Адрес": "г. Сортавала, бул. Молодежный, д. 640, 564619",
        "Количество_этажей": 40,
        "Количество_квартир": 280,
        "Год_постройки": "1978",
        "Тип_материала": "железобетон",
        "Площадь_квартиры": 178,
        "Количество_жителей": 301,
        "Наличие_лифта": true,
        "Наличие_охраны": true,
        "Наличие_парковки": false,
        "Расход_энергии_на_дом": 38498,
        "Наличие_спортивного_зала": true,
        "Расстояние_до_центра": 10,
        "Расстояние_до_метро": 6,
        "Расстояние_до_школы": 2
    }
]