[
    {
        "Название": "ИП «Романова Власов»",
        "Адрес": "к. Череповец, алл. Ульянова, д. 7/4 стр. 7, 247673",
        "Количество_этажей": 48,
        "Количество_квартир": 336,
        "Год_постройки": "1982",
        "Тип_материала": "кирпич",
        "Площадь_квартиры": 174,
        "Количество_жителей": 312,
        "Наличие_лифта": true,
        "Наличие_охраны": true,
        "Наличие_парковки": false,
        "Расход_энергии_на_дом": 38648,
        "Наличие_спортивного_зала": false,
        "Расстояние_до_центра": 8,
        "Расстояние_до_метро": 9,
        "Расстояние_до_школы": 4
    },
    {
        "Название": "ИП «Ершова, Филиппов и Артемьев»",
        "Адрес": "п. Шатой, ул. Березовая, д. 2/3 к. 3, 662706",
        "Количество_этажей": 29,
        "Количество_квартир": 203,
        "Год_постройки": "2017",
        "Тип_материала": "стекло",
        "Площадь_квартиры": 185,
        "Количество_жителей": 461,
        "Наличие_лифта": true,
        "Наличие_охраны": false,
        "Наличие_парковки": false,
        "Расход_энергии_на_дом": 12200,
        "Наличие_спортивного_зала": false,
        "Расстояние_до_центра": 2,
        "Расстояние_до_метро": 5,
        "Расстояние_до_школы": 4
    },
    {
        "Название": "ИП «Мишин Николаева»",
        "Адрес": "с. Новая Игирма, наб. Заречная, д. 3, 501727",
        "Количество_этажей": 38,
        "Количество_квартир": 266,
        "Год_постройки": "2002",
        "Тип_материала": "железобетон",
        "Площадь_квартиры": 170,
        "Количество_жителей": 471,
        "Наличие_лифта": true,
        "Наличие_охраны": false,
        "Наличие_парковки": false,
        "Расход_энергии_на_дом": 21648,
        "Наличие_спортивного_зала": true,
        "Расстояние_до_центра": 9,
        "Расстояние_до_метро": 8,
        "Расстояние_до_школы": 5
    },
    {
        "Название": "РАО «Моисеева-Капустин»",
        "Адрес": "к. Северо-Курильск, наб. Крылова, д. 289 стр. 8/7, 761692",
        "Количество_этажей": 37,
        "Количество_квартир": 259,
        "Год_постройки": "2010",
        "Тип_материала": "железобетон",
        "Площадь_квартиры": 83,
        "Количество_жителей": 136,
        "Наличие_лифта": true,
        "Наличие_охраны": false,
        "Наличие_парковки": false,
        "Расход_энергии_на_дом": 26576,
        "Наличие_спортивного_зала": true,
        "Расстояние_до_центра": 20,
        "Расстояние_до_метро": 7,
        "Расстояние_до_школы": 3
    },
    {
        "Название": "Гленкор Агро Мзк (Firada)",
        "Адрес": "ст. Краснокамск, бул. Полтавский, д. 4/4, 295080",
        "Количество_этажей": 40,
        "Количество_квартир": 280,
        "Год_постройки": "2003",
        "Тип_материала": "кирпич",
        "Площадь_квартиры": 79,
        "Количество_жителей": 194,
        "Наличие_лифта": false,
        "Наличие_охраны": false,
        "Наличие_парковки": true,
        "Расход_энергии_на_дом": 11609,
        "Наличие_спортивного_зала": false,
        "Расстояние_до_центра": 9,
        "Расстояние_до_метро": 8,
        "Расстояние_до_школы": 2
    },
    {
        "Название": "СТД Петрович",
        "Адрес": "клх Усть-Илимск, алл. Шмидта, д. 4, 442460",
        "Количество_этажей": 46,
        "Количество_квартир": 322,
        "Год_постройки": "1983",
        "Тип_материала": "стекло",
        "Площадь_квартиры": 157,
        "Количество_жителей": 295,
        "Наличие_лифта": true,
        "Наличие_охраны": false,
        "Наличие_парковки": true,
        "Расход_энергии_на_дом": 40366,
        "Наличие_спортивного_зала": false,
        "Расстояние_до_центра": 13,
        "Расстояние_до_метро": 6,
        "Расстояние_до_школы": 2
    },
    {
        "Название": "АО «Тетерина»",
        "Адрес": "г. Сосьва (Хант.), наб. 50 лет ВЛКСМ, д. 733, 357349",
        "Количество_этажей": 35,
        "Количество_квартир": 245,
        "Год_постройки": "2013",
        "Тип_материала": "железобетон",
        "Площадь_квартиры": 199,
        "Количество_жителей": 308,
        "Наличие_лифта": true,
        "Наличие_охраны": false,
        "Наличие_парковки": true,
        "Расход_энергии_на_дом": 48536,
        "Наличие_спортивного_зала": true,
        "Расстояние_до_центра": 20,
        "Расстояние_до_метро": 5,
        "Расстояние_до_школы": 2
    },
    {
        "Название": "ОАО «Котов-Быков»",
        "Адрес": "г. Петропавловск-Камчатский, ул. Водопроводная, д. 86, 605212",
        "Количество_этажей": 36,
        "Количество_квартир": 252,
        "Год_постройки": "2000",
        "Тип_материала": "кирпич",
        "Площадь_квартиры": 193,
        "Количество_жителей": 50,
        "Наличие_лифта": true,
        "Наличие_охраны": true,
        "Наличие_парковки": false,
        "Расход_энергии_на_дом": 32158,
        "Наличие_спортивного_зала": true,
        "Расстояние_до_центра": 10,
        "Расстояние_до_метро": 5,
        "Расстояние_до_школы": 3
    },
    {
        "Название": "А.П.Р.",
        "Адрес": "ст. Борзя, пр. Шахтерский, д. 92, 252522",
        "Количество_этажей": 37,
        "Количество_квартир": 259,
        "Год_постройки": "1995",
        "Тип_материала": "железобетон",
        "Площадь_квартиры": 186,
        "Количество_жителей": 153,
        "Наличие_лифта": true,
        "Наличие_охраны": true,
        "Наличие_парковки": true,
        "Расход_энергии_на_дом": 31884,
        "Наличие_спортивного_зала": true,
        "Расстояние_до_центра": 3,
        "Расстояние_до_метро": 1,
        "Расстояние_до_школы": 4
    },
    {
        "Название": "ИП «Ситникова Степанова»",
        "Адрес": "клх Амурск, ул. Снежная, д. 6 к. 68, 210324",
        "Количество_этажей": 49,
        "Количество_квартир": 343,
        "Год_постройки": "1977",
        "Тип_материала": "железобетон",
        "Площадь_квартиры": 152,
        "Количество_жителей": 244,
        "Наличие_лифта": false,
        "Наличие_охраны": false,
        "Наличие_парковки": false,
        "Расход_энергии_на_дом": 43789,
        "Наличие_спортивного_зала": true,
        "Расстояние_до_центра": 17,
        "Расстояние_до_метро": 9,
        "Расстояние_до_школы": 1
    },
    {
        "Название": "РАО «Суворов-Никифоров»",
        "Адрес": "ст. Кашхатау, пр. Полярный, д. 4 к. 1, 728773",
        "Количество_этажей": 47,
        "Количество_квартир": 329,
        "Год_постройки": "1988",
        "Тип_материала": "стекло",
        "Площадь_квартиры": 71,
        "Количество_жителей": 81,
        "Наличие_лифта": true,
        "Наличие_охраны": true,
        "Наличие_парковки": false,
        "Расход_энергии_на_дом": 24280,
        "Наличие_спортивного_зала": false,
        "Расстояние_до_центра": 10,
        "Расстояние_до_метро": 2,
        "Расстояние_до_школы": 2
    },
    {
        "Название": "ЗАО «Журавлева, Фокина и Яковлева»",
        "Адрес": "к. Ковров, наб. Дорожников, д. 11 стр. 467, 848740",
        "Количество_этажей": 24,
        "Количество_квартир": 168,
        "Год_постройки": "1970",
        "Тип_материала": "стекло",
        "Площадь_квартиры": 54,
        "Количество_жителей": 484,
        "Наличие_лифта": false,
        "Наличие_охраны": true,
        "Наличие_парковки": true,
        "Расход_энергии_на_дом": 23217,
        "Наличие_спортивного_зала": false,
        "Расстояние_до_центра": 4,
        "Расстояние_до_метро": 2,
        "Расстояние_до_школы": 3
    },
    {
        "Название": "Игнатьев Групп",
        "Адрес": "ст. Тихорецк, ул. Строительная, д. 8/1, 050794",
        "Количество_этажей": 29,
        "Количество_квартир": 203,
        "Год_постройки": "1984",
        "Тип_материала": "железобетон",
        "Площадь_квартиры": 122,
        "Количество_жителей": 76,
        "Наличие_лифта": true,
        "Наличие_охраны": true,
        "Наличие_парковки": true,
        "Расход_энергии_на_дом": 31232,
        "Наличие_спортивного_зала": false,
        "Расстояние_до_центра": 19,
        "Расстояние_до_метро": 1,
        "Расстояние_до_школы": 3
    },
    {
        "Название": "НПО «Михеев Капустина»",
        "Адрес": "д. Урюпинск, пр. Фурманова, д. 9 к. 63, 734053",
        "Количество_этажей": 41,
        "Количество_квартир": 287,
        "Год_постройки": "1998",
        "Тип_материала": "железобетон",
        "Площадь_квартиры": 126,
        "Количество_жителей": 416,
        "Наличие_лифта": true,
        "Наличие_охраны": false,
        "Наличие_парковки": true,
        "Расход_энергии_на_дом": 23135,
        "Наличие_спортивного_зала": true,
        "Расстояние_до_центра": 6,
        "Расстояние_до_метро": 8,
        "Расстояние_до_школы": 2
    },
    {
        "Название": "ООО «Дроздова-Смирнов»",
        "Адрес": "г. Анива, наб. Больничная, д. 99 стр. 3, 605959",
        "Количество_этажей": 36,
        "Количество_квартир": 252,
        "Год_постройки": "1984",
        "Тип_материала": "стекло",
        "Площадь_квартиры": 145,
        "Количество_жителей": 463,
        "Наличие_лифта": true,
        "Наличие_охраны": true,
        "Наличие_парковки": false,
        "Расход_энергии_на_дом": 26123,
        "Наличие_спортивного_зала": true,
        "Расстояние_до_центра": 1,
        "Расстояние_до_метро": 7,
        "Расстояние_до_школы": 5
    }
]