[
    {
        "Название": "НПО «Никифоров, Елисеев и Фролова»",
        "Адрес": "д. Карабудахкент, ш. Краснознаменное, д. 628, 543102",
        "Количество_этажей": 31,
        "Количество_квартир": 217,
        "Год_постройки": "2009",
        "Тип_материала": "железобетон",
        "Площадь_квартиры": 53,
        "Количество_жителей": 415,
        "Наличие_лифта": false,
        "Наличие_охраны": false,
        "Наличие_парковки": true,
        "Расход_энергии_на_дом": 43156,
        "Наличие_спортивного_зала": false,
        "Расстояние_до_центра": 15,
        "Расстояние_до_метро": 3,
        "Расстояние_до_школы": 3
    },
    {
        "Название": "Завод имени Дегтярева",
        "Адрес": "п. Йошкар-Ола, бул. Жданова, д. 8 к. 1, 398486",
        "Количество_этажей": 50,
        "Количество_квартир": 350,
        "Год_постройки": "2010",
        "Тип_материала": "стекло",
        "Площадь_квартиры": 150,
        "Количество_жителей": 106,
        "Наличие_лифта": true,
        "Наличие_охраны": false,
        "Наличие_парковки": false,
        "Расход_энергии_на_дом": 39202,
        "Наличие_спортивного_зала": true,
        "Расстояние_до_центра": 4,
        "Расстояние_до_метро": 2,
        "Расстояние_до_школы": 5
    },
    {
        "Название": "НК Дулисьма",
        "Адрес": "с. Звенигород, ул. Тельмана, д. 7 стр. 640, 381294",
        "Количество_этажей": 50,
        "Количество_квартир": 350,
        "Год_постройки": "2022",
        "Тип_материала": "железобетон",
        "Площадь_квартиры": 88,
        "Количество_жителей": 334,
        "Наличие_лифта": true,
        "Наличие_охраны": true,
        "Наличие_парковки": false,
        "Расход_энергии_на_дом": 10742,
        "Наличие_спортивного_зала": true,
        "Расстояние_до_центра": 8,
        "Расстояние_до_метро": 6,
        "Расстояние_до_школы": 3
    },
    {
        "Название": "Нижнекамскнефтехим",
        "Адрес": "ст. Курумкан, пер. 60 лет СССР, д. 6 стр. 9, 893218",
        "Количество_этажей": 37,
        "Количество_квартир": 259,
        "Год_постройки": "1994",
        "Тип_материала": "кирпич",
        "Площадь_квартиры": 150,
        "Количество_жителей": 425,
        "Наличие_лифта": false,
        "Наличие_охраны": true,
        "Наличие_парковки": true,
        "Расход_энергии_на_дом": 25288,
        "Наличие_спортивного_зала": true,
        "Расстояние_до_центра": 10,
        "Расстояние_до_метро": 7,
        "Расстояние_до_школы": 1
    },
    {
        "Название": "Попов Лтд",
        "Адрес": "к. Анива, ш. Карьерное, д. 6 к. 908, 795666",
        "Количество_этажей": 29,
        "Количество_квартир": 203,
        "Год_постройки": "1975",
        "Тип_материала": "кирпич",
        "Площадь_квартиры": 130,
        "Количество_жителей": 115,
        "Наличие_лифта": true,
        "Наличие_охраны": true,
        "Наличие_парковки": false,
        "Расход_энергии_на_дом": 29520,
        "Наличие_спортивного_зала": false,
        "Расстояние_до_центра": 8,
        "Расстояние_до_метро": 4,
        "Расстояние_до_школы": 2
    },
    {
        "Название": "РАО «Самойлова Герасимов»",
        "Адрес": "ст. Звенигород, бул. Дружбы, д. 6/4, 627182",
        "Количество_этажей": 28,
        "Количество_квартир": 196,
        "Год_постройки": "1996",
        "Тип_материала": "железобетон",
        "Площадь_квартиры": 174,
        "Количество_жителей": 84,
        "Наличие_лифта": true,
        "Наличие_охраны": false,
        "Наличие_парковки": true,
        "Расход_энергии_на_дом": 11565,
        "Наличие_спортивного_зала": true,
        "Расстояние_до_центра": 11,
        "Расстояние_до_метро": 4,
        "Расстояние_до_школы": 5
    },
    {
        "Название": "ООО «Осипов»",
        "Адрес": "п. Хужир, бул. Фурманова, д. 555, 739489",
        "Количество_этажей": 34,
        "Количество_квартир": 238,
        "Год_постройки": "2004",
        "Тип_материала": "железобетон",
        "Площадь_квартиры": 145,
        "Количество_жителей": 95,
        "Наличие_лифта": true,
        "Наличие_охраны": false,
        "Наличие_парковки": false,
        "Расход_энергии_на_дом": 10623,
        "Наличие_спортивного_зала": false,
        "Расстояние_до_центра": 4,
        "Расстояние_до_метро": 8,
        "Расстояние_до_школы": 3
    },
    {
        "Название": "ЗАО «Мамонтов, Казакова и Жданов»",
        "Адрес": "г. Краснодар, ул. Производственная, д. 610, 844387",
        "Количество_этажей": 34,
        "Количество_квартир": 238,
        "Год_постройки": "2022",
        "Тип_материала": "стекло",
        "Площадь_квартиры": 99,
        "Количество_жителей": 442,
        "Наличие_лифта": true,
        "Наличие_охраны": true,
        "Наличие_парковки": true,
        "Расход_энергии_на_дом": 43090,
        "Наличие_спортивного_зала": true,
        "Расстояние_до_центра": 4,
        "Расстояние_до_метро": 1,
        "Расстояние_до_школы": 4
    },
    {
        "Название": "АО «Королев Егорова»",
        "Адрес": "д. Нижний Тагил, ул. Каштановая, д. 57 стр. 1/3, 298186",
        "Количество_этажей": 26,
        "Количество_квартир": 182,
        "Год_постройки": "1978",
        "Тип_материала": "стекло",
        "Площадь_квартиры": 190,
        "Количество_жителей": 190,
        "Наличие_лифта": true,
        "Наличие_охраны": true,
        "Наличие_парковки": true,
        "Расход_энергии_на_дом": 35392,
        "Наличие_спортивного_зала": true,
        "Расстояние_до_центра": 2,
        "Расстояние_до_метро": 10,
        "Расстояние_до_школы": 2
    },
    {
        "Название": "МАКС",
        "Адрес": "г. Калевала, алл. Рабочая, д. 676 к. 435, 498196",
        "Количество_этажей": 47,
        "Количество_квартир": 329,
        "Год_постройки": "2018",
        "Тип_материала": "железобетон",
        "Площадь_квартиры": 127,
        "Количество_жителей": 221,
        "Наличие_лифта": true,
        "Наличие_охраны": false,
        "Наличие_парковки": false,
        "Расход_энергии_на_дом": 15470,
        "Наличие_спортивного_зала": true,
        "Расстояние_до_центра": 13,
        "Расстояние_до_метро": 10,
        "Расстояние_до_школы": 2
    },
    {
        "Название": "АО «Васильев Кондратьев»",
        "Адрес": "к. Куртамыш, ш. Ватутина, д. 4, 862775",
        "Количество_этажей": 23,
        "Количество_квартир": 161,
        "Год_постройки": "1976",
        "Тип_материала": "стекло",
        "Площадь_квартиры": 177,
        "Количество_жителей": 375,
        "Наличие_лифта": true,
        "Наличие_охраны": true,
        "Наличие_парковки": true,
        "Расход_энергии_на_дом": 25288,
        "Наличие_спортивного_зала": false,
        "Расстояние_до_центра": 16,
        "Расстояние_до_метро": 8,
        "Расстояние_до_школы": 2
    },
    {
        "Название": "Харитонова Лтд",
        "Адрес": "клх Добрянка, пр. Брянский, д. 2/5, 285611",
        "Количество_этажей": 41,
        "Количество_квартир": 287,
        "Год_постройки": "2006",
        "Тип_материала": "стекло",
        "Площадь_квартиры": 93,
        "Количество_жителей": 316,
        "Наличие_лифта": true,
        "Наличие_охраны": true,
        "Наличие_парковки": true,
        "Расход_энергии_на_дом": 23850,
        "Наличие_спортивного_зала": false,
        "Расстояние_до_центра": 11,
        "Расстояние_до_метро": 8,
        "Расстояние_до_школы": 1
    },
    {
        "Название": "БМВ Русланд Трейдинг (BMW)",
        "Адрес": "клх Сортавала, ш. Володарского, д. 750 стр. 606, 853772",
        "Количество_этажей": 23,
        "Количество_квартир": 161,
        "Год_постройки": "1997",
        "Тип_материала": "кирпич",
        "Площадь_квартиры": 143,
        "Количество_жителей": 373,
        "Наличие_лифта": true,
        "Наличие_охраны": false,
        "Наличие_парковки": false,
        "Расход_энергии_на_дом": 25279,
        "Наличие_спортивного_зала": true,
        "Расстояние_до_центра": 18,
        "Расстояние_до_метро": 7,
        "Расстояние_до_школы": 1
    },
    {
        "Название": "ВымпелКом",
        "Адрес": "к. Миасс, пер. Горняцкий, д. 6, 274767",
        "Количество_этажей": 44,
        "Количество_квартир": 308,
        "Год_постройки": "1999",
        "Тип_материала": "кирпич",
        "Площадь_квартиры": 128,
        "Количество_жителей": 452,
        "Наличие_лифта": true,
        "Наличие_охраны": true,
        "Наличие_парковки": true,
        "Расход_энергии_на_дом": 41256,
        "Наличие_спортивного_зала": true,
        "Расстояние_до_центра": 15,
        "Расстояние_до_метро": 10,
        "Расстояние_до_школы": 4
    },
    {
        "Название": "Марков Лтд",
        "Адрес": "клх Жиганск, ул. Новгородская, д. 80 стр. 305, 136955",
        "Количество_этажей": 41,
        "Количество_квартир": 287,
        "Год_постройки": "2018",
        "Тип_материала": "стекло",
        "Площадь_квартиры": 166,
        "Количество_жителей": 157,
        "Наличие_лифта": true,
        "Наличие_охраны": false,
        "Наличие_парковки": false,
        "Расход_энергии_на_дом": 36254,
        "Наличие_спортивного_зала": false,
        "Расстояние_до_центра": 2,
        "Расстояние_до_метро": 4,
        "Расстояние_до_школы": 4
    }
]